program,box_position,code,runtime_min
refmac,0,1A0F,0.217467
refmac,0,1A46,0.197067
refmac,0,1A4I,0.402633
refmac,0,1A7V,0.1128
refmac,0,1AJ6,0.1113
refmac,0,1AK5,0.724317
refmac,0,1ANU,0.115583
refmac,0,1APX,0.586983
refmac,0,1AQZ,0.186417
refmac,0,1B9K,0.139217
refmac,0,1BIA,0.14855
refmac,0,1BM7,0.146833
refmac,0,1BX0,0.2082
refmac,0,1BXE,0.120833
refmac,0,1BYW,0.090117
refmac,0,1C3F,0.15145
refmac,0,1CI0,0.185783
refmac,0,1CSM,0.314683
refmac,0,1DAW,0.2048
refmac,0,1DLM,0.307817
refmac,0,1DQ3,0.20765
refmac,0,1DQ8,0.53015
refmac,0,1E79,1.2552
refmac,0,1EJ1,0.1735
refmac,0,1EJH,0.330617
refmac,0,1ETE,0.269533
refmac,0,1EZW,0.615583
refmac,0,1F97,0.130317
refmac,0,1FG3,0.177117
refmac,0,1FIO,0.136083
refmac,0,1FKM,0.283633
refmac,0,1FSI,0.316233
refmac,0,1GHW,0.234017
refmac,0,1GPQ,0.310683
refmac,0,1GQ8,0.221167
refmac,0,1GQ9,0.16265
refmac,0,1GUI,0.15965
refmac,0,1GYJ,0.10315
refmac,0,1H8V,0.52955
refmac,0,1HN0,0.528833
refmac,0,1HNO,0.236583
refmac,0,1HTN,0.129183
refmac,0,1I1N,0.173567
refmac,0,1I3A,0.142717
refmac,0,1IDQ,0.479883
refmac,0,1IKN,0.3031
refmac,0,1ITK,0.789033
refmac,0,1J3P,0.20605
refmac,0,1J53,0.143017
refmac,0,1J5W,0.3451
refmac,0,1J8B,0.1123
refmac,0,1JAC,0.23945
refmac,0,1JAD,0.2139
refmac,0,1JN9,0.28385
refmac,0,1JU3,0.56795
refmac,0,1K6D,0.307433
refmac,0,1K7T,0.162783
refmac,0,1L9X,1.054183
refmac,0,1LNZ,0.20235
refmac,0,1M6E,0.1631
refmac,0,1N0L,0.241833
refmac,0,1N6J,0.178417
refmac,0,1O4V,0.199767
refmac,0,1O5T,0.2215
refmac,0,1O6D,0.149583
refmac,0,1OBR,0.32215
refmac,0,1OC0,0.185
refmac,0,1OE4,0.333383
refmac,0,1OMW,0.513633
refmac,0,1OSC,0.312267
refmac,0,1OY5,0.319083
refmac,0,1P3C,0.223667
refmac,0,1P4X,0.261783
refmac,0,1PG3,0.368033
refmac,0,1PJR,0.361933
refmac,0,1PXZ,0.445667
refmac,0,1Q15,0.70075
refmac,0,1QB5,0.265333
refmac,0,1QD9,0.255117
refmac,0,1QJV,0.235667
refmac,0,1QZN,0.140483
refmac,0,1R1K,0.2071
refmac,0,1R3U,0.185417
refmac,0,1RFX,0.220483
refmac,0,1RHC,0.26635
refmac,0,1RJ1,0.143767
refmac,0,1RJD,0.732433
refmac,0,1RKG,0.1767
refmac,0,1RZN,0.196017
refmac,0,1S1C,0.166417
refmac,0,1SO2,0.7162
refmac,0,1SOT,0.584233
refmac,0,1T3I,0.522817
refmac,0,1TE5,0.261217
refmac,0,1TGS,0.1774
refmac,0,1TML,0.10495
refmac,0,1TVL,0.303767
refmac,0,1U1I,0.625867
refmac,0,1UEF,0.141033
refmac,0,1UJK,0.202833
refmac,0,1UKV,0.508283
refmac,0,1UTB,0.289517
refmac,0,1UVQ,0.29925
refmac,0,1V8Q,0.12275
refmac,0,1VB3,0.2132
refmac,0,1VCE,0.3145
refmac,0,1VDD,0.38185
refmac,0,1VER,0.0987
refmac,0,1VK0,0.623517
refmac,0,1VLM,0.218
refmac,0,1VR4,0.223917
refmac,0,1W2Y,0.310933
refmac,0,1W8A,0.102233
refmac,0,1WD8,0.260817
refmac,0,1WDV,0.177717
refmac,0,1WLZ,0.25595
refmac,0,1WTJ,0.703667
refmac,0,1WTY,0.229133
refmac,0,1WU2,0.3412
refmac,0,1WV8,0.099583
refmac,0,1WW9,0.491067
refmac,0,1X1Q,0.2998
refmac,0,1X6O,0.171217
refmac,0,1XVS,0.178333
refmac,0,1XX1,0.73825
refmac,0,1Y7O,0.444917
refmac,0,1Y8Q,0.743367
refmac,0,1YEM,0.21915
refmac,0,1YK3,0.728
refmac,0,1YMQ,0.155117
refmac,0,1Z05,0.253567
refmac,0,1Z3X,0.213167
refmac,0,1ZEJ,0.466233
refmac,0,1ZJ8,0.323367
refmac,0,1ZKL,0.303267
refmac,0,1ZZ0,1.575933
refmac,0,2A25,0.142317
refmac,0,2A3V,0.699983
refmac,0,2A9S,0.193733
refmac,0,2ACJ,0.145783
refmac,0,2AE0,0.29595
refmac,0,2AG0,0.7992
refmac,0,2AHR,0.674283
refmac,0,2AP2,0.16365
refmac,0,2AQ4,0.306367
refmac,0,2B2N,0.425317
refmac,0,2B3X,0.380117
refmac,0,2B5E,0.35725
refmac,0,2B7O,0.460967
refmac,0,2BON,0.257683
refmac,0,2BTY,0.348433
refmac,0,2C8X,0.163883
refmac,0,2C90,0.163167
refmac,0,2CB4,1.1438
refmac,0,2CCH,1.112267
refmac,0,2CCM,0.25395
refmac,0,2CKL,0.192717
refmac,0,2CZV,0.3283
refmac,0,2D0T,0.329367
refmac,0,2D68,0.1524
refmac,0,2DOB,0.083867
refmac,0,2DQ6,2.082017
refmac,0,2DRY,0.149283
refmac,0,2DX6,0.195217
refmac,0,2E1M,0.224567
refmac,0,2EO4,0.163317
refmac,0,2EU9,0.451517
refmac,0,2EXU,0.127067
refmac,0,2F1F,0.37335
refmac,0,2F2E,0.195583
refmac,0,2F8L,0.248783
refmac,0,2F9I,0.716383
refmac,0,2F9Z,0.2435
refmac,0,2FEX,0.4309
refmac,0,2FFF,0.243933
refmac,0,2FH9,0.185983
refmac,0,2FTX,0.16885
refmac,0,2G9W,0.186733
refmac,0,2GA1,0.147883
refmac,0,2GA9,0.29575
refmac,0,2GD9,0.194617
refmac,0,2GT1,0.37715
refmac,0,2GUH,0.306283
refmac,0,2HXW,0.328617
refmac,0,2I53,0.222233
refmac,0,2I7H,0.577917
refmac,0,2IJE,0.167967
refmac,0,2IO7,0.3134
refmac,0,2IUC,0.420433
refmac,0,2IVF,0.8071
refmac,0,2IVM,0.198683
refmac,0,2JAC,0.1133
refmac,0,2JFN,0.211617
refmac,0,2JH3,1.074917
refmac,0,2NLY,0.1292
refmac,0,2NN4,0.122217
refmac,0,2NTX,0.565467
refmac,0,2NVN,0.111983
refmac,0,2OD8,0.354017
refmac,0,2OO2,0.0993
refmac,0,2OO3,0.142983
refmac,0,2P0U,0.435717
refmac,0,2P1L,0.343467
refmac,0,2P38,0.269367
refmac,0,2P62,0.304533
refmac,0,2P8J,0.290067
refmac,0,2P8Q,0.360583
refmac,0,2PAV,0.3295
refmac,0,2PJS,0.132833
refmac,0,2PK9,0.486367
refmac,0,2PN0,0.4472
refmac,0,2PQN,0.156583
refmac,0,2PQV,0.218817
refmac,0,2PY2,0.563967
refmac,0,2Q1Z,0.280967
refmac,0,2QCO,0.135567
refmac,0,2QE9,0.241417
refmac,0,2QH9,0.200033
refmac,0,2QHL,0.508417
refmac,0,2QKL,0.122617
refmac,0,2QL3,1.159883
refmac,0,2QM7,0.326767
refmac,0,2QML,0.205933
refmac,0,2QOS,0.15725
refmac,0,2QSV,0.159
refmac,0,2QYA,0.206517
refmac,0,2R5F,0.135217
refmac,0,2R6R,0.17925
refmac,0,2RCC,0.735
refmac,0,2RH3,0.113967
refmac,0,2V62,0.436467
refmac,0,2VEF,0.342167
refmac,0,2VUN,1.10015
refmac,0,2VZB,0.390883
refmac,0,2W3X,0.6436
refmac,0,2W9Y,0.124033
refmac,0,2WDZ,0.61995
refmac,0,2WNH,0.615283
refmac,0,2WP1,0.1844
refmac,0,2X1C,1.3207
refmac,0,2X26,0.36155
refmac,0,2XD0,0.386817
refmac,0,2XDO,0.5082
refmac,0,2XN4,0.222367
refmac,0,2XPI,0.372233
refmac,0,2XPL,0.129267
refmac,0,2XVS,0.120183
refmac,0,2Y9W,0.453517
refmac,0,2YEU,0.52945
refmac,0,2YFA,0.316467
refmac,0,2YGB,0.741183
refmac,0,2YGK,0.228083
refmac,0,2YJT,0.213833
refmac,0,2YN0,0.268633
refmac,0,2Z1D,0.299967
refmac,0,2Z1Z,0.33335
refmac,0,2Z7E,0.221817
refmac,0,2ZIU,0.187167
refmac,0,2ZME,0.25965
refmac,0,2ZON,0.668217
refmac,0,2ZUL,0.21435
refmac,0,3A58,0.522967
refmac,0,3ADO,0.237183
refmac,0,3AMH,0.2355
refmac,0,3AQG,0.1106
refmac,0,3ATQ,0.26845
refmac,0,3AV4,0.493233
refmac,0,3B2D,0.479483
refmac,0,3B8I,1.179433
refmac,0,3BCI,0.164317
refmac,0,3BGU,0.179533
refmac,0,3BJ6,0.191167
refmac,0,3BNK,0.1685
refmac,0,3BVQ,0.255733
refmac,0,3C7J,0.375217
refmac,0,3CAX,0.2675
refmac,0,3CB0,0.531133
refmac,0,3CB5,0.443333
refmac,0,3CBM,0.243317
refmac,0,3CGG,0.203333
refmac,0,3CMQ,0.2038
refmac,0,3CQO,0.359067
refmac,0,3CU3,0.148817
refmac,0,3CXM,0.283467
refmac,0,3D1M,0.431667
refmac,0,3D49,0.315233
refmac,0,3DEE,0.164617
refmac,0,3DIW,0.172317
refmac,0,3DJD,0.45055
refmac,0,3DJN,0.0908
refmac,0,3DLA,1.1452
refmac,0,3DXI,0.267933
refmac,0,3E7P,0.228183
refmac,0,3E8S,0.233867
refmac,0,3E8V,0.087633
refmac,0,3E98,0.173083
refmac,0,3E99,0.204317
refmac,0,3EC1,0.26785
refmac,0,3ED4,1.24725
refmac,0,3EFY,0.480733
refmac,0,3EUS,0.12175
refmac,0,3FBI,0.29305
refmac,0,3FJU,0.2451
refmac,0,3FKK,0.341217
refmac,0,3FPR,0.1498
refmac,0,3FVE,0.163
refmac,0,3G39,0.145267
refmac,0,3G3O,0.17115
refmac,0,3G6L,0.192783
refmac,0,3G85,0.22695
refmac,0,3GF6,0.252967
refmac,0,3GLR,0.2817
refmac,0,3GM5,0.11825
refmac,0,3GMV,0.137517
refmac,0,3GQU,0.152433
refmac,0,3GR5,0.197917
refmac,0,3GXQ,0.09495
refmac,0,3H1T,0.243483
refmac,0,3H6E,0.32065
refmac,0,3H6R,0.1558
refmac,0,3H7O,0.241617
refmac,0,3HBC,0.320717
refmac,0,3HHC,0.2756
refmac,0,3HL0,0.550917
refmac,0,3HST,0.33955
refmac,0,3HTK,0.292683
refmac,0,3HTV,0.208583
refmac,0,3I38,0.516233
refmac,0,3IC8,0.404533
refmac,0,3IHU,0.268733
refmac,0,3IUG,0.2889
refmac,0,3IVB,0.208067
refmac,0,3JST,0.130017
refmac,0,3JWH,0.18835
refmac,0,3KFW,0.14395
refmac,0,3KGR,0.177017
refmac,0,3KKD,0.329633
refmac,0,3KKE,0.378083
refmac,0,3KOL,0.126067
refmac,0,3KXR,0.18715
refmac,0,3KZP,0.2345
refmac,0,3L1W,1.250033
refmac,0,3L2H,0.443217
refmac,0,3L6F,0.239467
refmac,0,3LLI,0.2216
refmac,0,3LOC,0.318083
refmac,0,3LS0,0.110167
refmac,0,3LW3,0.194767
refmac,0,3M1T,0.267183
refmac,0,3M91,0.15985
refmac,0,3MB2,0.31535
refmac,0,3MKR,0.4954
refmac,0,3ML3,0.192967
refmac,0,3MML,0.881933
refmac,0,3MQ2,0.249217
refmac,0,3MV2,0.717583
refmac,0,3MYU,0.353967
refmac,0,3N39,0.29525
refmac,0,3N55,0.292833
refmac,0,3N5L,0.464833
refmac,0,3N74,0.339617
refmac,0,3N9U,0.424767
refmac,0,3NJE,0.1925
refmac,0,3NO8,0.1654
refmac,0,3OAP,0.157433
refmac,0,3OC7,0.37555
refmac,0,3OEC,0.609133
refmac,0,3OFJ,0.1112
refmac,0,3OOQ,2.346217
refmac,0,3P86,0.271983
refmac,0,3PFY,0.1389
refmac,0,3PPU,0.301017
refmac,0,3PZ8,0.392017
refmac,0,3QC1,0.145133
refmac,0,3QKL,0.238417
refmac,0,3QLA,0.265317
refmac,0,3QNM,0.173183
refmac,0,3QTA,0.26995
refmac,0,3QVJ,0.40445
refmac,0,3R0Q,0.399133
refmac,0,3R6B,0.093117
refmac,0,3RAZ,0.110033
refmac,0,3RLE,0.177217
refmac,0,3RQ4,0.1744
refmac,0,3RST,0.709183
refmac,0,3SF5,0.323383
refmac,0,3SHW,0.166567
refmac,0,3SOL,0.1154
refmac,0,3SUZ,0.157367
refmac,0,3T0Q,0.1569
refmac,0,3T9O,0.1556
refmac,0,3TCO,0.17885
refmac,0,3THF,0.1895
refmac,0,3TIX,0.450983
refmac,0,3TSZ,0.168217
refmac,0,3TU7,0.139217
refmac,0,3TVA,0.369717
refmac,0,3U1D,0.229833
refmac,0,3U2A,0.1092
refmac,0,3U66,0.11445
refmac,0,3U9L,0.229817
refmac,0,3UN9,0.369233
refmac,0,3UNG,0.30685
refmac,0,3UTN,0.221683
refmac,0,3UVO,0.148483
refmac,0,3V70,0.34125
refmac,0,3VD8,0.184317
refmac,0,3VEP,0.146067
refmac,0,3VFO,0.268783
refmac,0,3VFP,0.256883
refmac,0,3VHL,0.26145
refmac,0,3VPB,0.6606
refmac,0,3VRJ,0.245383
refmac,0,3VSM,0.440167
refmac,0,3VST,2.242317
refmac,0,3VUQ,0.338433
refmac,0,3VYN,0.224883
refmac,0,3W0L,0.6052
refmac,0,3W3T,0.342367
refmac,0,3W3W,0.477433
refmac,0,3W56,0.118267
refmac,0,3W8W,0.3901
refmac,0,3WNV,0.46265
refmac,0,3WTQ,0.1792
refmac,0,3WW1,0.333117
refmac,0,3X0X,1.92075
refmac,0,3ZH9,0.23145
refmac,0,3ZIE,0.280317
refmac,0,4AK1,0.690883
refmac,0,4ALY,0.204417
refmac,0,4AOM,0.110417
refmac,0,4AUP,0.158933
refmac,0,4B18,0.213633
refmac,0,4BU1,0.22045
refmac,0,4BVE,0.211433
refmac,0,4BX9,0.6423
refmac,0,4C1S,0.315583
refmac,0,4C6R,0.30465
refmac,0,4CE5,0.731283
refmac,0,4CGB,0.09825
refmac,0,4CH9,0.3439
refmac,0,4CKT,0.131033
refmac,0,4CLF,0.574167
refmac,0,4CSO,0.361733
refmac,0,4D51,0.218283
refmac,0,4DA2,0.284583
refmac,0,4DOV,0.212767
refmac,0,4EOY,0.17915
refmac,0,4EWI,0.134717
refmac,0,4EX5,0.429617
refmac,0,4F0F,0.235833
refmac,0,4F27,0.3091
refmac,0,4FC4,1.157117
refmac,0,4FE9,0.31505
refmac,0,4FIX,0.8444
refmac,0,4FYU,0.4706
refmac,0,4G3H,0.550983
refmac,0,4GMV,0.29785
refmac,0,4H9D,0.208683
refmac,0,4HIA,0.18535
refmac,0,4HJW,0.46375
refmac,0,4HKA,0.290283
refmac,0,4HUJ,0.2506
refmac,0,4ICH,0.201367
refmac,0,4IDI,0.239633
refmac,0,4JGX,0.1559
refmac,0,4JHN,0.753917
refmac,0,4JX2,0.342517
refmac,0,4K36,0.524267
refmac,0,4KH9,0.342467
refmac,0,4KYQ,0.167617
refmac,0,4L7Z,0.744617
refmac,0,4L9U,0.12605
refmac,0,4LD7,1.678033
refmac,0,4LZ2,0.127033
refmac,0,4MAA,0.1723
refmac,0,4ME9,0.17085
refmac,0,4MG5,0.256067
refmac,0,4MG6,0.23825
refmac,0,4MJG,0.166617
refmac,0,4N39,0.52235
refmac,0,4N5X,0.112967
refmac,0,4NPJ,0.343767
refmac,0,4NUF,0.168967
refmac,0,4NWZ,0.573667
refmac,0,4O62,0.337917
refmac,0,4O92,0.1176
refmac,0,4OC8,0.4685
refmac,0,4OF8,0.482867
refmac,0,4OFF,0.103917
refmac,0,4OX3,0.154267
refmac,0,4PDE,0.1234
refmac,0,4PFS,0.213533
refmac,0,4PQZ,0.111433
refmac,0,4PRA,0.281533
refmac,0,4PSI,0.1303
refmac,0,4PV4,0.699883
refmac,0,4Q13,0.20685
refmac,0,4Q63,0.108833
refmac,0,4QH8,0.261583
refmac,0,4QKO,0.5048
refmac,0,4QN8,0.2759
refmac,0,4QQR,0.214717
refmac,0,4QTP,0.280283
refmac,0,4QXA,0.157583
refmac,0,4R10,0.32755
refmac,0,4RHO,0.2133
refmac,0,4RK2,0.517733
refmac,0,4RO5,0.2731
refmac,0,4RQM,0.148083
refmac,0,4TWL,0.294
refmac,0,4U7A,0.358133
refmac,0,4UCI,0.390367
refmac,0,4UDA,0.162517
refmac,0,4UDP,0.415
refmac,0,4UWX,0.647417
refmac,0,4UYI,0.20225
refmac,0,4V15,0.519617
refmac,0,4W2R,0.623083
refmac,0,4WAL,0.13405
refmac,0,4WIP,0.13435
refmac,0,4WWM,0.125917
refmac,0,4X3E,0.1614
refmac,0,4XLG,0.463517
refmac,0,4ZSF,0.261783
refmac,0,4ZV9,0.687033
refmac,0,5A0T,0.6111
refmac,0,5AA5,1.979717
refmac,0,5AD0,0.1309
refmac,0,5B5I,0.117617
refmac,0,5B5Q,0.247117
refmac,0,5BOV,0.937767
refmac,0,5BV6,0.108383
refmac,0,5C5V,0.473417
refmac,0,5C7F,0.3311
refmac,0,5C8H,0.105967
refmac,0,5CVR,0.21765
refmac,0,5D5H,0.254567
refmac,0,5DAY,0.189767
refmac,0,5DBE,0.1612
refmac,0,5DRM,0.228667
refmac,0,5E15,0.208833
refmac,0,5EBB,0.4573
refmac,0,5EG2,0.3146
refmac,0,5EGE,0.721883
refmac,0,5ETA,0.280317
refmac,0,5G09,0.92175
refmac,0,5G23,0.45345
refmac,0,5G4I,0.81795
refmac,0,5GHR,0.43745
refmac,0,5GJM,0.264683
refmac,0,5GKV,0.19225
refmac,0,5GOX,0.1667
refmac,0,5GZI,0.381483
refmac,0,5H5Y,0.27985
refmac,0,5HRJ,0.1091
refmac,0,5I2H,0.5312
refmac,0,5I47,0.223517
refmac,0,5I9E,0.6314
refmac,0,5IAW,0.215017
refmac,0,5IQM,0.223717
refmac,0,5IY4,0.31095
refmac,0,5IYX,0.31615
refmac,0,5J0A,0.277917
refmac,0,5J4A,0.22415
refmac,0,5J9K,0.2291
refmac,0,5JD9,0.322483
refmac,0,5JHO,0.238583
refmac,0,5JI5,0.186017
refmac,0,5JTA,0.388467
refmac,0,5K2X,0.336883
refmac,0,5K6S,0.198083
refmac,0,5LTD,0.226433
refmac,0,5LU2,0.24145
refmac,0,5LW0,0.331317
refmac,0,5ME9,0.42005
refmac,0,5MLK,0.50035
refmac,0,5MLZ,0.33165
refmac,0,5MXY,0.1027
refmac,0,5N6H,0.338783
refmac,0,5N8R,1.37305
refmac,0,5NTB,0.186933
refmac,0,5O6B,0.706183
refmac,0,5OF1,0.237767
refmac,0,5OF9,0.67085
refmac,0,5OMB,0.33495
refmac,0,5OU8,0.252283
refmac,0,5Q1D,0.455967
refmac,0,5Q1H,0.503217
refmac,0,5SVE,0.247817
refmac,0,5T0K,0.415417
refmac,0,5T0M,0.3017
refmac,0,5T1G,0.152583
refmac,0,5TDY,0.1711
refmac,0,5TJA,0.193267
refmac,0,5TLD,0.2059
refmac,0,5TM9,0.203017
refmac,0,5TTA,0.262567
refmac,0,5TV7,0.253633
refmac,0,5U6K,0.636317
refmac,0,5UQP,0.197567
refmac,0,5UV4,0.156233
refmac,0,5UX5,1.308383
refmac,0,5UXG,0.35215
refmac,0,5UZU,0.3327
refmac,0,5V8W,0.352117
refmac,0,5VIA,0.242433
refmac,0,5VLB,1.05845
refmac,0,5VQG,0.125083
refmac,0,5WB4,0.617367
refmac,0,5WJQ,0.171267
refmac,0,5WRR,0.582717
refmac,0,5WWW,0.123183
refmac,0,5X6S,0.46155
refmac,0,5XG9,0.421917
refmac,0,5XHW,0.171533
refmac,0,5XMZ,0.11365
refmac,0,5XRW,0.1458
refmac,0,5XUK,0.147033
refmac,0,5XUQ,0.144867
refmac,0,5XVW,0.331167
refmac,0,5Y9I,0.1714
refmac,0,5YAY,0.2453
refmac,0,5Z6D,0.2947
refmac,0,5Z6V,0.1254
refmac,0,5Z8L,0.154083
refmac,0,5ZOO,0.306367
refmac,0,6A0E,0.319517
refmac,0,6A93,0.1564
refmac,0,6AF3,0.299867
refmac,0,6AGI,0.242333
refmac,0,6B8Q,0.3047
refmac,0,6CGO,0.577917
refmac,0,6COK,0.16565
refmac,0,6CQL,0.335017
refmac,0,6CW5,0.219533
refmac,0,6D2V,0.319983
refmac,0,6D97,0.893783
refmac,0,6DDT,0.394017
refmac,0,6DF3,0.31015
refmac,0,6E0M,0.279767
refmac,0,6EC7,0.367617
refmac,0,6EUS,0.908983
refmac,0,6EWJ,0.84615
refmac,0,6EYS,0.719467
refmac,0,6F1S,0.10115
refmac,0,6FJU,0.2652
refmac,0,6FOK,1.529183
refmac,0,6FX6,0.127217
refmac,0,6GBS,0.403817
refmac,0,6GP7,0.104567
refmac,0,6GXS,0.9181
refmac,0,6HFG,0.12785
refmac,0,6I1R,0.268967
refmac,0,6I50,0.221817
refmac,0,6IIW,0.12435
refmac,0,6IQJ,0.1508
refmac,0,6IR8,0.109817
refmac,0,6J17,0.154583
refmac,0,6J72,0.390817
refmac,0,6J7Y,0.257583
refmac,0,6JC4,0.559967
refmac,0,6JJW,0.195067
refmac,0,6JZA,0.093617
refmac,0,6K6R,0.154283
refmac,0,6L8E,0.61425
refmac,0,6L9F,0.345833
refmac,0,6LKG,0.455583
refmac,0,6M20,0.796667
refmac,0,6N5U,0.17225
refmac,0,6O6N,0.167767
refmac,0,6OHI,0.275
refmac,0,6PEU,0.8023
refmac,0,6PJQ,0.150533
refmac,0,6PNP,0.221483
refmac,0,6PUP,0.131633
refmac,0,6R0L,0.091017
refmac,0,6R6T,0.3484
refmac,0,6RFT,0.8411
refmac,0,6RPT,0.259883
refmac,0,6RR0,0.503817
refmac,0,6RSN,0.111067
refmac,0,6S2P,0.179483
refmac,0,6SRB,0.3924
refmac,0,6SXW,0.082683
refmac,0,6T80,0.301217
refmac,0,6TCT,0.3988
refmac,0,6TT5,0.262083
refmac,0,6TWJ,0.392233
refmac,0,6U2D,0.1659
refmac,0,6U75,0.203467
refmac,0,6UB7,0.19375
refmac,0,6V7M,0.125833
refmac,0,6VD8,0.104467
refmac,0,6VHI,0.0961
refmac,0,6VPT,0.200083
refmac,0,6VS7,0.46145
refmac,0,6W9K,0.3613
refmac,0,6WT6,0.176183
refmac,0,6XZ6,0.2335
refmac,0,6YFV,0.350833
refmac,0,6Z1S,0.295117
refmac,0,6Z3U,0.420817
refmac,0,6ZH1,0.1944
refmac,0,6ZUW,0.199217
refmac,0,7AUI,0.13895
refmac,0,7BV5,0.4433
refmac,0,7BW1,0.28715
refmac,0,7C7E,0.150167
refmac,0,7CFD,0.7066
refmac,0,7CWW,0.22175
refmac,0,7D86,0.135767
refmac,0,7DUF,0.0985
refmac,0,7E2E,0.192417
refmac,0,7EWF,0.298
refmac,0,7F9K,0.103333
refmac,0,7F9M,0.2759
refmac,0,7FHR,0.4377
refmac,0,7JI4,0.099533
refmac,0,7JN9,0.0979
refmac,0,7K3J,0.3137
refmac,0,7KQ0,0.420683
refmac,0,7LF4,0.409383
phenix,1,1A0F,4.059967
phenix,1,1A46,3.359983
phenix,1,1A4I,6.23735
phenix,1,1A7V,3.047783
phenix,1,1AJ6,2.917633
phenix,1,1AK5,5.370267
phenix,1,1ANU,2.7096
phenix,1,1APX,7.2584
phenix,1,1AQZ,3.85525
phenix,1,1B9K,3.1586
phenix,1,1BIA,3.5516
phenix,1,1BM7,3.184183
phenix,1,1BX0,3.9106
phenix,1,1BXE,2.89255
phenix,1,1BYW,2.534267
phenix,1,1C3F,3.4392
phenix,1,1CI0,3.861733
phenix,1,1CSM,4.919383
phenix,1,1DAW,3.915083
phenix,1,1DLM,5.1387
phenix,1,1DQ3,3.7972
phenix,1,1DQ8,9.3174
phenix,1,1E79,16.863
phenix,1,1EJ1,3.5083
phenix,1,1EJH,6.0745
phenix,1,1ETE,4.435383
phenix,1,1EZW,7.021217
phenix,1,1F97,2.63065
phenix,1,1FG3,3.3097
phenix,1,1FIO,2.859433
phenix,1,1FKM,4.919283
phenix,1,1FSI,5.181267
phenix,1,1GHW,3.586383
phenix,1,1GPQ,5.166167
phenix,1,1GQ8,3.809983
phenix,1,1GQ9,3.614017
phenix,1,1GUI,3.131717
phenix,1,1GYJ,2.50455
phenix,1,1H8V,8.156417
phenix,1,1HN0,7.596667
phenix,1,1HNO,3.263983
phenix,1,1HTN,2.321517
phenix,1,1I1N,3.3335
phenix,1,1I3A,2.977783
phenix,1,1IDQ,5.920817
phenix,1,1IKN,5.00705
phenix,1,1ITK,10.778217
phenix,1,1J3P,3.802867
phenix,1,1J53,3.018533
phenix,1,1J5W,5.508433
phenix,1,1J8B,2.315467
phenix,1,1JAC,4.830033
phenix,1,1JAD,3.937533
phenix,1,1JN9,4.819767
phenix,1,1JU3,9.845
phenix,1,1K6D,4.536517
phenix,1,1K7T,3.2139
phenix,1,1L9X,11.48595
phenix,1,1LNZ,4.0489
phenix,1,1M6E,3.460183
phenix,1,1N0L,4.33995
phenix,1,1N6J,3.157283
phenix,1,1O4V,3.461317
phenix,1,1O5T,4.045517
phenix,1,1O6D,2.94685
phenix,1,1OBR,4.571
phenix,1,1OC0,3.748617
phenix,1,1OE4,5.0741
phenix,1,1OMW,6.399267
phenix,1,1OSC,5.318517
phenix,1,1OY5,5.042883
phenix,1,1P3C,4.1079
phenix,1,1P4X,4.472817
phenix,1,1PG3,7.1213
phenix,1,1PJR,5.590833
phenix,1,1PXZ,6.707283
phenix,1,1Q15,10.200783
phenix,1,1QB5,4.578033
phenix,1,1QD9,4.672967
phenix,1,1QJV,4.706783
phenix,1,1QZN,2.937117
phenix,1,1R1K,3.644317
phenix,1,1R3U,3.461583
phenix,1,1RFX,3.680517
phenix,1,1RHC,4.4464
phenix,1,1RJ1,2.76245
phenix,1,1RJD,9.753233
phenix,1,1RKG,3.2714
phenix,1,1RZN,3.5331
phenix,1,1S1C,3.326617
phenix,1,1SO2,9.29745
phenix,1,1SOT,7.0243
phenix,1,1T3I,7.592333
phenix,1,1TE5,4.550517
phenix,1,1TGS,3.492317
phenix,1,1TML,2.644483
phenix,1,1TVL,4.801667
phenix,1,1U1I,9.814033
phenix,1,1UEF,2.847517
phenix,1,1UJK,3.64465
phenix,1,1UKV,7.359383
phenix,1,1UTB,4.76935
phenix,1,1UVQ,4.42285
phenix,1,1V8Q,3.086133
phenix,1,1VB3,4.4227
phenix,1,1VCE,5.465383
phenix,1,1VDD,6.05325
phenix,1,1VER,2.442367
phenix,1,1VK0,9.348583
phenix,1,1VLM,3.929733
phenix,1,1VR4,4.044567
phenix,1,1W2Y,5.499267
phenix,1,1W8A,2.607233
phenix,1,1WD8,4.440633
phenix,1,1WDV,3.781183
phenix,1,1WLZ,4.6202
phenix,1,1WTJ,8.001583
phenix,1,1WTY,4.527783
phenix,1,1WU2,5.702883
phenix,1,1WV8,2.38965
phenix,1,1WW9,6.478667
phenix,1,1X1Q,5.285867
phenix,1,1X6O,3.637433
phenix,1,1XVS,3.335783
phenix,1,1XX1,10.465267
phenix,1,1Y7O,6.8171
phenix,1,1Y8Q,10.1812
phenix,1,1YEM,3.6883
phenix,1,1YK3,9.367383
phenix,1,1YMQ,2.823267
phenix,1,1Z05,3.799217
phenix,1,1Z3X,3.355633
phenix,1,1ZEJ,3.699133
phenix,1,1ZJ8,5.6699
phenix,1,1ZKL,4.870867
phenix,1,1ZZ0,14.764083
phenix,1,2A25,2.365467
phenix,1,2A3V,7.95485
phenix,1,2A9S,3.356917
phenix,1,2ACJ,2.594067
phenix,1,2AE0,4.394683
phenix,1,2AG0,11.268517
phenix,1,2AHR,7.631233
phenix,1,2AP2,2.500333
phenix,1,2AQ4,4.343167
phenix,1,2B2N,5.931333
phenix,1,2B3X,5.2444
phenix,1,2B5E,3.917867
phenix,1,2B7O,6.66485
phenix,1,2BON,4.326117
phenix,1,2BTY,4.734383
phenix,1,2C8X,2.621933
phenix,1,2C90,2.6016
phenix,1,2CB4,15.540217
phenix,1,2CCH,11.4165
phenix,1,2CCM,3.920033
phenix,1,2CKL,2.774917
phenix,1,2CZV,5.0212
phenix,1,2D0T,5.1912
phenix,1,2D68,2.555717
phenix,1,2DOB,1.874283
phenix,1,2DQ6,14.66275
phenix,1,2DRY,2.845
phenix,1,2DX6,3.129867
phenix,1,2E1M,3.492383
phenix,1,2EO4,2.887983
phenix,1,2EU9,5.4063
phenix,1,2EXU,2.1572
phenix,1,2F1F,4.204267
phenix,1,2F2E,3.183183
phenix,1,2F8L,3.59945
phenix,1,2F9I,8.051117
phenix,1,2F9Z,4.219567
phenix,1,2FEX,6.02585
phenix,1,2FFF,3.820117
phenix,1,2FH9,2.651417
phenix,1,2FTX,3.13595
phenix,1,2G9W,2.984333
phenix,1,2GA1,2.669833
phenix,1,2GA9,7.427617
phenix,1,2GD9,3.279733
phenix,1,2GT1,5.156417
phenix,1,2GUH,4.632733
phenix,1,2HXW,4.8845
phenix,1,2I53,3.619167
phenix,1,2I7H,7.351233
phenix,1,2IJE,3.027867
phenix,1,2IO7,6.249117
phenix,1,2IUC,5.346917
phenix,1,2IVF,9.928783
phenix,1,2IVM,3.31175
phenix,1,2JAC,2.209567
phenix,1,2JFN,3.451533
phenix,1,2JH3,13.045833
phenix,1,2NLY,2.628017
phenix,1,2NN4,2.5805
phenix,1,2NTX,7.066283
phenix,1,2NVN,2.28535
phenix,1,2OD8,3.44575
phenix,1,2OO2,2.09655
phenix,1,2OO3,3.051083
phenix,1,2P0U,6.890133
phenix,1,2P1L,4.8669
phenix,1,2P38,3.9582
phenix,1,2P62,4.963517
phenix,1,2P8J,4.537283
phenix,1,2P8Q,5.561933
phenix,1,2PAV,4.414683
phenix,1,2PJS,2.632183
phenix,1,2PK9,6.488717
phenix,1,2PN0,4.982833
phenix,1,2PQN,2.483267
phenix,1,2PQV,3.505733
phenix,1,2PY2,7.164533
phenix,1,2Q1Z,3.943517
phenix,1,2QCO,2.594983
phenix,1,2QE9,3.693233
phenix,1,2QH9,3.302733
phenix,1,2QHL,6.959117
phenix,1,2QKL,2.580433
phenix,1,2QL3,13.622233
phenix,1,2QM7,4.678883
phenix,1,2QML,3.389533
phenix,1,2QOS,2.656767
phenix,1,2QSV,3.066767
phenix,1,2QYA,3.353383
phenix,1,2R5F,2.552567
phenix,1,2R6R,2.84775
phenix,1,2RCC,7.48885
phenix,1,2RH3,1.922583
phenix,1,2V62,5.827117
phenix,1,2VEF,4.8167
phenix,1,2VUN,13.755467
phenix,1,2VZB,5.39545
phenix,1,2W3X,7.510633
phenix,1,2W9Y,2.0612
phenix,1,2WDZ,7.119467
phenix,1,2WNH,8.472117
phenix,1,2WP1,2.670783
phenix,1,2X1C,11.337433
phenix,1,2X26,5.347167
phenix,1,2XD0,5.4505
phenix,1,2XDO,7.745383
phenix,1,2XN4,3.560783
phenix,1,2XPI,5.9111
phenix,1,2XPL,2.328567
phenix,1,2XVS,2.098433
phenix,1,2Y9W,6.001167
phenix,1,2YEU,6.621317
phenix,1,2YFA,4.351883
phenix,1,2YGB,14.998633
phenix,1,2YGK,3.6904
phenix,1,2YJT,3.7042
phenix,1,2YN0,3.70775
phenix,1,2Z1D,4.709517
phenix,1,2Z1Z,5.181433
phenix,1,2Z7E,3.319617
phenix,1,2ZIU,2.919617
phenix,1,2ZME,3.725567
phenix,1,2ZON,8.945617
phenix,1,2ZUL,3.45775
phenix,1,3A58,7.05125
phenix,1,3ADO,3.35795
phenix,1,3AMH,4.043267
phenix,1,3AQG,2.36415
phenix,1,3ATQ,4.300167
phenix,1,3AV4,6.19995
phenix,1,3B2D,6.900767
phenix,1,3B8I,12.280533
phenix,1,3BCI,3.352367
phenix,1,3BGU,3.20795
phenix,1,3BJ6,3.39775
phenix,1,3BNK,3.610833
phenix,1,3BVQ,4.303833
phenix,1,3C7J,4.476
phenix,1,3CAX,3.58175
phenix,1,3CB0,7.194817
phenix,1,3CB5,6.252317
phenix,1,3CBM,3.433233
phenix,1,3CGG,3.5523
phenix,1,3CMQ,3.7257
phenix,1,3CQO,5.506383
phenix,1,3CU3,2.667517
phenix,1,3CXM,4.764683
phenix,1,3D1M,5.037167
phenix,1,3D49,4.062783
phenix,1,3DEE,2.6506
phenix,1,3DIW,2.960633
phenix,1,3DJD,6.131283
phenix,1,3DJN,2.24105
phenix,1,3DLA,15.469333
phenix,1,3DXI,4.47875
phenix,1,3E7P,3.422183
phenix,1,3E8S,3.32675
phenix,1,3E8V,2.1757
phenix,1,3E98,3.120833
phenix,1,3E99,3.1286
phenix,1,3EC1,4.10105
phenix,1,3ED4,13.338767
phenix,1,3EFY,5.3933
phenix,1,3EUS,2.574333
phenix,1,3FBI,3.84175
phenix,1,3FJU,4.5286
phenix,1,3FKK,5.251583
phenix,1,3FPR,2.912817
phenix,1,3FVE,3.32825
phenix,1,3G39,2.906983
phenix,1,3G3O,3.285867
phenix,1,3G6L,3.550217
phenix,1,3G85,3.528
phenix,1,3GF6,4.55595
phenix,1,3GLR,3.981883
phenix,1,3GM5,2.5822
phenix,1,3GMV,2.79925
phenix,1,3GQU,2.798517
phenix,1,3GR5,3.1549
phenix,1,3GXQ,2.28505
phenix,1,3H1T,3.9414
phenix,1,3H6E,5.563367
phenix,1,3H6R,3.294083
phenix,1,3H7O,4.5057
phenix,1,3HBC,3.81005
phenix,1,3HHC,4.63665
phenix,1,3HL0,6.62125
phenix,1,3HST,6.187533
phenix,1,3HTK,4.293617
phenix,1,3HTV,3.657133
phenix,1,3I38,7.540783
phenix,1,3IC8,6.4981
phenix,1,3IHU,4.067
phenix,1,3IUG,4.40535
phenix,1,3IVB,3.39275
phenix,1,3JST,2.805317
phenix,1,3JWH,3.205417
phenix,1,3KFW,2.767033
phenix,1,3KGR,3.57755
phenix,1,3KKD,4.86345
phenix,1,3KKE,6.342983
phenix,1,3KOL,2.812567
phenix,1,3KXR,3.045717
phenix,1,3KZP,4.255033
phenix,1,3L1W,12.44855
phenix,1,3L2H,6.072183
phenix,1,3L6F,3.60015
phenix,1,3LLI,3.22525
phenix,1,3LOC,5.206033
phenix,1,3LS0,2.328783
phenix,1,3LW3,3.460683
phenix,1,3M1T,4.103017
phenix,1,3M91,2.886033
phenix,1,3MB2,5.008117
phenix,1,3MKR,5.707633
phenix,1,3ML3,2.9565
phenix,1,3MML,10.3179
phenix,1,3MQ2,4.260533
phenix,1,3MV2,9.026083
phenix,1,3MYU,5.89525
phenix,1,3N39,5.445433
phenix,1,3N55,3.782433
phenix,1,3N5L,6.796167
phenix,1,3N74,5.832733
phenix,1,3N9U,5.585683
phenix,1,3NJE,3.341667
phenix,1,3NO8,2.857683
phenix,1,3OAP,3.018367
phenix,1,3OC7,4.202983
phenix,1,3OEC,7.28015
phenix,1,3OFJ,2.258083
phenix,1,3OOQ,21.028333
phenix,1,3P86,3.7762
phenix,1,3PFY,2.507067
phenix,1,3PPU,4.40945
phenix,1,3PZ8,4.366733
phenix,1,3QC1,2.519067
phenix,1,3QKL,3.381817
phenix,1,3QLA,4.100633
phenix,1,3QNM,3.104417
phenix,1,3QTA,3.92255
phenix,1,3QVJ,4.445167
phenix,1,3R0Q,6.807833
phenix,1,3R6B,1.960233
phenix,1,3RAZ,2.218617
phenix,1,3RLE,3.157067
phenix,1,3RQ4,3.04515
phenix,1,3RST,10.275067
phenix,1,3SF5,5.215583
phenix,1,3SHW,2.864933
phenix,1,3SOL,2.2851
phenix,1,3SUZ,2.73355
phenix,1,3T0Q,2.726633
phenix,1,3T9O,2.630883
phenix,1,3TCO,3.0749
phenix,1,3THF,3.23185
phenix,1,3TIX,5.282433
phenix,1,3TSZ,2.824033
phenix,1,3TU7,2.49605
phenix,1,3TVA,5.1896
phenix,1,3U1D,3.601067
phenix,1,3U2A,2.030667
phenix,1,3U66,1.981667
phenix,1,3U9L,3.423783
phenix,1,3UN9,4.80365
phenix,1,3UNG,4.279117
phenix,1,3UTN,3.432417
phenix,1,3UVO,2.793983
phenix,1,3V70,3.642817
phenix,1,3VD8,2.80195
phenix,1,3VEP,2.05535
phenix,1,3VFO,4.009117
phenix,1,3VFP,3.8378
phenix,1,3VHL,3.30535
phenix,1,3VPB,8.13255
phenix,1,3VRJ,3.215533
phenix,1,3VSM,6.952433
phenix,1,3VST,20.274767
phenix,1,3VUQ,4.878083
phenix,1,3VYN,3.773433
phenix,1,3W0L,8.845933
phenix,1,3W3T,4.86975
phenix,1,3W3W,7.206
phenix,1,3W56,2.463333
phenix,1,3W8W,6.262567
phenix,1,3WNV,5.7978
phenix,1,3WTQ,2.84025
phenix,1,3WW1,4.470967
phenix,1,3X0X,17.1496
phenix,1,3ZH9,3.921717
phenix,1,3ZIE,4.168
phenix,1,4AK1,7.228333
phenix,1,4ALY,3.42005
phenix,1,4AOM,2.007617
phenix,1,4AUP,2.565233
phenix,1,4B18,2.879733
phenix,1,4BU1,3.328433
phenix,1,4BVE,2.958367
phenix,1,4BX9,7.770383
phenix,1,4C1S,5.6542
phenix,1,4C6R,4.886867
phenix,1,4CE5,8.615733
phenix,1,4CGB,2.149433
phenix,1,4CH9,5.298067
phenix,1,4CKT,2.785517
phenix,1,4CLF,5.32025
phenix,1,4CSO,4.723467
phenix,1,4D51,3.589217
phenix,1,4DA2,4.436933
phenix,1,4DOV,3.313017
phenix,1,4EOY,3.184833
phenix,1,4EWI,2.522183
phenix,1,4EX5,6.581333
phenix,1,4F0F,3.386317
phenix,1,4F27,4.0684
phenix,1,4FC4,14.041233
phenix,1,4FE9,4.381067
phenix,1,4FIX,7.6771
phenix,1,4FYU,4.575883
phenix,1,4G3H,7.579267
phenix,1,4GMV,4.146633
phenix,1,4H9D,2.8653
phenix,1,4HIA,3.573
phenix,1,4HJW,6.97175
phenix,1,4HKA,3.82825
phenix,1,4HUJ,3.949733
phenix,1,4ICH,3.40395
phenix,1,4IDI,3.82045
phenix,1,4JGX,2.6015
phenix,1,4JHN,9.74325
phenix,1,4JX2,5.036183
phenix,1,4K36,7.027783
phenix,1,4KH9,4.60165
phenix,1,4KYQ,2.835283
phenix,1,4L7Z,10.7617
phenix,1,4L9U,2.107533
phenix,1,4LD7,23.537283
phenix,1,4LZ2,2.16575
phenix,1,4MAA,3.2472
phenix,1,4ME9,3.087367
phenix,1,4MG5,3.72775
phenix,1,4MG6,4.103817
phenix,1,4MJG,2.891617
phenix,1,4N39,7.333733
phenix,1,4N5X,1.879767
phenix,1,4NPJ,4.097917
phenix,1,4NUF,3.0399
phenix,1,4NWZ,7.994867
phenix,1,4O62,3.954
phenix,1,4O92,2.325533
phenix,1,4OC8,6.571333
phenix,1,4OF8,6.201033
phenix,1,4OFF,2.197333
phenix,1,4OX3,2.826933
phenix,1,4PDE,2.529617
phenix,1,4PFS,3.680717
phenix,1,4PQZ,2.411933
phenix,1,4PRA,4.200883
phenix,1,4PSI,2.536433
phenix,1,4PV4,7.978117
phenix,1,4Q13,3.669883
phenix,1,4Q63,2.111083
phenix,1,4QH8,4.3361
phenix,1,4QKO,6.569233
phenix,1,4QN8,4.1135
phenix,1,4QQR,3.495417
phenix,1,4QTP,4.005017
phenix,1,4QXA,3.1723
phenix,1,4R10,4.460567
phenix,1,4RHO,3.419017
phenix,1,4RK2,6.59485
phenix,1,4RO5,3.854383
phenix,1,4RQM,2.586233
phenix,1,4TWL,4.146333
phenix,1,4U7A,5.298167
phenix,1,4UCI,7.233817
phenix,1,4UDA,2.5393
phenix,1,4UDP,5.91825
phenix,1,4UWX,5.733617
phenix,1,4UYI,2.843683
phenix,1,4V15,7.353567
phenix,1,4W2R,9.392883
phenix,1,4WAL,2.05085
phenix,1,4WIP,2.28635
phenix,1,4WWM,1.9154
phenix,1,4X3E,2.968083
phenix,1,4XLG,4.631333
phenix,1,4ZSF,3.990867
phenix,1,4ZV9,8.615117
phenix,1,5A0T,7.981783
phenix,1,5AA5,24.265283
phenix,1,5AD0,2.633967
phenix,1,5B5I,2.10405
phenix,1,5B5Q,3.987917
phenix,1,5BOV,9.58265
phenix,1,5BV6,1.954233
phenix,1,5C5V,5.678767
phenix,1,5C7F,4.950817
phenix,1,5C8H,1.9837
phenix,1,5CVR,2.224733
phenix,1,5D5H,4.549733
phenix,1,5DAY,2.76355
phenix,1,5DBE,3.04915
phenix,1,5DRM,3.559583
phenix,1,5E15,3.10715
phenix,1,5EBB,7.564467
phenix,1,5EG2,4.328867
phenix,1,5EGE,9.687817
phenix,1,5ETA,3.8988
phenix,1,5G09,11.846283
phenix,1,5G23,5.698933
phenix,1,5G4I,8.884733
phenix,1,5GHR,6.1004
phenix,1,5GJM,4.391817
phenix,1,5GKV,3.38315
phenix,1,5GOX,3.006417
phenix,1,5GZI,4.840183
phenix,1,5H5Y,4.075967
phenix,1,5HRJ,1.757883
phenix,1,5I2H,6.355433
phenix,1,5I47,3.353833
phenix,1,5I9E,7.7983
phenix,1,5IAW,3.098517
phenix,1,5IQM,3.123583
phenix,1,5IY4,4.776333
phenix,1,5IYX,4.9351
phenix,1,5J0A,4.199033
phenix,1,5J4A,3.177083
phenix,1,5J9K,3.003617
phenix,1,5JD9,3.9686
phenix,1,5JHO,3.310183
phenix,1,5JI5,2.721983
phenix,1,5JTA,4.49835
phenix,1,5K2X,4.44005
phenix,1,5K6S,3.234233
phenix,1,5LTD,3.57615
phenix,1,5LU2,3.450083
phenix,1,5LW0,3.84325
phenix,1,5ME9,6.389883
phenix,1,5MLK,6.66065
phenix,1,5MLZ,4.171533
phenix,1,5MXY,1.8427
phenix,1,5N6H,5.455383
phenix,1,5N8R,9.968983
phenix,1,5NTB,2.824317
phenix,1,5O6B,7.705633
phenix,1,5OF1,3.24265
phenix,1,5OF9,8.755383
phenix,1,5OMB,3.5476
phenix,1,5OU8,3.22165
phenix,1,5Q1D,4.778667
phenix,1,5Q1H,6.198533
phenix,1,5SVE,3.60015
phenix,1,5T0K,5.61875
phenix,1,5T0M,4.590567
phenix,1,5T1G,2.120533
phenix,1,5TDY,2.207517
phenix,1,5TJA,2.747317
phenix,1,5TLD,3.59145
phenix,1,5TM9,3.006417
phenix,1,5TTA,3.325767
phenix,1,5TV7,2.94215
phenix,1,5U6K,8.677383
phenix,1,5UQP,2.631317
phenix,1,5UV4,2.748283
phenix,1,5UX5,15.532967
phenix,1,5UXG,4.001933
phenix,1,5UZU,4.194167
phenix,1,5V8W,4.531117
phenix,1,5VIA,3.582617
phenix,1,5VLB,12.26165
phenix,1,5VQG,2.31605
phenix,1,5WB4,8.307583
phenix,1,5WJQ,2.7609
phenix,1,5WRR,7.221133
phenix,1,5WWW,1.789567
phenix,1,5X6S,5.056933
phenix,1,5XG9,4.617433
phenix,1,5XHW,2.516567
phenix,1,5XMZ,1.719683
phenix,1,5XRW,2.31235
phenix,1,5XUK,2.101083
phenix,1,5XUQ,1.888467
phenix,1,5XVW,3.985933
phenix,1,5Y9I,2.766117
phenix,1,5YAY,3.353967
phenix,1,5Z6D,3.881233
phenix,1,5Z6V,1.806833
phenix,1,5Z8L,2.7505
phenix,1,5ZOO,4.592483
phenix,1,6A0E,4.663833
phenix,1,6A93,2.360267
phenix,1,6AF3,4.141417
phenix,1,6AGI,3.807767
phenix,1,6B8Q,4.59315
phenix,1,6CGO,6.580583
phenix,1,6COK,2.465167
phenix,1,6CQL,4.668483
phenix,1,6CW5,3.1004
phenix,1,6D2V,4.944367
phenix,1,6D97,10.23905
phenix,1,6DDT,5.18255
phenix,1,6DF3,3.736483
phenix,1,6E0M,3.746967
phenix,1,6EC7,4.551833
phenix,1,6EUS,11.21725
phenix,1,6EWJ,9.7742
phenix,1,6EYS,9.3898
phenix,1,6F1S,1.6049
phenix,1,6FJU,3.631967
phenix,1,6FOK,12.321983
phenix,1,6FX6,2.019417
phenix,1,6GBS,5.031683
phenix,1,6GP7,1.652583
phenix,1,6GXS,10.220517
phenix,1,6HFG,1.748467
phenix,1,6I1R,3.724833
phenix,1,6I50,2.470417
phenix,1,6IIW,1.8208
phenix,1,6IQJ,2.305183
phenix,1,6IR8,1.440783
phenix,1,6J17,2.511467
phenix,1,6J72,3.386083
phenix,1,6J7Y,3.197683
phenix,1,6JC4,4.455217
phenix,1,6JJW,2.067167
phenix,1,6JZA,1.23345
phenix,1,6K6R,2.1513
phenix,1,6L8E,6.855417
phenix,1,6L9F,3.592333
phenix,1,6LKG,6.547283
phenix,1,6M20,9.01045
phenix,1,6N5U,2.79355
phenix,1,6O6N,2.54945
phenix,1,6OHI,3.11305
phenix,1,6PEU,10.196683
phenix,1,6PJQ,1.775217
phenix,1,6PNP,2.899767
phenix,1,6PUP,2.0764
phenix,1,6R0L,1.499783
phenix,1,6R6T,5.1092
phenix,1,6RFT,10.592367
phenix,1,6RPT,3.811883
phenix,1,6RR0,6.1185
phenix,1,6RSN,1.7291
phenix,1,6S2P,2.44695
phenix,1,6SRB,4.459117
phenix,1,6SXW,1.216617
phenix,1,6T80,4.266717
phenix,1,6TCT,3.901733
phenix,1,6TT5,3.412667
phenix,1,6TWJ,5.069033
phenix,1,6U2D,2.5742
phenix,1,6U75,3.2747
phenix,1,6UB7,2.897517
phenix,1,6V7M,1.831983
phenix,1,6VD8,1.742033
phenix,1,6VHI,1.627567
phenix,1,6VPT,3.087483
phenix,1,6VS7,5.6494
phenix,1,6W9K,3.746317
phenix,1,6WT6,2.785167
phenix,1,6XZ6,2.904617
phenix,1,6YFV,4.504183
phenix,1,6Z1S,3.7241
phenix,1,6Z3U,4.524017
phenix,1,6ZH1,2.616183
phenix,1,6ZUW,2.36445
phenix,1,7AUI,2.245017
phenix,1,7BV5,6.073267
phenix,1,7BW1,1.887517
phenix,1,7C7E,2.06
phenix,1,7CFD,8.69715
phenix,1,7CWW,2.9005
phenix,1,7D86,2.2326
phenix,1,7DUF,1.599383
phenix,1,7E2E,2.992117
phenix,1,7EWF,3.631817
phenix,1,7F9K,1.3464
phenix,1,7F9M,3.436317
phenix,1,7FHR,4.137417
phenix,1,7JI4,1.400433
phenix,1,7JN9,1.035917
phenix,1,7K3J,4.69855
phenix,1,7KQ0,4.23555
phenix,1,7LF4,4.351367
torchref,2,1A0F,1.932367
torchref,2,1A46,1.465617
torchref,2,1A4I,9.8351
torchref,2,1A7V,1.383383
torchref,2,1AJ6,1.235767
torchref,2,1AK5,2.6178
torchref,2,1ANU,1.236633
torchref,2,1APX,3.4411
torchref,2,1AQZ,1.98425
torchref,2,1B9K,7.780633
torchref,2,1BIA,1.6553
torchref,2,1BM7,7.120867
torchref,2,1BX0,1.8287
torchref,2,1BXE,7.2059
torchref,2,1BYW,1.105533
torchref,2,1C3F,7.626433
torchref,2,1CI0,7.85265
torchref,2,1CSM,8.648083
torchref,2,1DAW,7.870117
torchref,2,1DLM,8.432417
torchref,2,1DQ3,1.989933
torchref,2,1DQ8,8.3088
torchref,2,1E79,11.5823
torchref,2,1EJ1,4.648933
torchref,2,1EJH,6.054883
torchref,2,1ETE,5.250133
torchref,2,1EZW,6.565783
torchref,2,1F97,4.240367
torchref,2,1FG3,1.453583
torchref,2,1FIO,1.486817
torchref,2,1FKM,2.226367
torchref,2,1FSI,5.858383
torchref,2,1GHW,5.178617
torchref,2,1GPQ,6.526817
torchref,2,1GQ8,1.478917
torchref,2,1GQ9,4.68715
torchref,2,1GUI,1.4275
torchref,2,1GYJ,1.101717
torchref,2,1H8V,7.021383
torchref,2,1HN0,7.117067
torchref,2,1HNO,4.737067
torchref,2,1HTN,4.02275
torchref,2,1I1N,1.530517
torchref,2,1I3A,1.511733
torchref,2,1IDQ,4.227383
torchref,2,1IKN,2.84665
torchref,2,1ITK,6.581133
torchref,2,1J3P,3.097817
torchref,2,1J53,2.7488
torchref,2,1J5W,2.793317
torchref,2,1J8B,1.065033
torchref,2,1JAC,2.236533
torchref,2,1JAD,3.565033
torchref,2,1JN9,3.689983
torchref,2,1JU3,5.580983
torchref,2,1K6D,3.790733
torchref,2,1K7T,3.1813
torchref,2,1L9X,6.189633
torchref,2,1LNZ,3.547567
torchref,2,1M6E,3.031133
torchref,2,1N0L,3.759583
torchref,2,1N6J,2.741517
torchref,2,1O4V,1.728683
torchref,2,1O5T,2.67865
torchref,2,1O6D,1.438883
torchref,2,1OBR,2.397833
torchref,2,1OC0,1.903083
torchref,2,1OE4,2.254367
torchref,2,1OMW,4.7027
torchref,2,1OSC,3.177467
torchref,2,1OY5,3.231317
torchref,2,1P3C,2.5169
torchref,2,1P4X,2.642283
torchref,2,1PG3,3.903367
torchref,2,1PJR,3.185867
torchref,2,1PXZ,3.320967
torchref,2,1Q15,5.378833
torchref,2,1QB5,2.23165
torchref,2,1QD9,2.7316
torchref,2,1QJV,2.576117
torchref,2,1QZN,1.7819
torchref,2,1R1K,2.328017
torchref,2,1R3U,1.9866
torchref,2,1RFX,2.4693
torchref,2,1RHC,2.5819
torchref,2,1RJ1,1.799867
torchref,2,1RJD,5.723833
torchref,2,1RKG,2.085983
torchref,2,1RZN,2.239567
torchref,2,1S1C,1.999117
torchref,2,1SO2,4.820333
torchref,2,1SOT,4.43185
torchref,2,1T3I,4.2543
torchref,2,1TE5,2.894683
torchref,2,1TGS,2.056317
torchref,2,1TML,1.72445
torchref,2,1TVL,3.134667
torchref,2,1U1I,7.124283
torchref,2,1UEF,1.746433
torchref,2,1UJK,1.627
torchref,2,1UKV,4.252617
torchref,2,1UTB,2.833567
torchref,2,1UVQ,2.739133
torchref,2,1V8Q,1.71325
torchref,2,1VB3,2.032683
torchref,2,1VCE,2.640633
torchref,2,1VDD,3.0986
torchref,2,1VER,0.888067
torchref,2,1VK0,5.221
torchref,2,1VLM,2.020367
torchref,2,1VR4,2.267633
torchref,2,1W2Y,3.0996
torchref,2,1W8A,1.5318
torchref,2,1WD8,2.672283
torchref,2,1WDV,2.150133
torchref,2,1WLZ,2.66365
torchref,2,1WTJ,5.237
torchref,2,1WTY,2.035367
torchref,2,1WU2,3.221417
torchref,2,1WV8,0.990283
torchref,2,1WW9,3.353717
torchref,2,1X1Q,2.609083
torchref,2,1X6O,2.120867
torchref,2,1XVS,1.85085
torchref,2,1XX1,11.051683
torchref,2,1Y7O,9.174483
torchref,2,1Y8Q,11.8663
torchref,2,1YEM,7.272533
torchref,2,1YK3,10.958683
torchref,2,1YMQ,7.50615
torchref,2,1Z05,8.3597
torchref,2,1Z3X,8.234983
torchref,2,1ZEJ,8.059617
torchref,2,1ZJ8,8.5551
torchref,2,1ZKL,7.97755
torchref,2,1ZZ0,12.9408
torchref,2,2A25,7.307167
torchref,2,2A3V,9.7369
torchref,2,2A9S,7.879217
torchref,2,2ACJ,7.432783
torchref,2,2AE0,8.424867
torchref,2,2AG0,11.12325
torchref,2,2AHR,10.22555
torchref,2,2AP2,7.331283
torchref,2,2AQ4,7.890033
torchref,2,2B2N,10.825233
torchref,2,2B3X,18.002483
torchref,2,2B5E,12.463117
torchref,2,2B7O,16.88315
torchref,2,2BON,17.882967
torchref,2,2BTY,9.535033
torchref,2,2C8X,10.271267
torchref,2,2C90,16.8596
torchref,2,2CB4,21.922633
torchref,2,2CCH,22.375933
torchref,2,2CCM,17.622917
torchref,2,2CKL,16.77005
torchref,2,2CZV,13.9347
torchref,2,2D0T,14.342633
torchref,2,2D68,16.843817
torchref,2,2DOB,0.786517
torchref,2,2DQ6,22.5721
torchref,2,2DRY,13.94545
torchref,2,2DX6,8.657717
torchref,2,2E1M,17.3553
torchref,2,2EO4,2.166467
torchref,2,2EU9,3.891267
torchref,2,2EXU,1.743417
torchref,2,2F1F,3.517233
torchref,2,2F2E,2.549583
torchref,2,2F8L,2.714517
torchref,2,2F9I,5.987283
torchref,2,2F9Z,3.449117
torchref,2,2FEX,4.256317
torchref,2,2FFF,2.930483
torchref,2,2FH9,2.274033
torchref,2,2FTX,2.223817
torchref,2,2G9W,2.224933
torchref,2,2GA1,2.3694
torchref,2,2GA9,3.4639
torchref,2,2GD9,2.61965
torchref,2,2GT1,3.864033
torchref,2,2GUH,3.08505
torchref,2,2HXW,3.733517
torchref,2,2I53,2.503567
torchref,2,2I7H,4.587217
torchref,2,2IJE,2.3071
torchref,2,2IO7,3.893917
torchref,2,2IUC,3.5948
torchref,2,2IVF,7.654467
torchref,2,2IVM,2.36205
torchref,2,2JAC,1.823067
torchref,2,2JFN,2.892167
torchref,2,2JH3,7.6427
torchref,2,2NLY,2.1036
torchref,2,2NN4,2.438517
torchref,2,2NTX,4.85545
torchref,2,2NVN,1.78825
torchref,2,2OD8,2.697167
torchref,2,2OO2,1.82
torchref,2,2OO3,2.1507
torchref,2,2P0U,3.983
torchref,2,2P1L,3.28975
torchref,2,2P38,3.15195
torchref,2,2P62,3.256067
torchref,2,2P8J,3.088733
torchref,2,2P8Q,9.91695
torchref,2,2PAV,17.8117
torchref,2,2PJS,16.822733
torchref,2,2PK9,18.55425
torchref,2,2PN0,18.314967
torchref,2,2PQN,16.740467
torchref,2,2PQV,16.518833
torchref,2,2PY2,18.965767
torchref,2,2Q1Z,17.27635
torchref,2,2QCO,12.560167
torchref,2,2QE9,17.312767
torchref,2,2QH9,14.27985
torchref,2,2QHL,19.813383
torchref,2,2QKL,16.609567
torchref,2,2QL3,21.771217
torchref,2,2QM7,10.2697
torchref,2,2QML,17.105767
torchref,2,2QOS,14.274767
torchref,2,2QSV,11.49255
torchref,2,2QYA,8.1151
torchref,2,2R5F,12.522033
torchref,2,2R6R,4.324883
torchref,2,2RCC,7.254483
torchref,2,2RH3,3.62185
torchref,2,2V62,5.8269
torchref,2,2VEF,5.457067
torchref,2,2VUN,8.428633
torchref,2,2VZB,5.6883
torchref,2,2W3X,7.473467
torchref,2,2W9Y,3.55855
torchref,2,2WDZ,6.8314
torchref,2,2WNH,7.119967
torchref,2,2WP1,3.914867
torchref,2,2X1C,9.506633
torchref,2,2X26,5.376967
torchref,2,2XD0,4.618967
torchref,2,2XDO,7.50075
torchref,2,2XN4,4.450817
torchref,2,2XPI,5.401783
torchref,2,2XPL,3.787133
torchref,2,2XVS,3.7421
torchref,2,2Y9W,5.663067
torchref,2,2YEU,6.968667
torchref,2,2YFA,6.51515
torchref,2,2YGB,8.91745
torchref,2,2YGK,6.046283
torchref,2,2YJT,5.255217
torchref,2,2YN0,5.1504
torchref,2,2Z1D,6.696217
torchref,2,2Z1Z,6.834183
torchref,2,2Z7E,5.487067
torchref,2,2ZIU,5.62905
torchref,2,2ZME,5.999917
torchref,2,2ZON,7.82965
torchref,2,2ZUL,6.19005
torchref,2,3A58,7.7833
torchref,2,3ADO,5.942583
torchref,2,3AMH,6.164117
torchref,2,3AQG,4.620133
torchref,2,3ATQ,6.24135
torchref,2,3AV4,7.148283
torchref,2,3B2D,7.348983
torchref,2,3B8I,13.032517
torchref,2,3BCI,7.05655
torchref,2,3BGU,7.39315
torchref,2,3BJ6,7.188983
torchref,2,3BNK,7.3368
torchref,2,3BVQ,7.65965
torchref,2,3C7J,7.969117
torchref,2,3CAX,7.649617
torchref,2,3CB0,10.3195
torchref,2,3CB5,10.5401
torchref,2,3CBM,7.4196
torchref,2,3CGG,7.471367
torchref,2,3CMQ,7.497
torchref,2,3CQO,8.3128
torchref,2,3CU3,7.0912
torchref,2,3CXM,8.28895
torchref,2,3D1M,8.5281
torchref,2,3D49,7.79385
torchref,2,3DEE,7.1364
torchref,2,3DIW,7.029417
torchref,2,3DJD,9.1059
torchref,2,3DJN,6.79075
torchref,2,3DLA,13.288017
torchref,2,3DXI,7.697517
torchref,2,3E7P,7.5111
torchref,2,3E8S,7.33905
torchref,2,3E8V,4.91355
torchref,2,3E98,5.499067
torchref,2,3E99,5.400483
torchref,2,3EC1,6.101867
torchref,2,3ED4,12.35625
torchref,2,3EFY,6.945733
torchref,2,3EUS,1.510833
torchref,2,3FBI,2.4801
torchref,2,3FJU,2.428533
torchref,2,3FKK,6.450217
torchref,2,3FPR,5.572817
torchref,2,3FVE,5.432767
torchref,2,3G39,5.449817
torchref,2,3G3O,5.36955
torchref,2,3G6L,5.750517
torchref,2,3G85,5.674283
torchref,2,3GF6,6.263433
torchref,2,3GLR,6.1092
torchref,2,3GM5,5.2628
torchref,2,3GMV,5.212417
torchref,2,3GQU,5.438367
torchref,2,3GR5,5.685533
torchref,2,3GXQ,5.094483
torchref,2,3H1T,5.804633
torchref,2,3H6E,3.781817
torchref,2,3H6R,2.787433
torchref,2,3H7O,3.397817
torchref,2,3HBC,2.9678
torchref,2,3HHC,3.652883
torchref,2,3HL0,5.020883
torchref,2,3HST,4.270417
torchref,2,3HTK,3.493867
torchref,2,3HTV,3.045017
torchref,2,3I38,9.3718
torchref,2,3IC8,4.483417
torchref,2,3IHU,3.51875
torchref,2,3IUG,3.5689
torchref,2,3IVB,2.823233
torchref,2,3JST,2.546467
torchref,2,3JWH,7.748133
torchref,2,3KFW,2.563833
torchref,2,3KGR,3.036167
torchref,2,3KKD,4.402783
torchref,2,3KKE,6.211967
torchref,2,3KOL,2.597967
torchref,2,3KXR,3.00445
torchref,2,3KZP,4.943567
torchref,2,3L1W,9.645817
torchref,2,3L2H,5.887067
torchref,2,3L6F,4.900367
torchref,2,3LLI,4.786833
torchref,2,3LOC,5.549983
torchref,2,3LS0,4.077733
torchref,2,3LW3,5.012883
torchref,2,3M1T,5.297767
torchref,2,3M91,4.629967
torchref,2,3MB2,5.725467
torchref,2,3MKR,6.269467
torchref,2,3ML3,4.669567
torchref,2,3MML,7.892783
torchref,2,3MQ2,5.048283
torchref,2,3MV2,7.598017
torchref,2,3MYU,6.28625
torchref,2,3N39,5.571667
torchref,2,3N55,4.817017
torchref,2,3N5L,5.828583
torchref,2,3N74,5.4826
torchref,2,3N9U,5.3974
torchref,2,3NJE,4.949283
torchref,2,3NO8,4.325267
torchref,2,3OAP,4.535517
torchref,2,3OC7,5.777883
torchref,2,3OEC,8.528533
torchref,2,3OFJ,5.648083
torchref,2,3OOQ,13.74165
torchref,2,3P86,6.8041
torchref,2,3PFY,5.877583
torchref,2,3PPU,6.909717
torchref,2,3PZ8,6.814117
torchref,2,3QC1,6.07715
torchref,2,3QKL,6.448033
torchref,2,3QLA,6.800217
torchref,2,3QNM,6.135317
torchref,2,3QTA,6.848717
torchref,2,3QVJ,7.247033
torchref,2,3R0Q,8.970283
torchref,2,3R6B,5.713067
torchref,2,3RAZ,5.573983
torchref,2,3RLE,6.389567
torchref,2,3RQ4,6.223383
torchref,2,3RST,9.894883
torchref,2,3SF5,7.307717
torchref,2,3SHW,2.994867
torchref,2,3SOL,2.857417
torchref,2,3SUZ,3.024533
torchref,2,3T0Q,3.0802
torchref,2,3T9O,2.98075
torchref,2,3TCO,3.2277
torchref,2,3THF,3.4165
torchref,2,3TIX,7.891767
torchref,2,3TSZ,6.832283
torchref,2,3TU7,2.916333
torchref,2,3TVA,4.2935
torchref,2,3U1D,3.618417
torchref,2,3U2A,2.62865
torchref,2,3U66,2.798317
torchref,2,3U9L,3.387833
torchref,2,3UN9,4.225
torchref,2,3UNG,3.96385
torchref,2,3UTN,3.294983
torchref,2,3UVO,3.223433
torchref,2,3V70,3.823267
torchref,2,3VD8,3.1366
torchref,2,3VEP,2.7317
torchref,2,3VFO,3.522017
torchref,2,3VFP,3.476817
torchref,2,3VHL,9.026183
torchref,2,3VPB,19.717133
torchref,2,3VRJ,15.7536
torchref,2,3VSM,17.051333
torchref,2,3VST,22.248017
torchref,2,3VUQ,13.566383
torchref,2,3VYN,12.543617
torchref,2,3W0L,15.894617
torchref,2,3W3T,9.250183
torchref,2,3W3W,3.9401
torchref,2,3W56,1.217617
torchref,2,3W8W,3.721317
torchref,2,3WNV,3.225283
torchref,2,3WTQ,1.53925
torchref,2,3WW1,3.369217
torchref,2,3X0X,10.1404
torchref,2,3ZH9,3.07935
torchref,2,3ZIE,3.444367
torchref,2,4AK1,5.051717
torchref,2,4ALY,2.67035
torchref,2,4AOM,10.693033
torchref,2,4AUP,12.692617
torchref,2,4B18,10.176067
torchref,2,4BU1,10.953333
torchref,2,4BVE,7.507317
torchref,2,4BX9,16.902433
torchref,2,4C1S,2.92175
torchref,2,4C6R,6.345817
torchref,2,4CE5,3.915217
torchref,2,4CGB,0.89605
torchref,2,4CH9,2.600933
torchref,2,4CKT,1.27685
torchref,2,4CLF,2.98615
torchref,2,4CSO,4.788933
torchref,2,4D51,1.889817
torchref,2,4DA2,7.708467
torchref,2,4DOV,7.008333
torchref,2,4EOY,7.310683
torchref,2,4EWI,6.938267
torchref,2,4EX5,5.996467
torchref,2,4F0F,5.78275
torchref,2,4F27,6.230667
torchref,2,4FC4,8.409683
torchref,2,4FE9,5.74385
torchref,2,4FIX,6.4947
torchref,2,4FYU,3.79255
torchref,2,4G3H,19.098783
torchref,2,4GMV,5.851533
torchref,2,4H9D,10.024117
torchref,2,4HIA,16.77875
torchref,2,4HJW,7.354017
torchref,2,4HKA,3.141517
torchref,2,4HUJ,5.908083
torchref,2,4ICH,3.8982
torchref,2,4IDI,13.258867
torchref,2,4JGX,16.538317
torchref,2,4JHN,8.367733
torchref,2,4JX2,4.614667
torchref,2,4K36,7.741617
torchref,2,4KH9,18.544217
torchref,2,4KYQ,7.683067
torchref,2,4L7Z,7.7006
torchref,2,4L9U,4.821017
torchref,2,4LD7,22.644617
torchref,2,4LZ2,4.12115
torchref,2,4MAA,7.151183
torchref,2,4ME9,5.332633
torchref,2,4MG5,11.517833
torchref,2,4MG6,17.253567
torchref,2,4MJG,2.72535
torchref,2,4N39,19.213733
torchref,2,4N5X,4.793483
torchref,2,4NPJ,17.553333
torchref,2,4NUF,4.010367
torchref,2,4NWZ,5.6494
torchref,2,4O62,7.58015
torchref,2,4O92,2.078217
torchref,2,4OC8,7.087517
torchref,2,4OF8,3.41995
torchref,2,4OFF,6.43945
torchref,2,4OX3,1.596233
torchref,2,4PDE,5.804467
torchref,2,4PFS,1.983417
torchref,2,4PQZ,4.928683
torchref,2,4PRA,2.480883
torchref,2,4PSI,3.706083
torchref,2,4PV4,6.15515
torchref,2,4Q13,5.466617
torchref,2,4Q63,3.370083
torchref,2,4QH8,3.550717
torchref,2,4QKO,3.784917
torchref,2,4QN8,6.67265
torchref,2,4QQR,7.34865
torchref,2,4QTP,6.14065
torchref,2,4QXA,1.990117
torchref,2,4R10,8.070367
torchref,2,4RHO,6.036067
torchref,2,4RK2,5.206983
torchref,2,4RO5,16.702383
torchref,2,4RQM,2.397367
torchref,2,4TWL,5.159783
torchref,2,4U7A,5.6541
torchref,2,4UCI,3.017833
torchref,2,4UDA,16.39355
torchref,2,4UDP,6.225183
torchref,2,4UWX,6.85935
torchref,2,4UYI,4.08735
torchref,2,4V15,7.5208
torchref,2,4W2R,7.040483
torchref,2,4WAL,1.303033
torchref,2,4WIP,2.100933
torchref,2,4WWM,16.100233
torchref,2,4X3E,1.479917
torchref,2,4XLG,3.964467
torchref,2,4ZSF,5.851383
torchref,2,4ZV9,8.542733
torchref,2,5A0T,4.727283
torchref,2,5AA5,16.037967
torchref,2,5AD0,11.375233
torchref,2,5B5I,1.4712
torchref,2,5B5Q,4.8972
torchref,2,5BOV,7.305917
torchref,2,5BV6,4.5938
torchref,2,5C5V,8.447717
torchref,2,5C7F,5.843917
torchref,2,5C8H,1.774
torchref,2,5CVR,3.774183
torchref,2,5D5H,7.386183
torchref,2,5DAY,6.7827
torchref,2,5DBE,6.677
torchref,2,5DRM,4.700083
torchref,2,5E15,7.813533
torchref,2,5EBB,3.84005
torchref,2,5EG2,4.460933
torchref,2,5EGE,8.170717
torchref,2,5ETA,3.9682
torchref,2,5G09,19.507983
torchref,2,5G23,8.207533
torchref,2,5G4I,5.1231
torchref,2,5GHR,6.1886
torchref,2,5GJM,3.543967
torchref,2,5GKV,1.569617
torchref,2,5GOX,3.0719
torchref,2,5GZI,6.647883
torchref,2,5H5Y,2.67735
torchref,2,5HRJ,5.99025
torchref,2,5I2H,3.536317
torchref,2,5I47,6.888417
torchref,2,5I9E,4.85345
torchref,2,5IAW,3.876767
torchref,2,5IQM,5.830767
torchref,2,5IY4,2.401383
torchref,2,5IYX,5.36045
torchref,2,5J0A,5.6975
torchref,2,5J4A,7.111117
torchref,2,5J9K,4.722667
torchref,2,5JD9,4.615367
torchref,2,5JHO,6.6816
torchref,2,5JI5,15.8831
torchref,2,5JTA,5.776967
torchref,2,5K2X,4.585483
torchref,2,5K6S,4.476417
torchref,2,5LTD,6.84355
torchref,2,5LU2,6.00175
torchref,2,5LW0,2.170933
torchref,2,5ME9,5.934167
torchref,2,5MLK,5.821667
torchref,2,5MLZ,7.16455
torchref,2,5MXY,4.680167
torchref,2,5N6H,5.760767
torchref,2,5N8R,9.30695
torchref,2,5NTB,5.137867
torchref,2,5O6B,7.917967
torchref,2,5OF1,6.930883
torchref,2,5OF9,10.732767
torchref,2,5OMB,4.809667
torchref,2,5OU8,4.816517
torchref,2,5Q1D,5.7407
torchref,2,5Q1H,5.005667
torchref,2,5SVE,13.574367
torchref,2,5T0K,7.254433
torchref,2,5T0M,4.352333
torchref,2,5T1G,4.01795
torchref,2,5TDY,5.601333
torchref,2,5TJA,4.232217
torchref,2,5TLD,4.19315
torchref,2,5TM9,6.539817
torchref,2,5TTA,15.29515
torchref,2,5TV7,2.676717
torchref,2,5U6K,8.024933
torchref,2,5UQP,3.492767
torchref,2,5UV4,4.253683
torchref,2,5UX5,12.712833
torchref,2,5UXG,6.27985
torchref,2,5UZU,3.204467
torchref,2,5V8W,6.570867
torchref,2,5VIA,6.29215
torchref,2,5VLB,19.95695
torchref,2,5VQG,1.538183
torchref,2,5WB4,6.97065
torchref,2,5WJQ,14.605483
torchref,2,5WRR,5.89475
torchref,2,5WWW,2.303633
torchref,2,5X6S,5.047483
torchref,2,5XG9,4.17705
torchref,2,5XHW,5.020833
torchref,2,5XMZ,8.3528
torchref,2,5XRW,13.302483
torchref,2,5XUK,2.134267
torchref,2,5XUQ,9.4901
torchref,2,5XVW,4.105933
torchref,2,5Y9I,14.600383
torchref,2,5YAY,9.684283
torchref,2,5Z6D,2.329617
torchref,2,5Z6V,11.1918
torchref,2,5Z8L,7.37725
torchref,2,5ZOO,9.611917
torchref,2,6A0E,4.563317
torchref,2,6A93,2.468633
torchref,2,6AF3,4.845933
torchref,2,6AGI,2.752617
torchref,2,6B8Q,2.902117
torchref,2,6CGO,5.01665
torchref,2,6COK,4.655783
torchref,2,6CQL,2.378283
torchref,2,6CW5,3.890817
torchref,2,6D2V,8.45635
torchref,2,6D97,9.001767
torchref,2,6DDT,4.2396
torchref,2,6DF3,4.73585
torchref,2,6E0M,3.797733
torchref,2,6EC7,4.437683
torchref,2,6EUS,6.80745
torchref,2,6EWJ,10.112333
torchref,2,6EYS,6.6617
torchref,2,6F1S,10.859467
torchref,2,6FJU,15.156667
torchref,2,6FOK,7.5282
torchref,2,6FX6,4.56285
torchref,2,6GBS,7.614933
torchref,2,6GP7,3.40065
torchref,2,6GXS,6.030667
torchref,2,6HFG,6.154083
torchref,2,6I1R,2.652383
torchref,2,6I50,2.632583
torchref,2,6IIW,7.880217
torchref,2,6IQJ,6.883683
torchref,2,6IR8,1.5901
torchref,2,6J17,1.637733
torchref,2,6J72,12.309583
torchref,2,6J7Y,5.515933
torchref,2,6JC4,5.675467
torchref,2,6JJW,4.203717
torchref,2,6JZA,6.988767
torchref,2,6K6R,2.647817
torchref,2,6L8E,4.588117
torchref,2,6L9F,11.045967
torchref,2,6LKG,4.74865
torchref,2,6M20,12.0268
torchref,2,6N5U,4.8685
torchref,2,6O6N,9.794567
torchref,2,6OHI,3.68395
torchref,2,6PEU,5.99725
torchref,2,6PJQ,1.348267
torchref,2,6PNP,4.986383
torchref,2,6PUP,2.00405
torchref,2,6R0L,6.988817
torchref,2,6R6T,9.457717
torchref,2,6RFT,14.00955
torchref,2,6RPT,3.78565
torchref,2,6RR0,6.597483
torchref,2,6RSN,8.819
torchref,2,6S2P,9.093733
torchref,2,6SRB,3.875067
torchref,2,6SXW,1.7414
torchref,2,6T80,2.776
torchref,2,6TCT,6.588167
torchref,2,6TT5,2.84565
torchref,2,6TWJ,3.897367
torchref,2,6U2D,2.52495
torchref,2,6U75,12.1647
torchref,2,6UB7,4.3238
torchref,2,6V7M,6.444467
torchref,2,6VD8,13.29465
torchref,2,6VHI,5.566883
torchref,2,6VPT,4.685183
torchref,2,6VS7,9.91475
torchref,2,6W9K,2.941983
torchref,2,6WT6,6.24
torchref,2,6XZ6,1.913133
torchref,2,6YFV,3.62685
torchref,2,6Z1S,7.71935
torchref,2,6Z3U,2.5177
torchref,2,6ZH1,2.939567
torchref,2,6ZUW,7.1497
torchref,2,7AUI,4.0098
torchref,2,7BV5,10.976967
torchref,2,7BW1,0.976417
torchref,2,7C7E,1.6619
torchref,2,7CFD,7.493683
torchref,2,7CWW,5.632983
torchref,2,7D86,2.1991
torchref,2,7DUF,1.103883
torchref,2,7E2E,2.7326
torchref,2,7EWF,6.899817
torchref,2,7F9K,3.381517
torchref,2,7F9M,6.278767
torchref,2,7FHR,6.808783
torchref,2,7JI4,1.045733
torchref,2,7JN9,1.533517
torchref,2,7K3J,2.105367
torchref,2,7KQ0,3.137933
torchref,2,7LF4,14.761483
