engine,code,r_work,r_free
prediction,1A0F,0.3701,0.3575
prediction,1A46,0.4369,0.413
prediction,1A4I,0.5012,0.5204
prediction,1A7V,0.3324,0.3831
prediction,1AJ6,0.432,0.3985
prediction,1AK5,0.3672,0.3715
prediction,1ANU,0.3724,0.378
prediction,1APX,0.3391,0.3553
prediction,1AQZ,0.3626,0.35
prediction,1B9K,0.4123,0.4404
prediction,1BIA,0.4421,0.4233
prediction,1BM7,0.3341,0.3333
prediction,1BX0,0.3603,0.381
prediction,1BXE,0.4607,0.4229
prediction,1BYW,0.392,0.3415
prediction,1C3F,0.3509,0.3812
prediction,1CI0,0.4076,0.3792
prediction,1CSM,0.3032,0.2931
prediction,1DAW,0.3832,0.3745
prediction,1DLM,0.377,0.3748
prediction,1DQ3,0.4659,0.4776
prediction,1DQ8,0.3268,0.318
prediction,1E79,0.4654,0.4442
prediction,1EJ1,0.4005,0.3818
prediction,1EJH,0.3858,0.3713
prediction,1ETE,0.3843,0.4183
prediction,1EZW,0.3588,0.3417
prediction,1F97,0.3881,0.3381
prediction,1FG3,0.3718,0.4025
prediction,1FIO,0.4874,0.4763
prediction,1FKM,0.3817,0.3863
prediction,1FSI,0.4154,0.405
prediction,1GHW,0.4457,0.4718
prediction,1GPQ,0.4213,0.4512
prediction,1GQ8,0.3669,0.3639
prediction,1GQ9,0.4277,0.4331
prediction,1GUI,0.3902,0.3928
prediction,1GYJ,0.3882,0.4126
prediction,1H8V,0.3675,0.3655
prediction,1HN0,0.418,0.4077
prediction,1HNO,0.3624,0.3789
prediction,1HTN,0.3218,0.3161
prediction,1I1N,0.4037,0.4177
prediction,1I3A,0.4165,0.4425
prediction,1IDQ,0.2944,0.2921
prediction,1IKN,0.4442,0.4384
prediction,1ITK,0.3655,0.3739
prediction,1J3P,0.3782,0.3853
prediction,1J53,0.409,0.3842
prediction,1J5W,0.4044,0.4047
prediction,1J8B,0.4842,0.498
prediction,1JAC,0.3173,0.341
prediction,1JAD,0.4545,0.4613
prediction,1JN9,0.4826,0.4928
prediction,1JU3,0.3253,0.3281
prediction,1K6D,0.3958,0.3821
prediction,1K7T,0.3686,0.3689
prediction,1L9X,0.3336,0.3324
prediction,1LNZ,0.4688,0.467
prediction,1M6E,0.3275,0.2995
prediction,1N0L,0.4254,0.4069
prediction,1N6J,0.4767,0.4756
prediction,1O4V,0.31,0.3007
prediction,1O5T,0.4582,0.4779
prediction,1O6D,0.377,0.3983
prediction,1OBR,0.3017,0.2852
prediction,1OC0,0.431,0.4396
prediction,1OE4,0.3553,0.3425
prediction,1OMW,0.4001,0.4404
prediction,1OQE,0.318,0.3109
prediction,1OSC,0.319,0.3113
prediction,1OY5,0.457,0.4534
prediction,1P3C,0.3265,0.3429
prediction,1P4X,0.5094,0.5049
prediction,1PG3,0.3249,0.3199
prediction,1PJR,0.5007,0.492
prediction,1PXZ,0.3275,0.3288
prediction,1Q15,0.4377,0.4343
prediction,1QB5,0.3527,0.3391
prediction,1QD9,0.3882,0.4006
prediction,1QJV,0.3114,0.324
prediction,1QZN,0.3778,0.3994
prediction,1R1K,0.402,0.4095
prediction,1R3U,0.3353,0.3639
prediction,1RFX,0.4584,0.4462
prediction,1RHC,0.4018,0.4098
prediction,1RJ1,0.3933,0.4147
prediction,1RJD,0.385,0.389
prediction,1RKG,0.3822,0.4118
prediction,1RZN,0.3796,0.372
prediction,1S1C,0.3936,0.4232
prediction,1SO2,0.3399,0.3151
prediction,1SOT,0.4639,0.4779
prediction,1T3I,0.3645,0.3697
prediction,1TE5,0.4319,0.4038
prediction,1TGS,0.3573,0.3808
prediction,1TML,0.3032,0.2762
prediction,1TVL,0.3889,0.3803
prediction,1U1I,0.3619,0.3616
prediction,1UEF,0.4059,0.4465
prediction,1UJK,0.4059,0.4193
prediction,1UKV,0.4858,0.503
prediction,1UTB,0.3255,0.3279
prediction,1UVQ,0.4732,0.474
prediction,1V8Q,0.3512,0.3456
prediction,1VB3,0.3847,0.3556
prediction,1VCE,0.3636,0.3661
prediction,1VDD,0.4295,0.4322
prediction,1VER,0.3569,0.3281
prediction,1VK0,0.4078,0.4097
prediction,1VLM,0.3728,0.3909
prediction,1VR4,0.4059,0.3934
prediction,1VRQ,0.4229,0.4332
prediction,1W2Y,0.4343,0.4291
prediction,1W8A,0.3812,0.3306
prediction,1WD8,0.3898,0.4119
prediction,1WDV,0.4119,0.3906
prediction,1WLZ,0.4362,0.4335
prediction,1WTJ,0.4444,0.4494
prediction,1WTY,0.3831,0.3787
prediction,1WU2,0.4565,0.4528
prediction,1WV8,0.4927,0.472
prediction,1WW9,0.425,0.4369
prediction,1X1Q,0.4663,0.4703
prediction,1X6O,0.4455,0.44
prediction,1XVS,0.3897,0.3834
prediction,1XX1,0.3556,0.3584
prediction,1Y7O,0.3883,0.379
prediction,1Y8Q,0.3693,0.359
prediction,1YEM,0.3811,0.3838
prediction,1YK3,0.3942,0.4065
prediction,1YMQ,0.4006,0.4234
prediction,1Z05,0.5104,0.5055
prediction,1Z3X,0.366,0.3744
prediction,1ZEJ,0.4771,0.4503
prediction,1ZJ8,0.3305,0.3271
prediction,1ZKL,0.3824,0.3792
prediction,1ZZ0,0.3562,0.3507
prediction,2A25,0.4003,0.4018
prediction,2A3V,0.4929,0.4847
prediction,2A9S,0.3591,0.347
prediction,2ACJ,0.4912,0.4832
prediction,2AE0,0.5202,0.526
prediction,2AG0,0.3811,0.3796
prediction,2AHR,0.4729,0.4703
prediction,2AP2,0.5229,0.5239
prediction,2AQ4,0.4147,0.4003
prediction,2B2N,0.4819,0.4798
prediction,2B3X,0.4922,0.4747
prediction,2B5E,0.5129,0.4962
prediction,2B7O,0.3912,0.3948
prediction,2BON,0.4059,0.4068
prediction,2BTY,0.4163,0.4066
prediction,2C8X,0.4815,0.4854
prediction,2C90,0.469,0.4552
prediction,2CB4,0.326,0.3255
prediction,2CCH,0.4435,0.4479
prediction,2CCM,0.3826,0.3842
prediction,2CKL,0.4266,0.3956
prediction,2CZV,0.3866,0.3689
prediction,2D0T,0.3545,0.3565
prediction,2D68,0.4341,0.4169
prediction,2DOB,0.5547,0.5488
prediction,2DQ6,0.4463,0.4457
prediction,2DRY,0.4469,0.4781
prediction,2DX6,0.4239,0.4101
prediction,2E1M,0.5103,0.5517
prediction,2EO4,0.4037,0.4277
prediction,2EU9,0.4188,0.423
prediction,2EXU,0.532,0.5071
prediction,2F1F,0.4598,0.4687
prediction,2F2E,0.4179,0.3753
prediction,2F8L,0.3543,0.344
prediction,2F9I,0.3968,0.384
prediction,2F9Z,0.349,0.3465
prediction,2FEX,0.4059,0.4127
prediction,2FFF,0.3279,0.3414
prediction,2FH9,0.4896,0.4894
prediction,2FTX,0.4193,0.4488
prediction,2G9W,0.4974,0.4582
prediction,2GA1,0.514,0.4804
prediction,2GA9,0.3941,0.4271
prediction,2GD9,0.4741,0.4764
prediction,2GT1,0.4645,0.481
prediction,2GUH,0.4221,0.4205
prediction,2HXW,0.4054,0.3957
prediction,2I53,0.3761,0.3609
prediction,2I7H,0.3942,0.3987
prediction,2IJE,0.3971,0.4052
prediction,2IO7,0.2997,0.3068
prediction,2IUC,0.3532,0.3534
prediction,2IVF,0.4529,0.455
prediction,2IVM,0.3681,0.3325
prediction,2JAC,0.3761,0.3949
prediction,2JFN,0.3994,0.3862
prediction,2JH3,0.3764,0.3758
prediction,2NLY,0.3063,0.2893
prediction,2NN4,0.4103,0.4081
prediction,2NTX,0.4858,0.4737
prediction,2NVN,0.4122,0.4304
prediction,2OD8,0.3997,0.4072
prediction,2OO2,0.3565,0.3425
prediction,2OO3,0.3169,0.3255
prediction,2P0U,0.3077,0.3137
prediction,2P1L,0.3798,0.3891
prediction,2P38,0.461,0.454
prediction,2P62,0.4345,0.46
prediction,2P8J,0.3963,0.3949
prediction,2P8Q,0.4881,0.4769
prediction,2PAV,0.4673,0.4513
prediction,2PJS,0.4159,0.4114
prediction,2PK9,0.3969,0.3981
prediction,2PN0,0.4879,0.4858
prediction,2PQN,0.4615,0.3979
prediction,2PQV,0.435,0.4268
prediction,2PY2,0.4142,0.4246
prediction,2Q1Z,0.467,0.4525
prediction,2QCO,0.4681,0.395
prediction,2QE9,0.4362,0.4328
prediction,2QH9,0.4167,0.4059
prediction,2QHL,0.4469,0.4397
prediction,2QKL,0.442,0.5072
prediction,2QL3,0.4087,0.3942
prediction,2QM7,0.433,0.415
prediction,2QML,0.4209,0.4291
prediction,2QOS,0.4417,0.4509
prediction,2QSV,0.3809,0.3987
prediction,2QYA,0.4006,0.4275
prediction,2R5F,0.4003,0.3888
prediction,2R6R,0.3924,0.3956
prediction,2RCC,0.43,0.4371
prediction,2RH3,0.3455,0.3352
prediction,2V62,0.3806,0.3814
prediction,2VEF,0.4417,0.4472
prediction,2VUN,0.3545,0.3417
prediction,2VZB,0.3668,0.3657
prediction,2W3X,0.4204,0.4349
prediction,2W9Y,0.4433,0.433
prediction,2WDZ,0.3769,0.3836
prediction,2WNH,0.3432,0.3393
prediction,2WP1,0.4991,0.4877
prediction,2X1C,0.3213,0.3191
prediction,2X26,0.5121,0.5245
prediction,2XD0,0.4649,0.4618
prediction,2XDO,0.3357,0.332
prediction,2XN4,0.4323,0.4182
prediction,2XPI,0.3958,0.402
prediction,2XPL,0.385,0.4112
prediction,2XVS,0.4797,0.5008
prediction,2Y9W,0.3799,0.3862
prediction,2YEU,0.443,0.443
prediction,2YFA,0.4769,0.4766
prediction,2YGB,0.4154,0.4129
prediction,2YGK,0.4207,0.4204
prediction,2YJT,0.3361,0.37
prediction,2YN0,0.3596,0.3484
prediction,2Z1D,0.326,0.3183
prediction,2Z1Z,0.3149,0.319
prediction,2Z7E,0.4422,0.4632
prediction,2ZIU,0.497,0.4985
prediction,2ZME,0.4291,0.437
prediction,2ZON,0.338,0.3452
prediction,2ZUL,0.4357,0.3981
prediction,3A58,0.4258,0.4007
prediction,3ADO,0.4483,0.4322
prediction,3AMH,0.3072,0.3148
prediction,3AQG,0.3545,0.341
prediction,3ATQ,0.3371,0.354
prediction,3AV4,0.4588,0.4567
prediction,3B2D,0.4393,0.4605
prediction,3B8I,0.396,0.4092
prediction,3BCI,0.335,0.3271
prediction,3BGU,0.4496,0.4444
prediction,3BJ6,0.5121,0.5112
prediction,3BNK,0.3912,0.4011
prediction,3BVQ,0.4443,0.4217
prediction,3C7J,0.5371,0.5569
prediction,3CAX,0.351,0.3217
prediction,3CB0,0.4191,0.4224
prediction,3CB5,0.3584,0.3495
prediction,3CBM,0.3679,0.3916
prediction,3CGG,0.3625,0.3898
prediction,3CMQ,0.3497,0.3368
prediction,3CQO,0.365,0.3877
prediction,3CU3,0.4816,0.4631
prediction,3CXM,0.3705,0.3757
prediction,3D1M,0.3944,0.389
prediction,3D49,0.4924,0.5016
prediction,3DEE,0.4404,0.4759
prediction,3DIW,0.4497,0.4439
prediction,3DJD,0.3725,0.3739
prediction,3DJN,0.3804,0.3216
prediction,3DLA,0.3165,0.3217
prediction,3DXI,0.3652,0.3525
prediction,3E7P,0.4098,0.4374
prediction,3E8S,0.3778,0.3826
prediction,3E8V,0.4099,0.4185
prediction,3E98,0.4724,0.4821
prediction,3E99,0.4242,0.4076
prediction,3EC1,0.5019,0.5009
prediction,3ED4,0.4121,0.4092
prediction,3EFY,0.4658,0.4499
prediction,3EUS,0.3722,0.3668
prediction,3FBI,0.4351,0.4516
prediction,3FJU,0.4035,0.3938
prediction,3FKK,0.3217,0.3003
prediction,3FPR,0.4217,0.4255
prediction,3FVE,0.484,0.4842
prediction,3G39,0.376,0.3459
prediction,3G3O,0.3812,0.3861
prediction,3G6L,0.3946,0.385
prediction,3G85,0.4522,0.4679
prediction,3GF6,0.3741,0.3848
prediction,3GLR,0.4394,0.4485
prediction,3GM5,0.4724,0.5075
prediction,3GMV,0.3819,0.4105
prediction,3GQU,0.432,0.4288
prediction,3GR5,0.4671,0.4561
prediction,3GXQ,0.4477,0.4638
prediction,3H1T,0.4076,0.4036
prediction,3H6E,0.3758,0.3928
prediction,3H6R,0.3597,0.3388
prediction,3H7O,0.3334,0.3089
prediction,3HBC,0.3763,0.3754
prediction,3HHC,0.4336,0.4478
prediction,3HL0,0.4634,0.467
prediction,3HST,0.3348,0.3326
prediction,3HTK,0.5072,0.5016
prediction,3HTV,0.4476,0.4907
prediction,3I38,0.4389,0.4352
prediction,3IC8,0.4658,0.4602
prediction,3IHU,0.4683,0.4571
prediction,3IUG,0.4209,0.4183
prediction,3IVB,0.5145,0.5406
prediction,3JST,0.4091,0.413
prediction,3JWH,0.4151,0.4308
prediction,3KFW,0.435,0.4083
prediction,3KGR,0.3948,0.3983
prediction,3KKD,0.4886,0.471
prediction,3KKE,0.3781,0.3591
prediction,3KOL,0.4563,0.4711
prediction,3KXR,0.4939,0.537
prediction,3KZP,0.4895,0.4847
prediction,3L1W,0.3311,0.333
prediction,3L2H,0.4134,0.407
prediction,3L6F,0.4713,0.4953
prediction,3LLI,0.4002,0.3513
prediction,3LOC,0.421,0.3996
prediction,3LS0,0.3935,0.3554
prediction,3LW3,0.3679,0.361
prediction,3M1T,0.4911,0.4562
prediction,3M91,0.575,0.559
prediction,3MB2,0.4787,0.4822
prediction,3MKR,0.3983,0.393
prediction,3ML3,0.4194,0.4289
prediction,3MML,0.4256,0.4269
prediction,3MQ2,0.4475,0.4327
prediction,3MV2,0.3884,0.3845
prediction,3MYU,0.3554,0.3685
prediction,3N39,0.3701,0.3941
prediction,3N55,0.4015,0.4065
prediction,3N5L,0.3749,0.3836
prediction,3N74,0.3324,0.3298
prediction,3N9U,0.3751,0.3778
prediction,3NJE,0.4261,0.4439
prediction,3NO8,0.3831,0.3916
prediction,3OAP,0.3848,0.3794
prediction,3OC7,0.4195,0.3902
prediction,3OEC,0.396,0.3879
prediction,3OFJ,0.4,0.4377
prediction,3OOQ,0.3237,0.3263
prediction,3P86,0.4307,0.427
prediction,3PFY,0.4789,0.4689
prediction,3PPU,0.3053,0.3094
prediction,3PZ8,0.3913,0.3805
prediction,3QC1,0.4892,0.4432
prediction,3QKL,0.4353,0.4214
prediction,3QLA,0.4998,0.5114
prediction,3QNM,0.3537,0.3517
prediction,3QTA,0.4691,0.4411
prediction,3QVJ,0.3478,0.3329
prediction,3R0Q,0.339,0.3419
prediction,3R6B,0.5639,0.5307
prediction,3RAZ,0.3524,0.3453
prediction,3RLE,0.5137,0.532
prediction,3RQ4,0.4178,0.4364
prediction,3RST,0.3606,0.3494
prediction,3SF5,0.3774,0.3651
prediction,3SHW,0.3956,0.4123
prediction,3SOL,0.4669,0.4949
prediction,3SUZ,0.5124,0.4975
prediction,3T0Q,0.4636,0.463
prediction,3T9O,0.3906,0.3393
prediction,3TCO,0.3811,0.4015
prediction,3THF,0.4593,0.434
prediction,3TIX,0.4185,0.4176
prediction,3TSZ,0.3903,0.3929
prediction,3TU7,0.4747,0.5196
prediction,3TVA,0.4034,0.3907
prediction,3U1D,0.4442,0.4301
prediction,3U2A,0.447,0.4255
prediction,3U66,0.4024,0.473
prediction,3U9L,0.403,0.4014
prediction,3UN9,0.4469,0.4497
prediction,3UNG,0.4612,0.4773
prediction,3UTN,0.4924,0.4817
prediction,3UVO,0.3513,0.3803
prediction,3V70,0.3404,0.3666
prediction,3VD8,0.5526,0.5738
prediction,3VEP,0.5427,0.5343
prediction,3VFO,0.4406,0.4377
prediction,3VFP,0.4257,0.4275
prediction,3VHL,0.4812,0.4889
prediction,3VPB,0.434,0.434
prediction,3VRJ,0.4718,0.4702
prediction,3VSM,0.4255,0.409
prediction,3VST,0.3878,0.3828
prediction,3VUQ,0.4774,0.4815
prediction,3VYN,0.3005,0.3159
prediction,3W0L,0.4262,0.4359
prediction,3W3T,0.4308,0.4297
prediction,3W3W,0.4047,0.4116
prediction,3W56,0.3962,0.3975
prediction,3W8W,0.4383,0.4577
prediction,3WNV,0.4056,0.4107
prediction,3WTQ,0.394,0.398
prediction,3WW1,0.343,0.3549
prediction,3X0X,0.3288,0.3258
prediction,3ZH9,0.4563,0.4415
prediction,3ZIE,0.387,0.409
prediction,4AK1,0.4709,0.4675
prediction,4ALY,0.3452,0.3322
prediction,4AOM,0.4006,0.4144
prediction,4AUP,0.3521,0.3732
prediction,4B18,0.4006,0.4095
prediction,4BU1,0.4754,0.4951
prediction,4BVE,0.4448,0.4421
prediction,4BX9,0.4247,0.4318
prediction,4C1S,0.3438,0.3314
prediction,4C6R,0.4305,0.4186
prediction,4CE5,0.3425,0.3367
prediction,4CGB,0.5384,0.5559
prediction,4CH9,0.375,0.363
prediction,4CKT,0.4028,0.3473
prediction,4CLF,0.4902,0.5034
prediction,4CSO,0.3585,0.3794
prediction,4D51,0.4024,0.3974
prediction,4DA2,0.3388,0.3431
prediction,4DOV,0.4676,0.4601
prediction,4EOY,0.4551,0.4585
prediction,4EWI,0.4437,0.4452
prediction,4EX5,0.464,0.4577
prediction,4F0F,0.4608,0.4809
prediction,4F27,0.4101,0.4203
prediction,4FC4,0.2816,0.2755
prediction,4FE9,0.356,0.3673
prediction,4FIX,0.4143,0.4057
prediction,4FYU,0.393,0.3855
prediction,4G3H,0.4544,0.4584
prediction,4GMV,0.3779,0.3907
prediction,4H9D,0.4664,0.4582
prediction,4HIA,0.4171,0.4059
prediction,4HJW,0.378,0.3739
prediction,4HKA,0.4249,0.4113
prediction,4HUJ,0.4242,0.4332
prediction,4ICH,0.4029,0.3821
prediction,4IDI,0.3592,0.3689
prediction,4JGX,0.4034,0.4058
prediction,4JHN,0.3862,0.3956
prediction,4JX2,0.4829,0.4915
prediction,4K36,0.4329,0.4231
prediction,4KH9,0.3889,0.408
prediction,4KYQ,0.4049,0.4331
prediction,4L7Z,0.4248,0.4184
prediction,4L9U,0.5462,0.535
prediction,4LD7,0.3658,0.3637
prediction,4LZ2,0.4147,0.4287
prediction,4MAA,0.3832,0.358
prediction,4ME9,0.44,0.4059
prediction,4MG5,0.387,0.3812
prediction,4MG6,0.4029,0.4112
prediction,4MJG,0.3546,0.3467
prediction,4N39,0.4315,0.417
prediction,4N5X,0.4627,0.4617
prediction,4NPJ,0.4744,0.4612
prediction,4NUF,0.431,0.4378
prediction,4NWZ,0.3628,0.3624
prediction,4O62,0.4626,0.476
prediction,4O92,0.5426,0.5578
prediction,4OC8,0.4929,0.5072
prediction,4OF8,0.4256,0.4043
prediction,4OFF,0.5222,0.509
prediction,4OX3,0.3656,0.3732
prediction,4PDE,0.374,0.3734
prediction,4PFS,0.3868,0.4011
prediction,4PQZ,0.3682,0.3701
prediction,4PRA,0.4078,0.3869
prediction,4PSI,0.4554,0.5115
prediction,4PV4,0.4048,0.4074
prediction,4Q13,0.3762,0.3829
prediction,4Q63,0.4221,0.383
prediction,4QH8,0.391,0.3797
prediction,4QKO,0.4241,0.4324
prediction,4QN8,0.3833,0.39
prediction,4QQR,0.3813,0.3971
prediction,4QTP,0.3706,0.3925
prediction,4QXA,0.4043,0.4334
prediction,4R10,0.3581,0.3501
prediction,4RHO,0.4071,0.384
prediction,4RK2,0.5102,0.5336
prediction,4RO5,0.4869,0.4923
prediction,4RQM,0.4331,0.434
prediction,4TWL,0.376,0.3897
prediction,4U7A,0.3546,0.3656
prediction,4UCI,0.5226,0.5035
prediction,4UDA,0.4091,0.4058
prediction,4UDP,0.323,0.332
prediction,4UWX,0.4352,0.4272
prediction,4UYI,0.4396,0.4608
prediction,4V15,0.4013,0.3951
prediction,4W2R,0.378,0.3789
prediction,4WAL,0.4417,0.442
prediction,4WIP,0.3833,0.4041
prediction,4WWM,0.4392,0.4217
prediction,4X3E,0.3985,0.3739
prediction,4XLG,0.3957,0.3898
prediction,4ZSF,0.4795,0.4738
prediction,4ZV9,0.3411,0.3451
prediction,5A0T,0.4381,0.4241
prediction,5AA5,0.378,0.3825
prediction,5AD0,0.4345,0.4456
prediction,5B5I,0.5638,0.5676
prediction,5B5Q,0.36,0.3645
prediction,5BOV,0.3304,0.3222
prediction,5BV6,0.4882,0.4771
prediction,5C5V,0.4594,0.4484
prediction,5C7F,0.3934,0.4045
prediction,5C8H,0.4558,0.4458
prediction,5CVR,0.4343,0.3953
prediction,5D5H,0.3786,0.369
prediction,5DAY,0.4747,0.4704
prediction,5DBE,0.361,0.3383
prediction,5DRM,0.3843,0.3538
prediction,5E15,0.4122,0.414
prediction,5EBB,0.3868,0.3935
prediction,5EG2,0.372,0.3715
prediction,5EGE,0.3193,0.3181
prediction,5ETA,0.4362,0.4159
prediction,5G09,0.3989,0.3877
prediction,5G23,0.4416,0.4408
prediction,5G4I,0.4385,0.4273
prediction,5GHR,0.4402,0.4241
prediction,5GJM,0.3678,0.3966
prediction,5GKV,0.3802,0.3926
prediction,5GOX,0.5445,0.5507
prediction,5GZI,0.3955,0.4181
prediction,5H5Y,0.4631,0.4812
prediction,5HRJ,0.4437,0.4693
prediction,5I2H,0.432,0.4157
prediction,5I47,0.3972,0.3851
prediction,5I9E,0.4096,0.4381
prediction,5IAW,0.4459,0.4288
prediction,5IQM,0.4503,0.4669
prediction,5IY4,0.3978,0.397
prediction,5IYX,0.4053,0.4227
prediction,5J0A,0.4362,0.4269
prediction,5J4A,0.4184,0.436
prediction,5J9K,0.4294,0.3985
prediction,5JD9,0.4518,0.4496
prediction,5JHO,0.3818,0.4056
prediction,5JI5,0.357,0.363
prediction,5JTA,0.3524,0.3678
prediction,5K2X,0.4788,0.4769
prediction,5K6S,0.4526,0.4191
prediction,5LTD,0.3976,0.3781
prediction,5LU2,0.3693,0.3705
prediction,5LW0,0.3574,0.3649
prediction,5ME9,0.4155,0.4146
prediction,5MLK,0.4159,0.4079
prediction,5MLZ,0.4551,0.4606
prediction,5MXY,0.4048,0.4001
prediction,5N6H,0.3293,0.3181
prediction,5N8R,0.4961,0.482
prediction,5NTB,0.3529,0.352
prediction,5O6B,0.5211,0.5245
prediction,5OF1,0.3954,0.3884
prediction,5OF9,0.4204,0.4182
prediction,5OMB,0.4852,0.4775
prediction,5OU8,0.4957,0.5319
prediction,5Q1D,0.4721,0.4875
prediction,5Q1H,0.458,0.495
prediction,5SVE,0.3898,0.4058
prediction,5T0K,0.428,0.444
prediction,5T0M,0.3949,0.4145
prediction,5T1G,0.4129,0.4162
prediction,5TDY,0.4963,0.5187
prediction,5TJA,0.3608,0.3838
prediction,5TLD,0.3774,0.3833
prediction,5TM9,0.3773,0.3816
prediction,5TTA,0.3726,0.3696
prediction,5TV7,0.3406,0.3453
prediction,5U6K,0.3982,0.3997
prediction,5UQP,0.5297,0.5209
prediction,5UV4,0.3732,0.3765
prediction,5UX5,0.4061,0.4027
prediction,5UXG,0.3884,0.4058
prediction,5UZU,0.3816,0.3936
prediction,5V8W,0.4687,0.4773
prediction,5VIA,0.3449,0.323
prediction,5VLB,0.4078,0.4102
prediction,5VQG,0.4195,0.4411
prediction,5WB4,0.3767,0.3856
prediction,5WJQ,0.5763,0.5635
prediction,5WRR,0.4279,0.4261
prediction,5WWW,0.4464,0.3681
prediction,5X6S,0.3553,0.3633
prediction,5XG9,0.3822,0.3778
prediction,5XHW,0.3634,0.3318
prediction,5XMZ,0.4102,0.4079
prediction,5XRW,0.4748,0.4943
prediction,5XUK,0.4078,0.4147
prediction,5XUQ,0.372,0.4095
prediction,5XVW,0.3837,0.3638
prediction,5Y9I,0.4281,0.4127
prediction,5YAY,0.4121,0.3914
prediction,5Z6D,0.3634,0.3809
prediction,5Z6V,0.4524,0.4481
prediction,5Z8L,0.3937,0.4141
prediction,5ZOO,0.3586,0.3408
prediction,6A0E,0.3732,0.3954
prediction,6A93,0.5072,0.5206
prediction,6AF3,0.4981,0.4637
prediction,6AGI,0.3891,0.4003
prediction,6B8Q,0.5049,0.5087
prediction,6CGO,0.4983,0.5041
prediction,6COK,0.3422,0.3444
prediction,6CQL,0.4521,0.4324
prediction,6CW5,0.4596,0.4909
prediction,6D2V,0.4035,0.4002
prediction,6D97,0.2982,0.2959
prediction,6DDT,0.4044,0.4015
prediction,6DF3,0.3983,0.4235
prediction,6E0M,0.4985,0.4899
prediction,6EC7,0.4913,0.4854
prediction,6EUS,0.3388,0.34
prediction,6EWJ,0.3244,0.3317
prediction,6EYS,0.3094,0.3113
prediction,6F1S,0.3521,0.2962
prediction,6FJU,0.4581,0.4596
prediction,6FOK,0.401,0.3941
prediction,6FX6,0.4389,0.4498
prediction,6GBS,0.4537,0.4472
prediction,6GP7,0.4385,0.3879
prediction,6GXS,0.4348,0.4355
prediction,6HFG,0.402,0.3461
prediction,6I1R,0.3641,0.3384
prediction,6I50,0.3236,0.3157
prediction,6IIW,0.5146,0.4536
prediction,6IQJ,0.3944,0.3921
prediction,6IR8,0.5102,0.4886
prediction,6J17,0.4327,0.4093
prediction,6J72,0.4382,0.4428
prediction,6J7Y,0.4001,0.3976
prediction,6JC4,0.4148,0.4337
prediction,6JJW,0.5521,0.5228
prediction,6JZA,0.414,0.3702
prediction,6K6R,0.4156,0.3891
prediction,6L8E,0.4976,0.4965
prediction,6L9F,0.4446,0.4558
prediction,6LKG,0.3508,0.3458
prediction,6M20,0.5101,0.5125
prediction,6N5U,0.3248,0.3134
prediction,6O6N,0.4312,0.4138
prediction,6OHI,0.4913,0.545
prediction,6PEU,0.4269,0.4222
prediction,6PJQ,0.4037,0.4122
prediction,6PNP,0.4169,0.3973
prediction,6PUP,0.4029,0.4412
prediction,6R0L,0.3931,0.4044
prediction,6R6T,0.3657,0.3539
prediction,6RFT,0.3426,0.3425
prediction,6RPT,0.437,0.4356
prediction,6RR0,0.4847,0.4793
prediction,6RSN,0.41,0.4213
prediction,6S2P,0.4293,0.4268
prediction,6SRB,0.3899,0.3846
prediction,6SXW,0.4152,0.3804
prediction,6T80,0.3571,0.3638
prediction,6TCT,0.456,0.4588
prediction,6TT5,0.4003,0.4055
prediction,6TWJ,0.3945,0.3952
prediction,6U2D,0.4385,0.4303
prediction,6U75,0.3778,0.3795
prediction,6UB7,0.4003,0.3864
prediction,6V7M,0.4958,0.4774
prediction,6VD8,0.4281,0.381
prediction,6VHI,0.3242,0.3131
prediction,6VPT,0.3813,0.3602
prediction,6VS7,0.5305,0.535
prediction,6W9K,0.4223,0.3922
prediction,6WT6,0.4462,0.4555
prediction,6XZ6,0.3697,0.3797
prediction,6YFV,0.5319,0.5423
prediction,6Z1S,0.4237,0.4273
prediction,6Z3U,0.4694,0.4852
prediction,6ZH1,0.4905,0.5131
prediction,6ZUW,0.4587,0.4698
prediction,7AUI,0.4051,0.4321
prediction,7BV5,0.4326,0.4509
prediction,7BW1,0.3442,0.3374
prediction,7C7E,0.5047,0.5421
prediction,7CFD,0.4739,0.4749
prediction,7CWW,0.482,0.4788
prediction,7D86,0.449,0.3859
prediction,7DUF,0.4901,0.479
prediction,7E2E,0.4756,0.4899
prediction,7EWF,0.47,0.4267
prediction,7F9K,0.4949,0.4974
prediction,7F9M,0.4114,0.4053
prediction,7FHR,0.4228,0.4216
prediction,7JI4,0.4317,0.4664
prediction,7JN9,0.5701,0.5058
prediction,7K3J,0.3974,0.3591
prediction,7KQ0,0.3822,0.3983
prediction,7LF4,0.3811,0.4089
refmac,1A0F,0.2173,0.2419
refmac,1A46,0.3225,0.3434
refmac,1A4I,0.2847,0.3251
refmac,1A7V,0.2397,0.3038
refmac,1AJ6,0.3189,0.3336
refmac,1AK5,0.2084,0.2276
refmac,1ANU,0.1939,0.235
refmac,1APX,0.2483,0.2937
refmac,1AQZ,0.2307,0.2662
refmac,1B9K,0.2342,0.2744
refmac,1BIA,0.2873,0.3515
refmac,1BM7,0.206,0.2462
refmac,1BX0,0.2367,0.283
refmac,1BXE,0.3073,0.3364
refmac,1BYW,0.2265,0.2259
refmac,1C3F,0.2507,0.3113
refmac,1CI0,0.2328,0.2844
refmac,1CSM,0.2113,0.2478
refmac,1DAW,0.2556,0.3021
refmac,1DLM,0.2198,0.2644
refmac,1DQ3,0.3187,0.3725
refmac,1DQ8,0.214,0.281
refmac,1E79,0.3027,0.3488
refmac,1EJ1,0.258,0.2901
refmac,1EJH,0.2579,0.298
refmac,1ETE,0.2683,0.3373
refmac,1EZW,0.2306,0.2436
refmac,1F97,0.2154,0.2325
refmac,1FG3,0.2534,0.3021
refmac,1FIO,0.3787,0.4183
refmac,1FKM,0.2677,0.3108
refmac,1FSI,0.2665,0.3046
refmac,1GHW,0.3536,0.4022
refmac,1GPQ,0.2546,0.2983
refmac,1GQ8,0.2401,0.257
refmac,1GQ9,0.2772,0.3023
refmac,1GUI,0.2686,0.3144
refmac,1GYJ,0.2676,0.3179
refmac,1H8V,0.2445,0.2773
refmac,1HN0,0.2376,0.2698
refmac,1HNO,0.2205,0.2591
refmac,1HTN,0.1783,0.2174
refmac,1I1N,0.261,0.2866
refmac,1I3A,0.2623,0.3315
refmac,1IDQ,0.1996,0.2206
refmac,1IKN,0.3379,0.3795
refmac,1ITK,0.2464,0.2826
refmac,1J3P,0.2412,0.2782
refmac,1J53,0.2889,0.3098
refmac,1J5W,0.2612,0.3188
refmac,1J8B,0.39,0.4505
refmac,1JAC,0.2451,0.3034
refmac,1JAD,0.3485,0.3657
refmac,1JN9,0.4274,0.4937
refmac,1JU3,0.2412,0.2638
refmac,1K6D,0.2434,0.2738
refmac,1K7T,0.2736,0.3124
refmac,1L9X,0.2187,0.2439
refmac,1LNZ,0.4083,0.4604
refmac,1M6E,0.2128,0.2503
refmac,1N0L,0.2959,0.3571
refmac,1N6J,0.3882,0.4256
refmac,1O4V,0.2051,0.2388
refmac,1O5T,0.2824,0.3671
refmac,1O6D,0.2644,0.2845
refmac,1OBR,0.193,0.2104
refmac,1OC0,0.2566,0.3245
refmac,1OE4,0.2607,0.2927
refmac,1OMW,0.2525,0.3261
refmac,1OQE,0.2159,0.246
refmac,1OSC,0.2074,0.2565
refmac,1OY5,0.3066,0.3528
refmac,1P3C,0.1903,0.2257
refmac,1P4X,0.312,0.3277
refmac,1PG3,0.2222,0.276
refmac,1PJR,0.3038,0.3323
refmac,1PXZ,0.2235,0.2491
refmac,1Q15,0.243,0.2908
refmac,1QB5,0.1998,0.2358
refmac,1QD9,0.2786,0.3259
refmac,1QJV,0.223,0.266
refmac,1QZN,0.2367,0.2836
refmac,1R1K,0.238,0.3141
refmac,1R3U,0.2157,0.2703
refmac,1RFX,0.3161,0.3709
refmac,1RHC,0.2176,0.2394
refmac,1RJ1,0.2496,0.2757
refmac,1RJD,0.2532,0.2749
refmac,1RKG,0.258,0.3279
refmac,1RZN,0.2376,0.274
refmac,1S1C,0.2969,0.3715
refmac,1SO2,0.2413,0.2766
refmac,1SOT,0.3006,0.3445
refmac,1T3I,0.2291,0.2614
refmac,1TE5,0.3009,0.3367
refmac,1TGS,0.2379,0.2909
refmac,1TML,0.1679,0.2241
refmac,1TVL,0.2377,0.2759
refmac,1U1I,0.2659,0.3168
refmac,1UEF,0.3324,0.3885
refmac,1UJK,0.2967,0.3343
refmac,1UKV,0.3172,0.3515
refmac,1UTB,0.2224,0.2569
refmac,1UVQ,0.3015,0.3356
refmac,1V8Q,0.2175,0.2711
refmac,1VB3,0.2445,0.2632
refmac,1VCE,0.2519,0.2916
refmac,1VDD,0.2421,0.2922
refmac,1VER,0.203,0.2363
refmac,1VK0,0.2602,0.3052
refmac,1VLM,0.2659,0.3284
refmac,1VR4,0.2809,0.3327
refmac,1VRQ,0.2418,0.283
refmac,1W2Y,0.2619,0.2883
refmac,1W8A,0.2114,0.2758
refmac,1WD8,0.2145,0.2779
refmac,1WDV,0.2748,0.3059
refmac,1WLZ,0.2829,0.2988
refmac,1WTJ,0.2525,0.274
refmac,1WTY,0.2652,0.313
refmac,1WU2,0.3068,0.3547
refmac,1WV8,0.3873,0.4604
refmac,1WW9,0.2649,0.2941
refmac,1X1Q,0.2845,0.3382
refmac,1X6O,0.2932,0.3087
refmac,1XVS,0.2878,0.3093
refmac,1XX1,0.2467,0.2744
refmac,1Y7O,0.3006,0.3495
refmac,1Y8Q,0.2251,0.2544
refmac,1YEM,0.2376,0.2763
refmac,1YK3,0.253,0.3015
refmac,1YMQ,0.232,0.2587
refmac,1Z05,0.2793,0.3151
refmac,1Z3X,0.2565,0.2784
refmac,1ZEJ,0.2823,0.3101
refmac,1ZJ8,0.2573,0.3214
refmac,1ZKL,0.2457,0.266
refmac,1ZZ0,0.2261,0.2443
refmac,2A25,0.2849,0.3281
refmac,2A3V,0.3976,0.4383
refmac,2A9S,0.2308,0.2449
refmac,2ACJ,0.4633,0.5243
refmac,2AE0,0.4128,0.4593
refmac,2AG0,0.2225,0.2769
refmac,2AHR,0.2785,0.3291
refmac,2AP2,0.4979,0.5335
refmac,2AQ4,0.3255,0.3484
refmac,2B2N,0.2799,0.3027
refmac,2B3X,0.3111,0.3781
refmac,2B5E,0.3485,0.3716
refmac,2B7O,0.2639,0.3044
refmac,2BON,0.2785,0.3082
refmac,2BTY,0.2495,0.315
refmac,2C8X,0.3768,0.4075
refmac,2C90,0.3686,0.4237
refmac,2CB4,0.2439,0.2852
refmac,2CCH,0.3222,0.3475
refmac,2CCM,0.2462,0.2817
refmac,2CKL,0.3103,0.327
refmac,2CZV,0.2517,0.2895
refmac,2D0T,0.2249,0.2638
refmac,2D68,0.2983,0.2727
refmac,2DOB,0.4792,0.5402
refmac,2DQ6,0.2544,0.2715
refmac,2DRY,0.3257,0.4197
refmac,2DX6,0.2864,0.3499
refmac,2E1M,0.4495,0.5414
refmac,2EO4,0.2698,0.3105
refmac,2EU9,0.2603,0.2862
refmac,2EXU,0.4906,0.5183
refmac,2F1F,0.2666,0.295
refmac,2F2E,0.277,0.3
refmac,2F8L,0.2425,0.2655
refmac,2F9I,0.2337,0.2631
refmac,2F9Z,0.2642,0.3265
refmac,2FEX,0.293,0.3233
refmac,2FFF,0.2235,0.2853
refmac,2FH9,0.3219,0.3808
refmac,2FTX,0.2979,0.3867
refmac,2G9W,0.3855,0.4174
refmac,2GA1,0.4689,0.4709
refmac,2GA9,0.2487,0.323
refmac,2GD9,0.311,0.3531
refmac,2GT1,0.2611,0.3096
refmac,2GUH,0.3435,0.3617
refmac,2HXW,0.2766,0.2934
refmac,2I53,0.2319,0.2566
refmac,2I7H,0.2572,0.2908
refmac,2IJE,0.2591,0.293
refmac,2IO7,0.2129,0.2785
refmac,2IUC,0.2315,0.2697
refmac,2IVF,0.2849,0.3184
refmac,2IVM,0.3126,0.3179
refmac,2JAC,0.2458,0.2929
refmac,2JFN,0.2522,0.2625
refmac,2JH3,0.2566,0.2881
refmac,2NLY,0.212,0.2315
refmac,2NN4,0.2594,0.3105
refmac,2NTX,0.3282,0.3641
refmac,2NVN,0.2796,0.2926
refmac,2OD8,0.2698,0.3659
refmac,2OO2,0.2296,0.291
refmac,2OO3,0.212,0.249
refmac,2P0U,0.2225,0.2601
refmac,2P1L,0.2724,0.3249
refmac,2P38,0.3061,0.3355
refmac,2P62,0.2553,0.2867
refmac,2P8J,0.2768,0.3101
refmac,2P8Q,0.2807,0.3316
refmac,2PAV,0.273,0.3015
refmac,2PJS,0.2632,0.3136
refmac,2PK9,0.2916,0.3532
refmac,2PN0,0.3634,0.4029
refmac,2PQN,0.3274,0.3492
refmac,2PQV,0.2755,0.3029
refmac,2PY2,0.2623,0.2984
refmac,2Q1Z,0.3955,0.4237
refmac,2QCO,0.2892,0.3177
refmac,2QE9,0.3185,0.3606
refmac,2QH9,0.2789,0.3343
refmac,2QHL,0.2795,0.2931
refmac,2QKL,0.3275,0.4126
refmac,2QL3,0.2662,0.3044
refmac,2QM7,0.288,0.3252
refmac,2QML,0.314,0.349
refmac,2QOS,0.3062,0.3694
refmac,2QSV,0.2785,0.335
refmac,2QYA,0.2868,0.3516
refmac,2R5F,0.2795,0.314
refmac,2R6R,0.2594,0.2951
refmac,2RCC,0.2901,0.323
refmac,2RH3,0.2349,0.2603
refmac,2V62,0.2515,0.2829
refmac,2VEF,0.2787,0.3184
refmac,2VUN,0.2287,0.2502
refmac,2VZB,0.2268,0.2865
refmac,2W3X,0.241,0.2799
refmac,2W9Y,0.2841,0.3033
refmac,2WDZ,0.2408,0.2786
refmac,2WNH,0.2411,0.2604
refmac,2WP1,0.4603,0.4504
refmac,2X1C,0.2149,0.2367
refmac,2X26,0.4076,0.461
refmac,2XD0,0.382,0.4414
refmac,2XDO,0.259,0.3023
refmac,2XN4,0.3048,0.3415
refmac,2XPI,0.2238,0.2871
refmac,2XPL,0.2514,0.3119
refmac,2XVS,0.359,0.4321
refmac,2Y9W,0.2707,0.3316
refmac,2YEU,0.3477,0.3787
refmac,2YFA,0.3489,0.3784
refmac,2YGB,0.3225,0.3569
refmac,2YGK,0.3023,0.3568
refmac,2YJT,0.2163,0.2725
refmac,2YN0,0.2521,0.2714
refmac,2Z1D,0.2382,0.2771
refmac,2Z1Z,0.2068,0.2454
refmac,2Z7E,0.3,0.3543
refmac,2ZIU,0.4607,0.5002
refmac,2ZME,0.2824,0.3457
refmac,2ZON,0.2372,0.2612
refmac,2ZUL,0.2558,0.2812
refmac,3A58,0.3113,0.3527
refmac,3ADO,0.2291,0.2568
refmac,3AMH,0.1946,0.2445
refmac,3AQG,0.2524,0.299
refmac,3ATQ,0.2382,0.2762
refmac,3AV4,0.2859,0.3369
refmac,3B2D,0.2363,0.3135
refmac,3B8I,0.2621,0.3032
refmac,3BCI,0.2408,0.2825
refmac,3BGU,0.3273,0.3622
refmac,3BJ6,0.3253,0.3603
refmac,3BNK,0.2395,0.2869
refmac,3BVQ,0.287,0.3443
refmac,3C7J,0.4915,0.5782
refmac,3CAX,0.2218,0.244
refmac,3CB0,0.2582,0.2819
refmac,3CB5,0.2679,0.305
refmac,3CBM,0.2708,0.2987
refmac,3CGG,0.2798,0.3249
refmac,3CMQ,0.2159,0.2547
refmac,3CQO,0.2225,0.2707
refmac,3CU3,0.3489,0.3814
refmac,3CXM,0.2452,0.2606
refmac,3D1M,0.2752,0.2978
refmac,3D49,0.3698,0.3789
refmac,3DEE,0.3373,0.4283
refmac,3DIW,0.3471,0.3722
refmac,3DJD,0.2596,0.2952
refmac,3DJN,0.2315,0.2331
refmac,3DLA,0.2106,0.2481
refmac,3DXI,0.2944,0.3367
refmac,3E7P,0.2435,0.2918
refmac,3E8S,0.2679,0.2903
refmac,3E8V,0.3061,0.3581
refmac,3E98,0.336,0.3888
refmac,3E99,0.3048,0.3175
refmac,3EC1,0.3237,0.3743
refmac,3ED4,0.286,0.3277
refmac,3EFY,0.2803,0.3076
refmac,3EUS,0.2545,0.2944
refmac,3FBI,0.2954,0.3442
refmac,3FJU,0.3008,0.3127
refmac,3FKK,0.2338,0.2527
refmac,3FPR,0.2676,0.2954
refmac,3FVE,0.255,0.2908
refmac,3G39,0.2286,0.2483
refmac,3G3O,0.2521,0.2772
refmac,3G6L,0.2699,0.3081
refmac,3G85,0.2886,0.3463
refmac,3GF6,0.2934,0.3401
refmac,3GLR,0.2813,0.3152
refmac,3GM5,0.301,0.3784
refmac,3GMV,0.3015,0.3447
refmac,3GQU,0.3336,0.3605
refmac,3GR5,0.2837,0.3213
refmac,3GXQ,0.3731,0.3869
refmac,3H1T,0.2587,0.3068
refmac,3H6E,0.2468,0.3065
refmac,3H6R,0.2366,0.2626
refmac,3H7O,0.2355,0.2592
refmac,3HBC,0.2783,0.3142
refmac,3HHC,0.3296,0.4326
refmac,3HL0,0.3109,0.3429
refmac,3HST,0.2467,0.2909
refmac,3HTK,0.395,0.447
refmac,3HTV,0.2907,0.3341
refmac,3I38,0.3028,0.3471
refmac,3IC8,0.2679,0.3333
refmac,3IHU,0.3449,0.4022
refmac,3IUG,0.2603,0.3015
refmac,3IVB,0.4039,0.4588
refmac,3JST,0.2575,0.284
refmac,3JWH,0.2719,0.3178
refmac,3KFW,0.3204,0.3759
refmac,3KGR,0.2718,0.3193
refmac,3KKD,0.3176,0.3883
refmac,3KKE,0.2363,0.2856
refmac,3KOL,0.3068,0.331
refmac,3KXR,0.3669,0.4598
refmac,3KZP,0.3503,0.4051
refmac,3L1W,0.2466,0.2677
refmac,3L2H,0.2951,0.3186
refmac,3L6F,0.2933,0.3114
refmac,3LLI,0.305,0.3305
refmac,3LOC,0.2764,0.3157
refmac,3LS0,0.2321,0.2409
refmac,3LW3,0.257,0.2712
refmac,3M1T,0.3593,0.3749
refmac,3M91,0.4997,0.5058
refmac,3MB2,0.3987,0.4262
refmac,3MKR,0.2237,0.2614
refmac,3ML3,0.2756,0.3189
refmac,3MML,0.2602,0.3005
refmac,3MQ2,0.2957,0.3331
refmac,3MV2,0.279,0.3358
refmac,3MYU,0.2505,0.2962
refmac,3N39,0.2221,0.2848
refmac,3N55,0.2974,0.301
refmac,3N5L,0.2746,0.2979
refmac,3N74,0.2264,0.2684
refmac,3N9U,0.2651,0.2944
refmac,3NJE,0.2736,0.2943
refmac,3NO8,0.2564,0.315
refmac,3OAP,0.2453,0.2567
refmac,3OC7,0.2294,0.252
refmac,3OEC,0.2598,0.2928
refmac,3OFJ,0.2802,0.3609
refmac,3OOQ,0.2526,0.2966
refmac,3P86,0.233,0.279
refmac,3PFY,0.3488,0.3802
refmac,3PPU,0.2224,0.2609
refmac,3PZ8,0.2585,0.3103
refmac,3QC1,0.3055,0.3523
refmac,3QKL,0.2879,0.2963
refmac,3QLA,0.3738,0.3871
refmac,3QNM,0.2826,0.3146
refmac,3QTA,0.3364,0.3518
refmac,3QVJ,0.266,0.3038
refmac,3R0Q,0.2629,0.3329
refmac,3R6B,0.5499,0.5395
refmac,3RAZ,0.2961,0.3341
refmac,3RLE,0.4546,0.4828
refmac,3RQ4,0.2837,0.3276
refmac,3RST,0.2107,0.2469
refmac,3SF5,0.2174,0.29
refmac,3SHW,0.2296,0.2841
refmac,3SOL,0.2925,0.3174
refmac,3SUZ,0.3966,0.4424
refmac,3T0Q,0.2906,0.3381
refmac,3T9O,0.2464,0.281
refmac,3TCO,0.2412,0.293
refmac,3THF,0.2588,0.2755
refmac,3TIX,0.3192,0.3948
refmac,3TSZ,0.2558,0.2961
refmac,3TU7,0.347,0.4495
refmac,3TVA,0.2548,0.2734
refmac,3U1D,0.307,0.3538
refmac,3U2A,0.3385,0.3506
refmac,3U66,0.3223,0.4127
refmac,3U9L,0.2587,0.2897
refmac,3UN9,0.3107,0.3945
refmac,3UNG,0.2611,0.3211
refmac,3UTN,0.2376,0.27
refmac,3UVO,0.2414,0.3092
refmac,3V70,0.2331,0.3018
refmac,3VD8,0.5304,0.5709
refmac,3VEP,0.5187,0.5375
refmac,3VFO,0.4094,0.4216
refmac,3VFP,0.4284,0.4419
refmac,3VHL,0.2813,0.3507
refmac,3VPB,0.2697,0.2957
refmac,3VRJ,0.3487,0.3998
refmac,3VSM,0.2363,0.2796
refmac,3VST,0.228,0.251
refmac,3VUQ,0.2902,0.3255
refmac,3VYN,0.2064,0.2519
refmac,3W0L,0.2866,0.3612
refmac,3W3T,0.2332,0.3065
refmac,3W3W,0.2553,0.2974
refmac,3W56,0.2849,0.3353
refmac,3W8W,0.2732,0.318
refmac,3WNV,0.2677,0.307
refmac,3WTQ,0.2819,0.3096
refmac,3WW1,0.2202,0.254
refmac,3X0X,0.2162,0.2658
refmac,3ZH9,0.2509,0.268
refmac,3ZIE,0.2594,0.3096
refmac,4AK1,0.4426,0.4648
refmac,4ALY,0.2296,0.2572
refmac,4AOM,0.2737,0.3206
refmac,4AUP,0.2669,0.3214
refmac,4B18,0.2592,0.3028
refmac,4BU1,0.3738,0.4364
refmac,4BVE,0.2808,0.3024
refmac,4BX9,0.2465,0.2961
refmac,4C1S,0.2464,0.2844
refmac,4C6R,0.2925,0.3354
refmac,4CE5,0.2412,0.2545
refmac,4CGB,0.5292,0.5661
refmac,4CH9,0.2579,0.2681
refmac,4CKT,0.3287,0.3398
refmac,4CLF,0.3108,0.3506
refmac,4CSO,0.2152,0.3042
refmac,4D51,0.2833,0.3064
refmac,4DA2,0.2584,0.2883
refmac,4DOV,0.3284,0.3432
refmac,4EOY,0.3746,0.4152
refmac,4EWI,0.3522,0.4299
refmac,4EX5,0.2445,0.2755
refmac,4F0F,0.3015,0.3439
refmac,4F27,0.2846,0.3305
refmac,4FC4,0.2123,0.2433
refmac,4FE9,0.2507,0.2735
refmac,4FIX,0.2439,0.289
refmac,4FYU,0.2672,0.2988
refmac,4G3H,0.3231,0.3788
refmac,4GMV,0.2476,0.311
refmac,4H9D,0.3036,0.372
refmac,4HIA,0.2776,0.3263
refmac,4HJW,0.2336,0.2849
refmac,4HKA,0.2533,0.2865
refmac,4HUJ,0.2732,0.3073
refmac,4ICH,0.266,0.3264
refmac,4IDI,0.2923,0.3159
refmac,4JGX,0.2414,0.2819
refmac,4JHN,0.2169,0.245
refmac,4JX2,0.2858,0.319
refmac,4K36,0.3059,0.339
refmac,4KH9,0.2554,0.3048
refmac,4KYQ,0.257,0.3059
refmac,4L7Z,0.2802,0.3202
refmac,4L9U,0.4624,0.5258
refmac,4LD7,0.2464,0.3231
refmac,4LZ2,0.2919,0.3181
refmac,4MAA,0.238,0.2739
refmac,4ME9,0.2552,0.2936
refmac,4MG5,0.2641,0.2955
refmac,4MG6,0.2681,0.3322
refmac,4MJG,0.2547,0.3203
refmac,4N39,0.3304,0.3544
refmac,4N5X,0.3441,0.4161
refmac,4NPJ,0.3129,0.3385
refmac,4NUF,0.3684,0.4305
refmac,4NWZ,0.2619,0.3257
refmac,4O62,0.4029,0.4273
refmac,4O92,0.4074,0.4446
refmac,4OC8,0.3781,0.4406
refmac,4OF8,0.2647,0.3013
refmac,4OFF,0.4421,0.5023
refmac,4OX3,0.2804,0.3152
refmac,4PDE,0.2226,0.2822
refmac,4PFS,0.2398,0.3218
refmac,4PQZ,0.282,0.2867
refmac,4PRA,0.3733,0.3777
refmac,4PSI,0.3731,0.431
refmac,4PV4,0.2654,0.2893
refmac,4Q13,0.2484,0.2807
refmac,4Q63,0.3522,0.4229
refmac,4QH8,0.2508,0.2914
refmac,4QKO,0.298,0.3381
refmac,4QN8,0.2848,0.3232
refmac,4QQR,0.234,0.2911
refmac,4QTP,0.2546,0.2874
refmac,4QXA,0.2752,0.3358
refmac,4R10,0.2408,0.2635
refmac,4RHO,0.3219,0.3819
refmac,4RK2,0.4245,0.4878
refmac,4RO5,0.3936,0.433
refmac,4RQM,0.3205,0.3299
refmac,4TWL,0.2375,0.3015
refmac,4U7A,0.235,0.2597
refmac,4UCI,0.4574,0.477
refmac,4UDA,0.2858,0.3012
refmac,4UDP,0.2284,0.2692
refmac,4UWX,0.2986,0.3296
refmac,4UYI,0.3103,0.3104
refmac,4V15,0.2393,0.2603
refmac,4W2R,0.2387,0.31
refmac,4WAL,0.3516,0.3896
refmac,4WIP,0.3003,0.349
refmac,4WWM,0.2748,0.3091
refmac,4X3E,0.2439,0.2797
refmac,4XLG,0.2656,0.296
refmac,4ZSF,0.4132,0.4274
refmac,4ZV9,0.2701,0.3002
refmac,5A0T,0.2378,0.2596
refmac,5AA5,0.2667,0.3293
refmac,5AD0,0.2762,0.3444
refmac,5B5I,0.4536,0.4762
refmac,5B5Q,0.2527,0.2828
refmac,5BOV,0.2452,0.264
refmac,5BV6,0.4415,0.4933
refmac,5C5V,0.3588,0.3882
refmac,5C7F,0.2732,0.3125
refmac,5C8H,0.3124,0.3567
refmac,5CVR,0.2632,0.3103
refmac,5D5H,0.2147,0.2615
refmac,5DAY,0.3153,0.3812
refmac,5DBE,0.2364,0.2887
refmac,5DRM,0.2505,0.2784
refmac,5E15,0.2635,0.3194
refmac,5EBB,0.2948,0.3449
refmac,5EG2,0.2493,0.2555
refmac,5EGE,0.2459,0.277
refmac,5ETA,0.266,0.3131
refmac,5G09,0.2413,0.2758
refmac,5G23,0.2548,0.2791
refmac,5G4I,0.2487,0.2597
refmac,5GHR,0.2847,0.3462
refmac,5GJM,0.2028,0.2648
refmac,5GKV,0.2326,0.2776
refmac,5GOX,0.4851,0.564
refmac,5GZI,0.2531,0.2992
refmac,5H5Y,0.303,0.3495
refmac,5HRJ,0.3043,0.3505
refmac,5I2H,0.2836,0.2987
refmac,5I47,0.2998,0.3299
refmac,5I9E,0.3087,0.3842
refmac,5IAW,0.2974,0.3741
refmac,5IQM,0.3045,0.3232
refmac,5IY4,0.2617,0.3252
refmac,5IYX,0.2462,0.3062
refmac,5J0A,0.3629,0.3956
refmac,5J4A,0.257,0.3104
refmac,5J9K,0.3153,0.3659
refmac,5JD9,0.265,0.2968
refmac,5JHO,0.2464,0.3073
refmac,5JI5,0.2418,0.3015
refmac,5JTA,0.2056,0.2376
refmac,5K2X,0.3784,0.3966
refmac,5K6S,0.2659,0.2923
refmac,5LTD,0.2545,0.2922
refmac,5LU2,0.2575,0.3195
refmac,5LW0,0.2451,0.2686
refmac,5ME9,0.2477,0.3274
refmac,5MLK,0.2436,0.272
refmac,5MLZ,0.3042,0.3453
refmac,5MXY,0.3538,0.3857
refmac,5N6H,0.2268,0.2642
refmac,5N8R,0.2976,0.3439
refmac,5NTB,0.2275,0.24
refmac,5O6B,0.4072,0.4579
refmac,5OF1,0.2999,0.3282
refmac,5OF9,0.2766,0.3042
refmac,5OMB,0.3958,0.4306
refmac,5OU8,0.3481,0.3909
refmac,5Q1D,0.3754,0.4258
refmac,5Q1H,0.3388,0.3989
refmac,5SVE,0.267,0.3197
refmac,5T0K,0.316,0.3674
refmac,5T0M,0.2974,0.3555
refmac,5T1G,0.2987,0.3329
refmac,5TDY,0.4371,0.473
refmac,5TJA,0.2726,0.3131
refmac,5TLD,0.2531,0.3196
refmac,5TM9,0.2545,0.3131
refmac,5TTA,0.2751,0.3192
refmac,5TV7,0.2469,0.2767
refmac,5U6K,0.2889,0.3261
refmac,5UQP,0.4584,0.4916
refmac,5UV4,0.2378,0.2861
refmac,5UX5,0.2387,0.2907
refmac,5UXG,0.2487,0.2863
refmac,5UZU,0.2425,0.3111
refmac,5V8W,0.3216,0.3634
refmac,5VIA,0.2756,0.2868
refmac,5VLB,0.2282,0.2829
refmac,5VQG,0.3702,0.3928
refmac,5WB4,0.2911,0.3344
refmac,5WJQ,0.5342,0.6001
refmac,5WRR,0.2892,0.3276
refmac,5WWW,0.3691,0.3001
refmac,5X6S,0.2206,0.254
refmac,5XG9,0.2804,0.3083
refmac,5XHW,0.2627,0.2811
refmac,5XMZ,0.2985,0.3378
refmac,5XRW,0.3512,0.4019
refmac,5XUK,0.311,0.393
refmac,5XUQ,0.2769,0.3616
refmac,5XVW,0.2583,0.2861
refmac,5Y9I,0.2939,0.3301
refmac,5YAY,0.2923,0.3198
refmac,5Z6D,0.2502,0.2891
refmac,5Z6V,0.2681,0.323
refmac,5Z8L,0.2869,0.3381
refmac,5ZOO,0.2409,0.2507
refmac,6A0E,0.236,0.3037
refmac,6A93,0.4775,0.5066
refmac,6AF3,0.3824,0.4533
refmac,6AGI,0.2455,0.305
refmac,6B8Q,0.4057,0.4723
refmac,6CGO,0.3525,0.3868
refmac,6COK,0.2354,0.2789
refmac,6CQL,0.3734,0.4157
refmac,6CW5,0.3143,0.3445
refmac,6D2V,0.2539,0.2768
refmac,6D97,0.1989,0.2425
refmac,6DDT,0.2497,0.3015
refmac,6DF3,0.2445,0.301
refmac,6E0M,0.2902,0.3143
refmac,6EC7,0.2832,0.318
refmac,6EUS,0.2575,0.3026
refmac,6EWJ,0.2627,0.3071
refmac,6EYS,0.2417,0.2869
refmac,6F1S,0.2685,0.2898
refmac,6FJU,0.3529,0.3742
refmac,6FOK,0.2501,0.2816
refmac,6FX6,0.2966,0.3748
refmac,6GBS,0.3627,0.4165
refmac,6GP7,0.3102,0.3395
refmac,6GXS,0.2633,0.2947
refmac,6HFG,0.2627,0.3
refmac,6I1R,0.2237,0.2764
refmac,6I50,0.2185,0.2328
refmac,6IIW,0.4251,0.424
refmac,6IQJ,0.26,0.3368
refmac,6IR8,0.4518,0.4619
refmac,6J17,0.2732,0.2936
refmac,6J72,0.3265,0.3774
refmac,6J7Y,0.2401,0.2778
refmac,6JC4,0.2462,0.2927
refmac,6JJW,0.5508,0.5385
refmac,6JZA,0.2705,0.3278
refmac,6K6R,0.265,0.2762
refmac,6L8E,0.4472,0.4711
refmac,6L9F,0.3087,0.3621
refmac,6LKG,0.2408,0.2825
refmac,6M20,0.3948,0.449
refmac,6N5U,0.2405,0.3111
refmac,6O6N,0.2669,0.2925
refmac,6OHI,0.4284,0.5253
refmac,6PEU,0.2814,0.3247
refmac,6PJQ,0.2954,0.3738
refmac,6PNP,0.2762,0.2995
refmac,6PUP,0.2973,0.3355
refmac,6R0L,0.266,0.378
refmac,6R6T,0.2243,0.2845
refmac,6RFT,0.2708,0.3193
refmac,6RPT,0.3358,0.3818
refmac,6RR0,0.4526,0.4786
refmac,6RSN,0.2735,0.2823
refmac,6S2P,0.3328,0.4056
refmac,6SRB,0.3766,0.3629
refmac,6SXW,0.2918,0.3505
refmac,6T80,0.2531,0.3269
refmac,6TCT,0.3102,0.3538
refmac,6TT5,0.2645,0.2955
refmac,6TWJ,0.2481,0.276
refmac,6U2D,0.3067,0.3251
refmac,6U75,0.2393,0.2817
refmac,6UB7,0.2422,0.2545
refmac,6V7M,0.3951,0.4537
refmac,6VD8,0.4057,0.4078
refmac,6VHI,0.2102,0.238
refmac,6VPT,0.2499,0.3223
refmac,6VS7,0.5023,0.5285
refmac,6W9K,0.2572,0.2615
refmac,6WT6,0.2741,0.3122
refmac,6XZ6,0.2406,0.3057
refmac,6YFV,0.3794,0.4455
refmac,6Z1S,0.2868,0.3241
refmac,6Z3U,0.458,0.4857
refmac,6ZH1,0.3057,0.3765
refmac,6ZUW,0.3583,0.4052
refmac,7AUI,0.2766,0.3158
refmac,7BV5,0.2844,0.3427
refmac,7BW1,0.285,0.3155
refmac,7C7E,0.4059,0.4672
refmac,7CFD,0.3066,0.3781
refmac,7CWW,0.2725,0.322
refmac,7D86,0.316,0.3358
refmac,7DUF,0.5021,0.4877
refmac,7E2E,0.3858,0.4468
refmac,7EWF,0.304,0.3735
refmac,7F9K,0.3787,0.4298
refmac,7F9M,0.287,0.3233
refmac,7FHR,0.2619,0.3024
refmac,7JI4,0.352,0.3747
refmac,7JN9,0.5612,0.5863
refmac,7K3J,0.2967,0.3247
refmac,7KQ0,0.2871,0.3502
refmac,7LF4,0.2705,0.3275
phenix,1A0F,0.2214,0.2498
phenix,1A46,0.3081,0.3419
phenix,1A4I,0.3142,0.3533
phenix,1A7V,0.2256,0.3168
phenix,1AJ6,0.2792,0.3352
phenix,1AK5,0.2138,0.2311
phenix,1ANU,0.196,0.2614
phenix,1APX,0.2402,0.2916
phenix,1AQZ,0.2303,0.2653
phenix,1B9K,0.2299,0.269
phenix,1BIA,0.2784,0.3519
phenix,1BM7,0.2139,0.2511
phenix,1BX0,0.2344,0.2816
phenix,1BXE,0.3257,0.33
phenix,1BYW,0.2377,0.2598
phenix,1C3F,0.2515,0.3151
phenix,1CI0,0.2345,0.2821
phenix,1CSM,0.2119,0.25
phenix,1DAW,0.254,0.2946
phenix,1DLM,0.2161,0.2569
phenix,1DQ3,0.3256,0.3714
phenix,1DQ8,0.2057,0.2809
phenix,1E79,0.3122,0.362
phenix,1EJ1,0.25,0.308
phenix,1EJH,0.2584,0.3001
phenix,1ETE,0.2728,0.3522
phenix,1EZW,0.2382,0.2436
phenix,1F97,0.2053,0.2553
phenix,1FG3,0.2411,0.3028
phenix,1FIO,0.3904,0.4176
phenix,1FKM,0.2724,0.3102
phenix,1FSI,0.2756,0.327
phenix,1GHW,0.3556,0.4168
phenix,1GPQ,0.2531,0.2983
phenix,1GQ8,0.2384,0.2517
phenix,1GQ9,0.2582,0.3333
phenix,1GUI,0.2772,0.3143
phenix,1GYJ,0.2483,0.2949
phenix,1H8V,0.2355,0.2759
phenix,1HN0,0.2455,0.278
phenix,1HNO,0.2229,0.265
phenix,1HTN,0.1703,0.2152
phenix,1I1N,0.2582,0.2781
phenix,1I3A,0.2554,0.3322
phenix,1IDQ,0.2024,0.2259
phenix,1IKN,0.3395,0.4162
phenix,1ITK,0.2501,0.2863
phenix,1J3P,0.2431,0.275
phenix,1J53,0.2854,0.313
phenix,1J5W,0.2674,0.3161
phenix,1J8B,0.3792,0.4137
phenix,1JAC,0.2454,0.3071
phenix,1JAD,0.3375,0.3618
phenix,1JN9,0.4567,0.5074
phenix,1JU3,0.2423,0.2609
phenix,1K6D,0.2519,0.2852
phenix,1K7T,0.2782,0.3335
phenix,1L9X,0.2222,0.2457
phenix,1LNZ,0.4074,0.4717
phenix,1M6E,0.2097,0.2461
phenix,1N0L,0.2929,0.3643
phenix,1N6J,0.4004,0.4456
phenix,1O4V,0.2122,0.2379
phenix,1O5T,0.2861,0.3645
phenix,1O6D,0.2661,0.2882
phenix,1OBR,0.1796,0.2084
phenix,1OC0,0.2595,0.3387
phenix,1OE4,0.2612,0.2948
phenix,1OMW,0.2793,0.3622
phenix,1OQE,0.2347,0.2694
phenix,1OSC,0.2177,0.2606
phenix,1OY5,0.3141,0.3649
phenix,1P3C,0.1957,0.2242
phenix,1P4X,0.3241,0.3579
phenix,1PG3,0.2132,0.2751
phenix,1PJR,0.3227,0.3484
phenix,1PXZ,0.2265,0.2493
phenix,1Q15,0.2368,0.2943
phenix,1QB5,0.1968,0.2343
phenix,1QD9,0.2537,0.3033
phenix,1QJV,0.2119,0.2681
phenix,1QZN,0.246,0.2843
phenix,1R1K,0.2521,0.3419
phenix,1R3U,0.2184,0.2736
phenix,1RFX,0.3551,0.3952
phenix,1RHC,0.2269,0.2486
phenix,1RJ1,0.2571,0.2854
phenix,1RJD,0.2483,0.2703
phenix,1RKG,0.2764,0.3368
phenix,1RZN,0.2326,0.2624
phenix,1S1C,0.2941,0.3796
phenix,1SO2,0.2466,0.2811
phenix,1SOT,0.319,0.3609
phenix,1T3I,0.2336,0.2619
phenix,1TE5,0.3121,0.3494
phenix,1TGS,0.2325,0.2862
phenix,1TML,0.1447,0.2303
phenix,1TVL,0.2528,0.2931
phenix,1U1I,0.2593,0.3186
phenix,1UEF,0.3635,0.4358
phenix,1UJK,0.299,0.3228
phenix,1UKV,0.3174,0.3514
phenix,1UTB,0.2321,0.2705
phenix,1UVQ,0.316,0.3455
phenix,1V8Q,0.2094,0.2849
phenix,1VB3,0.2352,0.2588
phenix,1VCE,0.2575,0.298
phenix,1VDD,0.2591,0.3041
phenix,1VER,0.2212,0.2575
phenix,1VK0,0.2541,0.2952
phenix,1VLM,0.2656,0.3379
phenix,1VR4,0.2813,0.3432
phenix,1VRQ,0.2472,0.2874
phenix,1W2Y,0.2693,0.2955
phenix,1W8A,0.1975,0.2548
phenix,1WD8,0.2241,0.2925
phenix,1WDV,0.2746,0.3079
phenix,1WLZ,0.2804,0.2999
phenix,1WTJ,0.267,0.2879
phenix,1WTY,0.2655,0.3148
phenix,1WU2,0.311,0.3618
phenix,1WV8,0.326,0.4414
phenix,1WW9,0.2751,0.3034
phenix,1X1Q,0.3062,0.3785
phenix,1X6O,0.2889,0.302
phenix,1XVS,0.2853,0.3202
phenix,1XX1,0.2491,0.2763
phenix,1Y7O,0.2911,0.3547
phenix,1Y8Q,0.2251,0.2568
phenix,1YEM,0.2494,0.2904
phenix,1YK3,0.2549,0.3037
phenix,1YMQ,0.2327,0.2649
phenix,1Z05,0.3377,0.3652
phenix,1Z3X,0.2631,0.2807
phenix,1ZEJ,0.2943,0.3187
phenix,1ZJ8,0.2247,0.2995
phenix,1ZKL,0.2515,0.2653
phenix,1ZZ0,0.231,0.25
phenix,2A25,0.3075,0.3708
phenix,2A3V,0.3978,0.454
phenix,2A9S,0.2287,0.2396
phenix,2ACJ,0.4229,0.511
phenix,2AE0,0.4619,0.483
phenix,2AG0,0.2174,0.2781
phenix,2AHR,0.293,0.3416
phenix,2AP2,0.4793,0.54
phenix,2AQ4,0.3141,0.3502
phenix,2B2N,0.3006,0.321
phenix,2B3X,0.3232,0.389
phenix,2B5E,0.391,0.4397
phenix,2B7O,0.2718,0.3043
phenix,2BON,0.2762,0.3124
phenix,2BTY,0.2605,0.3324
phenix,2C8X,0.3598,0.402
phenix,2C90,0.3624,0.4325
phenix,2CB4,0.2408,0.2891
phenix,2CCH,0.3516,0.373
phenix,2CCM,0.2493,0.2817
phenix,2CKL,0.3051,0.3298
phenix,2CZV,0.2538,0.293
phenix,2D0T,0.2304,0.2736
phenix,2D68,0.288,0.2713
phenix,2DOB,0.4748,0.4794
phenix,2DQ6,0.258,0.2733
phenix,2DRY,0.3219,0.4157
phenix,2DX6,0.283,0.3466
phenix,2E1M,0.45,0.5321
phenix,2EO4,0.2843,0.3304
phenix,2EU9,0.2744,0.2951
phenix,2EXU,0.4873,0.5172
phenix,2F1F,0.2803,0.3114
phenix,2F2E,0.284,0.3097
phenix,2F8L,0.2479,0.2664
phenix,2F9I,0.2422,0.2685
phenix,2F9Z,0.2547,0.3352
phenix,2FEX,0.2985,0.326
phenix,2FFF,0.23,0.2973
phenix,2FH9,0.3243,0.4059
phenix,2FTX,0.3032,0.3819
phenix,2G9W,0.4039,0.4433
phenix,2GA1,0.4603,0.4758
phenix,2GA9,0.233,0.3183
phenix,2GD9,0.3101,0.3504
phenix,2GT1,0.2932,0.341
phenix,2GUH,0.3445,0.3628
phenix,2HXW,0.2827,0.2991
phenix,2I53,0.2382,0.2522
phenix,2I7H,0.2612,0.3022
phenix,2IJE,0.2598,0.3011
phenix,2IO7,0.205,0.2801
phenix,2IUC,0.2254,0.2649
phenix,2IVF,0.2922,0.3253
phenix,2IVM,0.1981,0.2316
phenix,2JAC,0.2478,0.2894
phenix,2JFN,0.261,0.2693
phenix,2JH3,0.257,0.2947
phenix,2NLY,0.208,0.2366
phenix,2NN4,0.2565,0.3295
phenix,2NTX,0.3401,0.3799
phenix,2NVN,0.2994,0.3249
phenix,2OD8,0.3147,0.3765
phenix,2OO2,0.2414,0.2607
phenix,2OO3,0.206,0.2422
phenix,2P0U,0.2234,0.2607
phenix,2P1L,0.2885,0.341
phenix,2P38,0.316,0.3513
phenix,2P62,0.2652,0.3001
phenix,2P8J,0.2824,0.3149
phenix,2P8Q,0.3013,0.3482
phenix,2PAV,0.2773,0.3043
phenix,2PJS,0.2679,0.319
phenix,2PK9,0.3009,0.3604
phenix,2PN0,0.3675,0.4096
phenix,2PQN,0.3841,0.4067
phenix,2PQV,0.2754,0.3104
phenix,2PY2,0.2603,0.2944
phenix,2Q1Z,0.4235,0.4679
phenix,2QCO,0.2809,0.3096
phenix,2QE9,0.3304,0.3692
phenix,2QH9,0.2847,0.3325
phenix,2QHL,0.2683,0.2767
phenix,2QKL,0.3152,0.4227
phenix,2QL3,0.2668,0.3033
phenix,2QM7,0.2956,0.3301
phenix,2QML,0.3192,0.3599
phenix,2QOS,0.3036,0.36
phenix,2QSV,0.2894,0.347
phenix,2QYA,0.2928,0.3572
phenix,2R5F,0.282,0.3099
phenix,2R6R,0.2595,0.3032
phenix,2RCC,0.2934,0.325
phenix,2RH3,0.2313,0.2603
phenix,2V62,0.2562,0.2835
phenix,2VEF,0.2813,0.3169
phenix,2VUN,0.2309,0.2512
phenix,2VZB,0.2237,0.2817
phenix,2W3X,0.2507,0.2818
phenix,2W9Y,0.2792,0.3156
phenix,2WDZ,0.2343,0.2783
phenix,2WNH,0.2442,0.2627
phenix,2WP1,0.4593,0.4772
phenix,2X1C,0.2215,0.2404
phenix,2X26,0.4115,0.4654
phenix,2XD0,0.3804,0.4605
phenix,2XDO,0.2426,0.289
phenix,2XN4,0.2866,0.3276
phenix,2XPI,0.2223,0.2738
phenix,2XPL,0.2457,0.3258
phenix,2XVS,0.3498,0.4538
phenix,2Y9W,0.2686,0.3351
phenix,2YEU,0.3528,0.3866
phenix,2YFA,0.3393,0.373
phenix,2YGB,0.2464,0.3067
phenix,2YGK,0.3112,0.3805
phenix,2YJT,0.19,0.2614
phenix,2YN0,0.2508,0.2723
phenix,2Z1D,0.2394,0.278
phenix,2Z1Z,0.2053,0.252
phenix,2Z7E,0.3192,0.3716
phenix,2ZIU,0.465,0.5009
phenix,2ZME,0.3002,0.3738
phenix,2ZON,0.2388,0.2624
phenix,2ZUL,0.2554,0.2807
phenix,3A58,0.3258,0.3685
phenix,3ADO,0.2315,0.2527
phenix,3AMH,0.1977,0.2411
phenix,3AQG,0.2245,0.2824
phenix,3ATQ,0.2458,0.2885
phenix,3AV4,0.2913,0.3487
phenix,3B2D,0.2283,0.3204
phenix,3B8I,0.2669,0.3093
phenix,3BCI,0.2465,0.2834
phenix,3BGU,0.3294,0.3621
phenix,3BJ6,0.3272,0.3688
phenix,3BNK,0.2395,0.2914
phenix,3BVQ,0.2969,0.3617
phenix,3C7J,0.4973,0.5669
phenix,3CAX,0.2258,0.2366
phenix,3CB0,0.2583,0.2781
phenix,3CB5,0.2629,0.2993
phenix,3CBM,0.2728,0.3059
phenix,3CGG,0.2843,0.3225
phenix,3CMQ,0.2223,0.265
phenix,3CQO,0.2198,0.275
phenix,3CU3,0.3443,0.3926
phenix,3CXM,0.255,0.2611
phenix,3D1M,0.2773,0.2996
phenix,3D49,0.3821,0.395
phenix,3DEE,0.333,0.4388
phenix,3DIW,0.4306,0.4788
phenix,3DJD,0.2627,0.2951
phenix,3DJN,0.236,0.2429
phenix,3DLA,0.2084,0.25
phenix,3DXI,0.2859,0.3421
phenix,3E7P,0.2533,0.2924
phenix,3E8S,0.2806,0.2965
phenix,3E8V,0.2385,0.2546
phenix,3E98,0.338,0.3922
phenix,3E99,0.3102,0.3351
phenix,3EC1,0.33,0.3758
phenix,3ED4,0.294,0.3304
phenix,3EFY,0.2834,0.3085
phenix,3EUS,0.266,0.3041
phenix,3FBI,0.3251,0.3697
phenix,3FJU,0.2941,0.3051
phenix,3FKK,0.2319,0.2509
phenix,3FPR,0.2968,0.3212
phenix,3FVE,0.2558,0.29
phenix,3G39,0.2343,0.2496
phenix,3G3O,0.2566,0.2928
phenix,3G6L,0.263,0.2977
phenix,3G85,0.2928,0.3461
phenix,3GF6,0.2922,0.3339
phenix,3GLR,0.3145,0.3397
phenix,3GM5,0.301,0.3595
phenix,3GMV,0.2645,0.3107
phenix,3GQU,0.3441,0.3482
phenix,3GR5,0.2919,0.323
phenix,3GXQ,0.3749,0.3824
phenix,3H1T,0.2589,0.3156
phenix,3H6E,0.2437,0.3135
phenix,3H6R,0.2382,0.2749
phenix,3H7O,0.2318,0.2596
phenix,3HBC,0.2922,0.3464
phenix,3HHC,0.3285,0.439
phenix,3HL0,0.333,0.3659
phenix,3HST,0.2271,0.2822
phenix,3HTK,0.3828,0.4502
phenix,3HTV,0.3073,0.3631
phenix,3I38,0.3235,0.371
phenix,3IC8,0.2688,0.3403
phenix,3IHU,0.3498,0.4002
phenix,3IUG,0.2667,0.3027
phenix,3IVB,0.4363,0.5192
phenix,3JST,0.2507,0.29
phenix,3JWH,0.2904,0.3358
phenix,3KFW,0.3256,0.3805
phenix,3KGR,0.2658,0.3126
phenix,3KKD,0.3372,0.4027
phenix,3KKE,0.2398,0.2929
phenix,3KOL,0.3134,0.3733
phenix,3KXR,0.3689,0.4766
phenix,3KZP,0.3433,0.3999
phenix,3L1W,0.2481,0.2693
phenix,3L2H,0.295,0.3176
phenix,3L6F,0.3072,0.3304
phenix,3LLI,0.3137,0.3315
phenix,3LOC,0.2897,0.337
phenix,3LS0,0.2343,0.2367
phenix,3LW3,0.2567,0.2644
phenix,3M1T,0.3702,0.3747
phenix,3M91,0.5035,0.5343
phenix,3MB2,0.418,0.453
phenix,3MKR,0.2314,0.268
phenix,3ML3,0.2889,0.3102
phenix,3MML,0.2679,0.3104
phenix,3MQ2,0.3036,0.3448
phenix,3MV2,0.2327,0.3044
phenix,3MYU,0.2526,0.2967
phenix,3N39,0.2256,0.2911
phenix,3N55,0.3021,0.3048
phenix,3N5L,0.2772,0.3075
phenix,3N74,0.2207,0.2714
phenix,3N9U,0.2574,0.2846
phenix,3NJE,0.2898,0.311
phenix,3NO8,0.2585,0.3073
phenix,3OAP,0.2604,0.2572
phenix,3OC7,0.2354,0.2555
phenix,3OEC,0.256,0.2935
phenix,3OFJ,0.2296,0.3232
phenix,3OOQ,0.2522,0.2973
phenix,3P86,0.2447,0.2888
phenix,3PFY,0.3642,0.3983
phenix,3PPU,0.221,0.2663
phenix,3PZ8,0.2774,0.326
phenix,3QC1,0.3631,0.397
phenix,3QKL,0.2906,0.3009
phenix,3QLA,0.3594,0.3897
phenix,3QNM,0.2837,0.3036
phenix,3QTA,0.3382,0.3579
phenix,3QVJ,0.2658,0.3001
phenix,3R0Q,0.2365,0.3143
phenix,3R6B,0.4853,0.5303
phenix,3RAZ,0.2782,0.3323
phenix,3RLE,0.4524,0.4877
phenix,3RQ4,0.2928,0.3267
phenix,3RST,0.2142,0.2482
phenix,3SF5,0.2066,0.2879
phenix,3SHW,0.2256,0.3063
phenix,3SOL,0.2984,0.356
phenix,3SUZ,0.4068,0.4409
phenix,3T0Q,0.2919,0.3516
phenix,3T9O,0.2472,0.2976
phenix,3TCO,0.2421,0.2838
phenix,3THF,0.2802,0.312
phenix,3TIX,0.3245,0.3903
phenix,3TSZ,0.2615,0.3247
phenix,3TU7,0.3361,0.4449
phenix,3TVA,0.264,0.2758
phenix,3U1D,0.3166,0.3544
phenix,3U2A,0.3424,0.3515
phenix,3U66,0.3084,0.4011
phenix,3U9L,0.2611,0.3015
phenix,3UN9,0.3343,0.4123
phenix,3UNG,0.2968,0.3451
phenix,3UTN,0.2409,0.2621
phenix,3UVO,0.2481,0.322
phenix,3V70,0.2395,0.3105
phenix,3VD8,0.5165,0.5987
phenix,3VEP,0.5265,0.5495
phenix,3VFO,0.3136,0.3346
phenix,3VFP,0.2953,0.3348
phenix,3VHL,0.3053,0.3685
phenix,3VPB,0.2746,0.2992
phenix,3VRJ,0.3519,0.4059
phenix,3VSM,0.2307,0.2752
phenix,3VST,0.2316,0.2513
phenix,3VUQ,0.2899,0.3267
phenix,3VYN,0.1983,0.2514
phenix,3W0L,0.2869,0.3641
phenix,3W3T,0.2607,0.3369
phenix,3W3W,0.2483,0.2793
phenix,3W56,0.2774,0.3212
phenix,3W8W,0.2746,0.3257
phenix,3WNV,0.265,0.3025
phenix,3WTQ,0.2952,0.3208
phenix,3WW1,0.2214,0.2634
phenix,3X0X,0.2203,0.2719
phenix,3ZH9,0.2589,0.2808
phenix,3ZIE,0.2567,0.3008
phenix,4AK1,0.4101,0.4359
phenix,4ALY,0.225,0.2668
phenix,4AOM,0.26,0.3189
phenix,4AUP,0.2683,0.3239
phenix,4B18,0.2334,0.2715
phenix,4BU1,0.3635,0.4474
phenix,4BVE,0.2822,0.3143
phenix,4BX9,0.2529,0.3054
phenix,4C1S,0.2437,0.2797
phenix,4C6R,0.2826,0.3207
phenix,4CE5,0.2414,0.2541
phenix,4CGB,0.5331,0.5483
phenix,4CH9,0.2573,0.2714
phenix,4CKT,0.2728,0.3119
phenix,4CLF,0.3199,0.3618
phenix,4CSO,0.2159,0.3137
phenix,4D51,0.2793,0.3167
phenix,4DA2,0.2578,0.2904
phenix,4DOV,0.3424,0.3453
phenix,4EOY,0.371,0.4209
phenix,4EWI,0.3676,0.4373
phenix,4EX5,0.2551,0.2899
phenix,4F0F,0.3125,0.3452
phenix,4F27,0.3154,0.3391
phenix,4FC4,0.2139,0.2423
phenix,4FE9,0.2494,0.275
phenix,4FIX,0.2306,0.2728
phenix,4FYU,0.2591,0.2944
phenix,4G3H,0.3335,0.3915
phenix,4GMV,0.2465,0.3126
phenix,4H9D,0.3325,0.3798
phenix,4HIA,0.2813,0.3332
phenix,4HJW,0.2488,0.2901
phenix,4HKA,0.2745,0.314
phenix,4HUJ,0.273,0.3083
phenix,4ICH,0.2741,0.3403
phenix,4IDI,0.2866,0.3122
phenix,4JGX,0.2526,0.287
phenix,4JHN,0.2218,0.2497
phenix,4JX2,0.3073,0.3716
phenix,4K36,0.3104,0.3443
phenix,4KH9,0.2664,0.3114
phenix,4KYQ,0.2717,0.3339
phenix,4L7Z,0.2909,0.3361
phenix,4L9U,0.4828,0.5541
phenix,4LD7,0.2392,0.3143
phenix,4LZ2,0.2898,0.3356
phenix,4MAA,0.2431,0.2767
phenix,4ME9,0.2648,0.306
phenix,4MG5,0.2822,0.3203
phenix,4MG6,0.2731,0.3345
phenix,4MJG,0.2541,0.3198
phenix,4N39,0.3455,0.3718
phenix,4N5X,0.3368,0.4162
phenix,4NPJ,0.3189,0.3417
phenix,4NUF,0.367,0.4297
phenix,4NWZ,0.2564,0.3069
phenix,4O62,0.4116,0.4467
phenix,4O92,0.4157,0.4724
phenix,4OC8,0.385,0.4373
phenix,4OF8,0.2679,0.2986
phenix,4OFF,0.4395,0.5053
phenix,4OX3,0.2779,0.3185
phenix,4PDE,0.2152,0.2906
phenix,4PFS,0.2434,0.3219
phenix,4PQZ,0.2753,0.2918
phenix,4PRA,0.2951,0.332
phenix,4PSI,0.3965,0.4669
phenix,4PV4,0.2526,0.2765
phenix,4Q13,0.251,0.2921
phenix,4Q63,0.3427,0.4224
phenix,4QH8,0.2403,0.2734
phenix,4QKO,0.2921,0.3344
phenix,4QN8,0.2885,0.3252
phenix,4QQR,0.2457,0.3119
phenix,4QTP,0.2541,0.2885
phenix,4QXA,0.2836,0.3478
phenix,4R10,0.2503,0.2638
phenix,4RHO,0.3297,0.3891
phenix,4RK2,0.4315,0.4827
phenix,4RO5,0.3831,0.4197
phenix,4RQM,0.3309,0.3369
phenix,4TWL,0.2419,0.3052
phenix,4U7A,0.2442,0.2705
phenix,4UCI,0.4474,0.4827
phenix,4UDA,0.2729,0.3156
phenix,4UDP,0.2229,0.27
phenix,4UWX,0.3327,0.3716
phenix,4UYI,0.3029,0.2968
phenix,4V15,0.2445,0.2651
phenix,4W2R,0.2467,0.3126
phenix,4WAL,0.355,0.3889
phenix,4WIP,0.2524,0.3135
phenix,4WWM,0.2673,0.32
phenix,4X3E,0.2292,0.2868
phenix,4XLG,0.2751,0.2977
phenix,4ZSF,0.4228,0.4405
phenix,4ZV9,0.2528,0.2816
phenix,5A0T,0.267,0.2863
phenix,5AA5,0.2588,0.332
phenix,5AD0,0.234,0.3567
phenix,5B5I,0.4681,0.5079
phenix,5B5Q,0.2482,0.2759
phenix,5BOV,0.2455,0.2639
phenix,5BV6,0.3946,0.4633
phenix,5C5V,0.3717,0.3874
phenix,5C7F,0.2913,0.3573
phenix,5C8H,0.3156,0.3605
phenix,5CVR,0.2562,0.3123
phenix,5D5H,0.2084,0.2594
phenix,5DAY,0.3403,0.414
phenix,5DBE,0.2355,0.2686
phenix,5DRM,0.2529,0.2855
phenix,5E15,0.2807,0.3359
phenix,5EBB,0.2894,0.3442
phenix,5EG2,0.2569,0.2655
phenix,5EGE,0.241,0.279
phenix,5ETA,0.2692,0.3328
phenix,5G09,0.2429,0.2781
phenix,5G23,0.2618,0.2865
phenix,5G4I,0.2571,0.2659
phenix,5GHR,0.294,0.3562
phenix,5GJM,0.1961,0.2771
phenix,5GKV,0.2328,0.2673
phenix,5GOX,0.4701,0.5888
phenix,5GZI,0.2505,0.3044
phenix,5H5Y,0.309,0.3587
phenix,5HRJ,0.2971,0.3513
phenix,5I2H,0.2754,0.2793
phenix,5I47,0.2569,0.3062
phenix,5I9E,0.2871,0.3625
phenix,5IAW,0.2825,0.3597
phenix,5IQM,0.3071,0.3294
phenix,5IY4,0.3314,0.3882
phenix,5IYX,0.26,0.3241
phenix,5J0A,0.3787,0.4321
phenix,5J4A,0.2571,0.3006
phenix,5J9K,0.3195,0.384
phenix,5JD9,0.2669,0.2917
phenix,5JHO,0.2699,0.3304
phenix,5JI5,0.233,0.3027
phenix,5JTA,0.2171,0.2535
phenix,5K2X,0.3787,0.3919
phenix,5K6S,0.3092,0.3357
phenix,5LTD,0.2507,0.3164
phenix,5LU2,0.2815,0.3518
phenix,5LW0,0.2527,0.2712
phenix,5ME9,0.2678,0.3488
phenix,5MLK,0.2627,0.2894
phenix,5MLZ,0.3168,0.351
phenix,5MXY,0.3421,0.3561
phenix,5N6H,0.2292,0.2674
phenix,5N8R,0.3269,0.3761
phenix,5NTB,0.2316,0.245
phenix,5O6B,0.4176,0.4775
phenix,5OF1,0.3339,0.3655
phenix,5OF9,0.2888,0.3115
phenix,5OMB,0.3991,0.4355
phenix,5OU8,0.3797,0.4292
phenix,5Q1D,0.3921,0.4394
phenix,5Q1H,0.3458,0.4175
phenix,5SVE,0.2862,0.3359
phenix,5T0K,0.3313,0.3786
phenix,5T0M,0.3122,0.3707
phenix,5T1G,0.3042,0.3036
phenix,5TDY,0.438,0.5333
phenix,5TJA,0.2544,0.3299
phenix,5TLD,0.2472,0.3118
phenix,5TM9,0.265,0.3524
phenix,5TTA,0.2855,0.3267
phenix,5TV7,0.2598,0.2953
phenix,5U6K,0.2587,0.3049
phenix,5UQP,0.4573,0.5063
phenix,5UV4,0.2483,0.3091
phenix,5UX5,0.2425,0.2994
phenix,5UXG,0.247,0.2839
phenix,5UZU,0.2476,0.3137
phenix,5V8W,0.3145,0.3667
phenix,5VIA,0.271,0.2762
phenix,5VLB,0.2358,0.2929
phenix,5VQG,0.2691,0.36
phenix,5WB4,0.29,0.3415
phenix,5WJQ,0.5034,0.5772
phenix,5WRR,0.3246,0.364
phenix,5WWW,0.3694,0.2997
phenix,5X6S,0.2206,0.2536
phenix,5XG9,0.2804,0.2965
phenix,5XHW,0.2633,0.2831
phenix,5XMZ,0.2869,0.3436
phenix,5XRW,0.2886,0.3676
phenix,5XUK,0.2742,0.3148
phenix,5XUQ,0.2412,0.3673
phenix,5XVW,0.2558,0.2863
phenix,5Y9I,0.2875,0.3258
phenix,5YAY,0.2954,0.3132
phenix,5Z6D,0.2487,0.2873
phenix,5Z6V,0.2524,0.3103
phenix,5Z8L,0.3749,0.4572
phenix,5ZOO,0.2331,0.2404
phenix,6A0E,0.2433,0.3124
phenix,6A93,0.4495,0.4884
phenix,6AF3,0.4181,0.4841
phenix,6AGI,0.2409,0.3076
phenix,6B8Q,0.4096,0.4787
phenix,6CGO,0.3544,0.3993
phenix,6COK,0.2375,0.2819
phenix,6CQL,0.3664,0.4108
phenix,6CW5,0.3253,0.361
phenix,6D2V,0.2589,0.2945
phenix,6D97,0.1999,0.2461
phenix,6DDT,0.2401,0.3012
phenix,6DF3,0.2554,0.3066
phenix,6E0M,0.2957,0.3164
phenix,6EC7,0.3072,0.3551
phenix,6EUS,0.258,0.3001
phenix,6EWJ,0.2608,0.3061
phenix,6EYS,0.2289,0.2776
phenix,6F1S,0.2559,0.3028
phenix,6FJU,0.3566,0.3777
phenix,6FOK,0.2666,0.2894
phenix,6FX6,0.2889,0.3694
phenix,6GBS,0.376,0.4206
phenix,6GP7,0.3037,0.3161
phenix,6GXS,0.2579,0.2881
phenix,6HFG,0.2741,0.3119
phenix,6I1R,0.2416,0.286
phenix,6I50,0.2225,0.2378
phenix,6IIW,0.4297,0.4167
phenix,6IQJ,0.2501,0.3295
phenix,6IR8,0.4286,0.4717
phenix,6J17,0.2864,0.3143
phenix,6J72,0.3241,0.379
phenix,6J7Y,0.2547,0.2865
phenix,6JC4,0.2422,0.2943
phenix,6JJW,0.4801,0.5086
phenix,6JZA,0.2801,0.3361
phenix,6K6R,0.2551,0.2919
phenix,6L8E,0.4556,0.4989
phenix,6L9F,0.3048,0.373
phenix,6LKG,0.2469,0.2896
phenix,6M20,0.4154,0.4702
phenix,6N5U,0.2243,0.298
phenix,6O6N,0.2734,0.3022
phenix,6OHI,0.4442,0.5426
phenix,6PEU,0.2846,0.3267
phenix,6PJQ,0.2838,0.3675
phenix,6PNP,0.3,0.3331
phenix,6PUP,0.2928,0.3631
phenix,6R0L,0.2092,0.349
phenix,6R6T,0.2288,0.2907
phenix,6RFT,0.2667,0.3235
phenix,6RPT,0.3421,0.3954
phenix,6RR0,0.3858,0.4385
phenix,6RSN,0.2753,0.3068
phenix,6S2P,0.3291,0.4062
phenix,6SRB,0.2936,0.3078
phenix,6SXW,0.2808,0.3605
phenix,6T80,0.262,0.3436
phenix,6TCT,0.3265,0.3693
phenix,6TT5,0.274,0.3023
phenix,6TWJ,0.2509,0.2798
phenix,6U2D,0.2952,0.3105
phenix,6U75,0.2386,0.2938
phenix,6UB7,0.2524,0.2644
phenix,6V7M,0.3921,0.4377
phenix,6VD8,0.2745,0.3226
phenix,6VHI,0.2035,0.2277
phenix,6VPT,0.2289,0.3184
phenix,6VS7,0.4415,0.4948
phenix,6W9K,0.2682,0.2688
phenix,6WT6,0.2349,0.2898
phenix,6XZ6,0.2347,0.3022
phenix,6YFV,0.4065,0.454
phenix,6Z1S,0.2751,0.3174
phenix,6Z3U,0.3614,0.431
phenix,6ZH1,0.3315,0.3977
phenix,6ZUW,0.3719,0.4148
phenix,7AUI,0.2964,0.3298
phenix,7BV5,0.2974,0.368
phenix,7BW1,0.2728,0.3081
phenix,7C7E,0.4024,0.4677
phenix,7CFD,0.4131,0.4918
phenix,7CWW,0.3032,0.3459
phenix,7D86,0.3335,0.3633
phenix,7DUF,0.4233,0.5052
phenix,7E2E,0.362,0.4875
phenix,7EWF,0.3217,0.381
phenix,7F9K,0.3562,0.4316
phenix,7F9M,0.296,0.3403
phenix,7FHR,0.2693,0.3164
phenix,7JI4,0.3501,0.3864
phenix,7JN9,0.5493,0.5459
phenix,7K3J,0.4158,0.4712
phenix,7KQ0,0.2777,0.3401
phenix,7LF4,0.2585,0.3129
torchref,1A0F,0.2114,0.2435
torchref,1A46,0.3089,0.3341
torchref,1A4I,0.2959,0.3449
torchref,1A7V,0.2398,0.3105
torchref,1AJ6,0.2829,0.3107
torchref,1AK5,0.2011,0.2206
torchref,1ANU,0.196,0.2464
torchref,1APX,0.2424,0.2942
torchref,1AQZ,0.2277,0.2717
torchref,1B9K,0.2266,0.2772
torchref,1BIA,0.2887,0.3593
torchref,1BM7,0.2061,0.2511
torchref,1BX0,0.2268,0.2803
torchref,1BXE,0.305,0.3288
torchref,1BYW,0.2445,0.2473
torchref,1C3F,0.2465,0.3136
torchref,1CI0,0.2407,0.2883
torchref,1CSM,0.2089,0.2482
torchref,1DAW,0.2509,0.3032
torchref,1DLM,0.2129,0.2634
torchref,1DQ3,0.3221,0.3748
torchref,1DQ8,0.2075,0.2857
torchref,1E79,0.3373,0.3668
torchref,1EJ1,0.2637,0.3127
torchref,1EJH,0.2553,0.2963
torchref,1ETE,0.2769,0.3553
torchref,1EZW,0.2279,0.2428
torchref,1F97,0.2278,0.2566
torchref,1FG3,0.2575,0.316
torchref,1FIO,0.3749,0.4267
torchref,1FKM,0.2665,0.313
torchref,1FSI,0.2702,0.3205
torchref,1GHW,0.3371,0.4046
torchref,1GPQ,0.2415,0.2877
torchref,1GQ8,0.2298,0.2523
torchref,1GQ9,0.4012,0.3944
torchref,1GUI,0.271,0.3144
torchref,1GYJ,0.2511,0.3009
torchref,1H8V,0.2354,0.2786
torchref,1HN0,0.2373,0.2783
torchref,1HNO,0.2194,0.2575
torchref,1HTN,0.1872,0.2143
torchref,1I1N,0.2466,0.2788
torchref,1I3A,0.2555,0.3295
torchref,1IDQ,0.1949,0.2259
torchref,1IKN,0.3421,0.3717
torchref,1ITK,0.2405,0.2874
torchref,1J3P,0.2401,0.2769
torchref,1J53,0.292,0.3196
torchref,1J5W,0.26,0.3204
torchref,1J8B,0.3655,0.4232
torchref,1JAC,0.2535,0.3067
torchref,1JAD,0.3636,0.3893
torchref,1JN9,0.5162,0.5372
torchref,1JU3,0.2369,0.2641
torchref,1K6D,0.2361,0.2879
torchref,1K7T,0.2703,0.3218
torchref,1L9X,0.215,0.2472
torchref,1LNZ,0.4517,0.4799
torchref,1M6E,0.2269,0.249
torchref,1N0L,0.3058,0.3655
torchref,1N6J,0.3821,0.4338
torchref,1O4V,0.202,0.2392
torchref,1O5T,0.3052,0.382
torchref,1O6D,0.2585,0.2848
torchref,1OBR,0.1918,0.2226
torchref,1OC0,0.2598,0.3316
torchref,1OE4,0.2555,0.2952
torchref,1OMW,0.2685,0.3366
torchref,1OQE,0.2257,0.2596
torchref,1OSC,0.2116,0.2605
torchref,1OY5,0.3109,0.3519
torchref,1P3C,0.187,0.2256
torchref,1P4X,0.3214,0.3522
torchref,1PG3,0.2196,0.2752
torchref,1PJR,0.3199,0.3521
torchref,1PXZ,0.2184,0.2488
torchref,1Q15,0.2453,0.3009
torchref,1QB5,0.1884,0.2377
torchref,1QD9,0.2738,0.3277
torchref,1QJV,0.2215,0.2721
torchref,1QZN,0.2359,0.2809
torchref,1R1K,0.2821,0.3427
torchref,1R3U,0.2123,0.2721
torchref,1RFX,0.3363,0.3784
torchref,1RHC,0.2172,0.2472
torchref,1RJ1,0.2412,0.2757
torchref,1RJD,0.2391,0.2721
torchref,1RKG,0.265,0.3329
torchref,1RZN,0.23,0.2694
torchref,1S1C,0.3031,0.3776
torchref,1SO2,0.2417,0.2812
torchref,1SOT,0.3103,0.3489
torchref,1T3I,0.2288,0.2674
torchref,1TE5,0.3134,0.3512
torchref,1TGS,0.2231,0.2782
torchref,1TML,0.2031,0.2476
torchref,1TVL,0.2385,0.2752
torchref,1U1I,0.2671,0.3268
torchref,1UEF,0.3571,0.3995
torchref,1UJK,0.2863,0.3288
torchref,1UKV,0.3015,0.3433
torchref,1UTB,0.2258,0.2652
torchref,1UVQ,0.2953,0.3294
torchref,1V8Q,0.2618,0.3176
torchref,1VB3,0.2361,0.2641
torchref,1VCE,0.2531,0.3041
torchref,1VDD,0.2602,0.3074
torchref,1VER,0.2382,0.2683
torchref,1VK0,0.2524,0.3008
torchref,1VLM,0.2674,0.3267
torchref,1VR4,0.2833,0.3451
torchref,1VRQ,0.2392,0.2875
torchref,1W2Y,0.2607,0.2886
torchref,1W8A,0.2114,0.2787
torchref,1WD8,0.2327,0.2774
torchref,1WDV,0.2713,0.304
torchref,1WLZ,0.2706,0.2976
torchref,1WTJ,0.2434,0.2683
torchref,1WTY,0.2646,0.3176
torchref,1WU2,0.3153,0.3608
torchref,1WV8,0.327,0.4169
torchref,1WW9,0.2618,0.2974
torchref,1X1Q,0.3802,0.405
torchref,1X6O,0.2695,0.2893
torchref,1XVS,0.2798,0.3245
torchref,1XX1,0.2427,0.2749
torchref,1Y7O,0.3046,0.3451
torchref,1Y8Q,0.2202,0.2604
torchref,1YEM,0.2381,0.2832
torchref,1YK3,0.2533,0.3046
torchref,1YMQ,0.2209,0.2628
torchref,1Z05,0.3159,0.3473
torchref,1Z3X,0.2514,0.2789
torchref,1ZEJ,0.282,0.3146
torchref,1ZJ8,0.2374,0.2899
torchref,1ZKL,0.2414,0.2658
torchref,1ZZ0,0.2218,0.2474
torchref,2A25,0.2815,0.3404
torchref,2A3V,0.4386,0.4666
torchref,2A9S,0.2208,0.2389
torchref,2ACJ,0.449,0.4847
torchref,2AE0,0.4426,0.4775
torchref,2AG0,0.2246,0.2844
torchref,2AHR,0.2865,0.337
torchref,2AP2,0.5093,0.536
torchref,2AQ4,0.312,0.3463
torchref,2B2N,0.2805,0.3089
torchref,2B3X,0.3743,0.4118
torchref,2B5E,0.3891,0.4076
torchref,2B7O,0.2628,0.3001
torchref,2BON,0.2601,0.3171
torchref,2BTY,0.2827,0.3439
torchref,2C8X,0.3844,0.4115
torchref,2C90,0.3705,0.4231
torchref,2CB4,0.2456,0.293
torchref,2CCH,0.3105,0.3435
torchref,2CCM,0.2406,0.2777
torchref,2CKL,0.3068,0.3374
torchref,2CZV,0.2499,0.2907
torchref,2D0T,0.2253,0.2731
torchref,2D68,0.2778,0.2615
torchref,2DOB,0.5684,0.5667
torchref,2DQ6,0.2459,0.2669
torchref,2DRY,0.3192,0.4185
torchref,2DX6,0.2908,0.3652
torchref,2E1M,0.4867,0.5627
torchref,2EO4,0.2669,0.319
torchref,2EU9,0.2579,0.2893
torchref,2EXU,0.4913,0.5126
torchref,2F1F,0.2559,0.2896
torchref,2F2E,0.2783,0.3222
torchref,2F8L,0.2433,0.2666
torchref,2F9I,0.2298,0.2665
torchref,2F9Z,0.2586,0.3217
torchref,2FEX,0.2911,0.3269
torchref,2FFF,0.2257,0.2907
torchref,2FH9,0.3405,0.3793
torchref,2FTX,0.2886,0.3766
torchref,2G9W,0.3989,0.427
torchref,2GA1,0.4866,0.5062
torchref,2GA9,0.2477,0.3214
torchref,2GD9,0.3121,0.3538
torchref,2GT1,0.2793,0.3342
torchref,2GUH,0.34,0.3631
torchref,2HXW,0.2688,0.2938
torchref,2I53,0.2272,0.25
torchref,2I7H,0.254,0.2974
torchref,2IJE,0.2539,0.3
torchref,2IO7,0.2192,0.2785
torchref,2IUC,0.2246,0.2698
torchref,2IVF,0.2868,0.3253
torchref,2IVM,0.1921,0.2239
torchref,2JAC,0.2436,0.2881
torchref,2JFN,0.2475,0.2625
torchref,2JH3,0.255,0.2965
torchref,2NLY,0.2166,0.2366
torchref,2NN4,0.2483,0.3059
torchref,2NTX,0.3385,0.3793
torchref,2NVN,0.2727,0.2897
torchref,2OD8,0.2778,0.3497
torchref,2OO2,0.2363,0.2721
torchref,2OO3,0.2033,0.2459
torchref,2P0U,0.2175,0.2608
torchref,2P1L,0.2805,0.3372
torchref,2P38,0.3016,0.3468
torchref,2P62,0.2462,0.2815
torchref,2P8J,0.277,0.3147
torchref,2P8Q,0.3139,0.3601
torchref,2PAV,0.2638,0.2973
torchref,2PJS,0.2632,0.3202
torchref,2PK9,0.311,0.3631
torchref,2PN0,0.3622,0.405
torchref,2PQN,0.3268,0.3489
torchref,2PQV,0.2618,0.3001
torchref,2PY2,0.2487,0.2862
torchref,2Q1Z,0.4363,0.4588
torchref,2QCO,0.2903,0.3064
torchref,2QE9,0.32,0.37
torchref,2QH9,0.2732,0.3327
torchref,2QHL,0.2592,0.2785
torchref,2QKL,0.306,0.3949
torchref,2QL3,0.2601,0.3012
torchref,2QM7,0.2866,0.3326
torchref,2QML,0.313,0.3632
torchref,2QOS,0.2953,0.3474
torchref,2QSV,0.2769,0.3352
torchref,2QYA,0.2958,0.3472
torchref,2R5F,0.2685,0.3084
torchref,2R6R,0.2535,0.3078
torchref,2RCC,0.2869,0.3226
torchref,2RH3,0.2265,0.2585
torchref,2V62,0.2469,0.2802
torchref,2VEF,0.2756,0.3243
torchref,2VUN,0.2215,0.2501
torchref,2VZB,0.2248,0.2891
torchref,2W3X,0.236,0.276
torchref,2W9Y,0.2753,0.3064
torchref,2WDZ,0.2315,0.2766
torchref,2WNH,0.2364,0.2623
torchref,2WP1,0.4502,0.4717
torchref,2X1C,0.2113,0.2406
torchref,2X26,0.4161,0.4784
torchref,2XD0,0.4262,0.4582
torchref,2XDO,0.2433,0.2932
torchref,2XN4,0.355,0.3795
torchref,2XPI,0.2355,0.2825
torchref,2XPL,0.253,0.3265
torchref,2XVS,0.3481,0.4339
torchref,2Y9W,0.2739,0.3375
torchref,2YEU,0.3587,0.392
torchref,2YFA,0.3376,0.3763
torchref,2YGB,0.284,0.3216
torchref,2YGK,0.3089,0.3465
torchref,2YJT,0.2764,0.3382
torchref,2YN0,0.2429,0.2743
torchref,2Z1D,0.2347,0.2787
torchref,2Z1Z,0.2054,0.2482
torchref,2Z7E,0.3046,0.352
torchref,2ZIU,0.462,0.4991
torchref,2ZME,0.3105,0.3525
torchref,2ZON,0.2341,0.2662
torchref,2ZUL,0.2441,0.2726
torchref,3A58,0.3296,0.3595
torchref,3ADO,0.2223,0.2549
torchref,3AMH,0.192,0.2454
torchref,3AQG,0.2577,0.3316
torchref,3ATQ,0.2357,0.2797
torchref,3AV4,0.3216,0.3675
torchref,3B2D,0.2866,0.3586
torchref,3B8I,0.2543,0.3031
torchref,3BCI,0.2363,0.2918
torchref,3BGU,0.3177,0.3541
torchref,3BJ6,0.3162,0.3446
torchref,3BNK,0.2329,0.2882
torchref,3BVQ,0.3259,0.375
torchref,3C7J,0.518,0.5555
torchref,3CAX,0.2182,0.2345
torchref,3CB0,0.2487,0.2754
torchref,3CB5,0.2638,0.3051
torchref,3CBM,0.2512,0.285
torchref,3CGG,0.2849,0.337
torchref,3CMQ,0.2226,0.2612
torchref,3CQO,0.219,0.2707
torchref,3CU3,0.4046,0.4191
torchref,3CXM,0.2405,0.2635
torchref,3D1M,0.2672,0.2916
torchref,3D49,0.3561,0.3594
torchref,3DEE,0.3436,0.435
torchref,3DIW,0.3727,0.4208
torchref,3DJD,0.2573,0.298
torchref,3DJN,0.2299,0.2308
torchref,3DLA,0.2097,0.2609
torchref,3DXI,0.2911,0.3482
torchref,3E7P,0.2335,0.2809
torchref,3E8S,0.2664,0.2952
torchref,3E8V,0.2435,0.2577
torchref,3E98,0.3482,0.3948
torchref,3E99,0.3039,0.3227
torchref,3EC1,0.3242,0.3842
torchref,3ED4,0.2825,0.3304
torchref,3EFY,0.2687,0.3012
torchref,3EUS,0.251,0.2906
torchref,3FBI,0.3064,0.3458
torchref,3FJU,0.2917,0.3098
torchref,3FKK,0.2298,0.2549
torchref,3FPR,0.2658,0.3011
torchref,3FVE,0.2541,0.2896
torchref,3G39,0.2275,0.2461
torchref,3G3O,0.2598,0.3074
torchref,3G6L,0.2615,0.3101
torchref,3G85,0.2862,0.3456
torchref,3GF6,0.2876,0.3425
torchref,3GLR,0.2834,0.3261
torchref,3GM5,0.302,0.3824
torchref,3GMV,0.3257,0.3812
torchref,3GQU,0.3325,0.3497
torchref,3GR5,0.2828,0.3195
torchref,3GXQ,0.3698,0.4064
torchref,3H1T,0.2626,0.3126
torchref,3H6E,0.2612,0.3184
torchref,3H6R,0.2297,0.2703
torchref,3H7O,0.2243,0.2557
torchref,3HBC,0.2856,0.3303
torchref,3HHC,0.3455,0.4159
torchref,3HL0,0.3179,0.3575
torchref,3HST,0.2314,0.2824
torchref,3HTK,0.3752,0.4232
torchref,3HTV,0.2877,0.3581
torchref,3I38,0.314,0.3627
torchref,3IC8,0.2852,0.3489
torchref,3IHU,0.3479,0.4112
torchref,3IUG,0.253,0.3006
torchref,3IVB,0.3915,0.479
torchref,3JST,0.2469,0.2874
torchref,3JWH,0.2857,0.3304
torchref,3KFW,0.3223,0.3664
torchref,3KGR,0.263,0.3126
torchref,3KKD,0.3388,0.4016
torchref,3KKE,0.2345,0.2873
torchref,3KOL,0.3033,0.3563
torchref,3KXR,0.3721,0.4392
torchref,3KZP,0.3377,0.3862
torchref,3L1W,0.2413,0.2689
torchref,3L2H,0.2881,0.3158
torchref,3L6F,0.2965,0.3312
torchref,3LLI,0.3023,0.3175
torchref,3LOC,0.2873,0.3267
torchref,3LS0,0.2291,0.2355
torchref,3LW3,0.2463,0.2641
torchref,3M1T,0.3524,0.3681
torchref,3M91,0.489,0.4946
torchref,3MB2,0.4197,0.4425
torchref,3MKR,0.2308,0.2697
torchref,3ML3,0.2679,0.3092
torchref,3MML,0.2731,0.3159
torchref,3MQ2,0.2973,0.3388
torchref,3MV2,0.2525,0.3028
torchref,3MYU,0.2478,0.2984
torchref,3N39,0.2258,0.2887
torchref,3N55,0.2914,0.3058
torchref,3N5L,0.2716,0.3086
torchref,3N74,0.225,0.2723
torchref,3N9U,0.2518,0.286
torchref,3NJE,0.265,0.2963
torchref,3NO8,0.2568,0.3234
torchref,3OAP,0.2468,0.2562
torchref,3OC7,0.2226,0.2525
torchref,3OEC,0.2491,0.2951
torchref,3OFJ,0.2702,0.3471
torchref,3OOQ,0.2511,0.3002
torchref,3P86,0.2425,0.2885
torchref,3PFY,0.343,0.3788
torchref,3PPU,0.2232,0.2644
torchref,3PZ8,0.2817,0.3192
torchref,3QC1,0.3469,0.389
torchref,3QKL,0.2583,0.2941
torchref,3QLA,0.347,0.3826
torchref,3QNM,0.2784,0.3129
torchref,3QTA,0.3304,0.3501
torchref,3QVJ,0.2649,0.3096
torchref,3R0Q,0.2668,0.3303
torchref,3R6B,0.5003,0.5204
torchref,3RAZ,0.2668,0.3256
torchref,3RLE,0.4506,0.4895
torchref,3RQ4,0.2832,0.3307
torchref,3RST,0.2107,0.2514
torchref,3SF5,0.218,0.299
torchref,3SHW,0.2548,0.2919
torchref,3SOL,0.2977,0.3355
torchref,3SUZ,0.4111,0.4564
torchref,3T0Q,0.2911,0.3517
torchref,3T9O,0.2531,0.3066
torchref,3TCO,0.2321,0.2888
torchref,3THF,0.2697,0.303
torchref,3TIX,0.3365,0.3896
torchref,3TSZ,0.2613,0.3138
torchref,3TU7,0.4436,0.5156
torchref,3TVA,0.2521,0.2733
torchref,3U1D,0.307,0.3539
torchref,3U2A,0.3286,0.3515
torchref,3U66,0.3374,0.4378
torchref,3U9L,0.2574,0.3011
torchref,3UN9,0.3449,0.3941
torchref,3UNG,0.2915,0.3375
torchref,3UTN,0.2333,0.2671
torchref,3UVO,0.2454,0.3369
torchref,3V70,0.239,0.3052
torchref,3VD8,0.5187,0.5993
torchref,3VEP,0.5132,0.5214
torchref,3VFO,0.3167,0.3462
torchref,3VFP,0.3607,0.3972
torchref,3VHL,0.3144,0.3698
torchref,3VPB,0.2644,0.2936
torchref,3VRJ,0.3534,0.4055
torchref,3VSM,0.2288,0.2746
torchref,3VST,0.2209,0.2508
torchref,3VUQ,0.2913,0.3282
torchref,3VYN,0.2114,0.2586
torchref,3W0L,0.3371,0.3862
torchref,3W3T,0.2859,0.3425
torchref,3W3W,0.2498,0.2856
torchref,3W56,0.2652,0.3158
torchref,3W8W,0.2626,0.3238
torchref,3WNV,0.2563,0.3006
torchref,3WTQ,0.2736,0.2991
torchref,3WW1,0.2156,0.2655
torchref,3X0X,0.2178,0.2736
torchref,3ZH9,0.2432,0.2716
torchref,3ZIE,0.2537,0.3113
torchref,4AK1,0.4093,0.4353
torchref,4ALY,0.2281,0.2611
torchref,4AOM,0.2617,0.3143
torchref,4AUP,0.2597,0.3306
torchref,4B18,0.223,0.2682
torchref,4BU1,0.385,0.4677
torchref,4BVE,0.2781,0.3152
torchref,4BX9,0.2582,0.3074
torchref,4C1S,0.2403,0.287
torchref,4C6R,0.2762,0.3209
torchref,4CE5,0.2336,0.2521
torchref,4CGB,0.5236,0.5875
torchref,4CH9,0.2421,0.2627
torchref,4CKT,0.3797,0.3371
torchref,4CLF,0.3032,0.3405
torchref,4CSO,0.2283,0.3144
torchref,4D51,0.2665,0.3154
torchref,4DA2,0.2522,0.296
torchref,4DOV,0.3283,0.336
torchref,4EOY,0.3783,0.4386
torchref,4EWI,0.3622,0.4307
torchref,4EX5,0.239,0.2773
torchref,4F0F,0.2969,0.3382
torchref,4F27,0.2758,0.3187
torchref,4FC4,0.2123,0.2497
torchref,4FE9,0.2452,0.2804
torchref,4FIX,0.23,0.2754
torchref,4FYU,0.2606,0.3006
torchref,4G3H,0.3313,0.3863
torchref,4GMV,0.2609,0.3228
torchref,4H9D,0.3285,0.3952
torchref,4HIA,0.2835,0.3391
torchref,4HJW,0.2477,0.2962
torchref,4HKA,0.2609,0.2911
torchref,4HUJ,0.2643,0.315
torchref,4ICH,0.2634,0.328
torchref,4IDI,0.2807,0.3127
torchref,4JGX,0.2491,0.2917
torchref,4JHN,0.213,0.2498
torchref,4JX2,0.3732,0.4226
torchref,4K36,0.3016,0.3485
torchref,4KH9,0.2604,0.3092
torchref,4KYQ,0.2683,0.3308
torchref,4L7Z,0.286,0.3314
torchref,4L9U,0.4686,0.5151
torchref,4LD7,0.2745,0.3238
torchref,4LZ2,0.2769,0.3302
torchref,4MAA,0.2373,0.2801
torchref,4ME9,0.2809,0.3231
torchref,4MG5,0.2571,0.2921
torchref,4MG6,0.245,0.3149
torchref,4MJG,0.2627,0.3305
torchref,4N39,0.3093,0.3489
torchref,4N5X,0.3716,0.4357
torchref,4NPJ,0.3187,0.3454
torchref,4NUF,0.3799,0.4291
torchref,4NWZ,0.2632,0.3139
torchref,4O62,0.4019,0.4367
torchref,4O92,0.438,0.4718
torchref,4OC8,0.4132,0.4539
torchref,4OF8,0.2571,0.3002
torchref,4OFF,0.4883,0.5242
torchref,4OX3,0.2684,0.3182
torchref,4PDE,0.2458,0.3006
torchref,4PFS,0.2522,0.3206
torchref,4PQZ,0.2666,0.288
torchref,4PRA,0.2697,0.3098
torchref,4PSI,0.39,0.4642
torchref,4PV4,0.2466,0.2764
torchref,4Q13,0.269,0.3141
torchref,4Q63,0.3289,0.3914
torchref,4QH8,0.2405,0.2869
torchref,4QKO,0.2895,0.3381
torchref,4QN8,0.2856,0.3287
torchref,4QQR,0.2494,0.3054
torchref,4QTP,0.2498,0.2936
torchref,4QXA,0.2776,0.3403
torchref,4R10,0.2297,0.2538
torchref,4RHO,0.3411,0.3908
torchref,4RK2,0.4343,0.4933
torchref,4RO5,0.3829,0.4182
torchref,4RQM,0.3135,0.3343
torchref,4TWL,0.2379,0.3016
torchref,4U7A,0.2325,0.2634
torchref,4UCI,0.4786,0.4845
torchref,4UDA,0.2524,0.2844
torchref,4UDP,0.2217,0.2734
torchref,4UWX,0.2848,0.3271
torchref,4UYI,0.2896,0.2899
torchref,4V15,0.2335,0.261
torchref,4W2R,0.2597,0.3132
torchref,4WAL,0.3443,0.3925
torchref,4WIP,0.27,0.3199
torchref,4WWM,0.2599,0.3063
torchref,4X3E,0.2407,0.2849
torchref,4XLG,0.2607,0.2834
torchref,4ZSF,0.4221,0.4385
torchref,4ZV9,0.2506,0.2851
torchref,5A0T,0.2324,0.2602
torchref,5AA5,0.2821,0.3416
torchref,5AD0,0.4075,0.4391
torchref,5B5I,0.4552,0.486
torchref,5B5Q,0.2447,0.2843
torchref,5BOV,0.2386,0.2683
torchref,5BV6,0.408,0.4492
torchref,5C5V,0.3674,0.3913
torchref,5C7F,0.2855,0.3392
torchref,5C8H,0.3036,0.3462
torchref,5CVR,0.3157,0.3258
torchref,5D5H,0.2212,0.2704
torchref,5DAY,0.3411,0.4082
torchref,5DBE,0.2509,0.3019
torchref,5DRM,0.2419,0.2809
torchref,5E15,0.2621,0.317
torchref,5EBB,0.32,0.3856
torchref,5EG2,0.2459,0.2607
torchref,5EGE,0.2406,0.2788
torchref,5ETA,0.2904,0.3396
torchref,5G09,0.2333,0.2775
torchref,5G23,0.2476,0.283
torchref,5G4I,0.2405,0.2576
torchref,5GHR,0.3019,0.3528
torchref,5GJM,0.3492,0.3842
torchref,5GKV,0.2242,0.2785
torchref,5GOX,0.4752,0.5524
torchref,5GZI,0.2512,0.3067
torchref,5H5Y,0.3095,0.3685
torchref,5HRJ,0.2905,0.3363
torchref,5I2H,0.2657,0.2813
torchref,5I47,0.2778,0.3299
torchref,5I9E,0.3114,0.369
torchref,5IAW,0.304,0.3664
torchref,5IQM,0.2986,0.322
torchref,5IY4,0.3392,0.3818
torchref,5IYX,0.2599,0.3256
torchref,5J0A,0.3877,0.4213
torchref,5J4A,0.2502,0.3049
torchref,5J9K,0.3236,0.3747
torchref,5JD9,0.251,0.2926
torchref,5JHO,0.2567,0.3108
torchref,5JI5,0.2377,0.3036
torchref,5JTA,0.2147,0.2512
torchref,5K2X,0.3713,0.3897
torchref,5K6S,0.27,0.2919
torchref,5LTD,0.2645,0.3157
torchref,5LU2,0.2701,0.3353
torchref,5LW0,0.2413,0.2771
torchref,5ME9,0.2797,0.3478
torchref,5MLK,0.2395,0.2763
torchref,5MLZ,0.2981,0.3315
torchref,5MXY,0.3495,0.3779
torchref,5N6H,0.248,0.2743
torchref,5N8R,0.3185,0.3643
torchref,5NTB,0.2227,0.2352
torchref,5O6B,0.4246,0.4588
torchref,5OF1,0.299,0.3475
torchref,5OF9,0.2757,0.3039
torchref,5OMB,0.4027,0.4428
torchref,5OU8,0.3464,0.3856
torchref,5Q1D,0.3545,0.403
torchref,5Q1H,0.3415,0.3997
torchref,5SVE,0.3141,0.3598
torchref,5T0K,0.3233,0.3723
torchref,5T0M,0.3025,0.3717
torchref,5T1G,0.2836,0.2942
torchref,5TDY,0.4385,0.4945
torchref,5TJA,0.2543,0.3243
torchref,5TLD,0.2444,0.3034
torchref,5TM9,0.2578,0.3316
torchref,5TTA,0.2747,0.3174
torchref,5TV7,0.2486,0.2906
torchref,5U6K,0.2329,0.2822
torchref,5UQP,0.4696,0.5198
torchref,5UV4,0.2411,0.2893
torchref,5UX5,0.2437,0.3002
torchref,5UXG,0.2399,0.2838
torchref,5UZU,0.2435,0.3067
torchref,5V8W,0.315,0.3647
torchref,5VIA,0.2647,0.2776
torchref,5VLB,0.2333,0.2948
torchref,5VQG,0.3584,0.3959
torchref,5WB4,0.2914,0.3379
torchref,5WJQ,0.5624,0.5738
torchref,5WRR,0.3022,0.3421
torchref,5WWW,0.3562,0.3131
torchref,5X6S,0.216,0.2567
torchref,5XG9,0.2718,0.3046
torchref,5XHW,0.2536,0.2755
torchref,5XMZ,0.2745,0.3312
torchref,5XRW,0.3979,0.4754
torchref,5XUK,0.266,0.3069
torchref,5XUQ,0.264,0.3545
torchref,5XVW,0.2455,0.2834
torchref,5Y9I,0.2842,0.3282
torchref,5YAY,0.2857,0.3181
torchref,5Z6D,0.2343,0.284
torchref,5Z6V,0.2538,0.3132
torchref,5Z8L,0.2831,0.3634
torchref,5ZOO,0.2318,0.2478
torchref,6A0E,0.2329,0.309
torchref,6A93,0.4783,0.497
torchref,6AF3,0.4328,0.4581
torchref,6AGI,0.2693,0.3155
torchref,6B8Q,0.4293,0.4739
torchref,6CGO,0.3597,0.4037
torchref,6COK,0.2295,0.2851
torchref,6CQL,0.3711,0.3988
torchref,6CW5,0.3146,0.3513
torchref,6D2V,0.2498,0.2896
torchref,6D97,0.1984,0.2521
torchref,6DDT,0.2415,0.2972
torchref,6DF3,0.2461,0.3073
torchref,6E0M,0.277,0.2954
torchref,6EC7,0.3016,0.3472
torchref,6EUS,0.2589,0.3019
torchref,6EWJ,0.2595,0.3102
torchref,6EYS,0.2319,0.2856
torchref,6F1S,0.2635,0.2695
torchref,6FJU,0.3486,0.3728
torchref,6FOK,0.2513,0.2808
torchref,6FX6,0.29,0.3769
torchref,6GBS,0.3675,0.4167
torchref,6GP7,0.2878,0.304
torchref,6GXS,0.252,0.2912
torchref,6HFG,0.275,0.3098
torchref,6I1R,0.2381,0.281
torchref,6I50,0.2156,0.2329
torchref,6IIW,0.4262,0.4039
torchref,6IQJ,0.2506,0.3283
torchref,6IR8,0.4787,0.4674
torchref,6J17,0.2788,0.3165
torchref,6J72,0.327,0.3777
torchref,6J7Y,0.2407,0.2767
torchref,6JC4,0.2424,0.2997
torchref,6JJW,0.4998,0.5487
torchref,6JZA,0.2897,0.3829
torchref,6K6R,0.2535,0.2822
torchref,6L8E,0.4563,0.4855
torchref,6L9F,0.3244,0.3794
torchref,6LKG,0.2398,0.2882
torchref,6M20,0.4233,0.4669
torchref,6N5U,0.2378,0.3021
torchref,6O6N,0.2593,0.2936
torchref,6OHI,0.4948,0.5771
torchref,6PEU,0.3009,0.342
torchref,6PJQ,0.3066,0.4018
torchref,6PNP,0.2695,0.2993
torchref,6PUP,0.2795,0.3329
torchref,6R0L,0.3879,0.3868
torchref,6R6T,0.2295,0.2952
torchref,6RFT,0.2758,0.3246
torchref,6RPT,0.3472,0.3989
torchref,6RR0,0.4159,0.4444
torchref,6RSN,0.2568,0.2869
torchref,6S2P,0.3188,0.3915
torchref,6SRB,0.2795,0.309
torchref,6SXW,0.2829,0.382
torchref,6T80,0.2963,0.3665
torchref,6TCT,0.3163,0.3607
torchref,6TT5,0.2581,0.295
torchref,6TWJ,0.2455,0.2806
torchref,6U2D,0.2855,0.3246
torchref,6U75,0.2517,0.2952
torchref,6UB7,0.235,0.264
torchref,6V7M,0.3951,0.4606
torchref,6VD8,0.2964,0.3646
torchref,6VHI,0.2114,0.2531
torchref,6VPT,0.2583,0.3093
torchref,6VS7,0.4912,0.5205
torchref,6W9K,0.2464,0.2516
torchref,6WT6,0.272,0.3235
torchref,6XZ6,0.2432,0.3015
torchref,6YFV,0.4187,0.4511
torchref,6Z1S,0.2641,0.312
torchref,6Z3U,0.4362,0.462
torchref,6ZH1,0.3267,0.3959
torchref,6ZUW,0.3536,0.4002
torchref,7AUI,0.2807,0.3205
torchref,7BV5,0.3178,0.3662
torchref,7BW1,0.2779,0.3072
torchref,7C7E,0.4039,0.4607
torchref,7CFD,0.3847,0.4559
torchref,7CWW,0.2763,0.326
torchref,7D86,0.3135,0.3498
torchref,7DUF,0.4373,0.5046
torchref,7E2E,0.4211,0.5103
torchref,7EWF,0.3395,0.376
torchref,7F9K,0.3826,0.431
torchref,7F9M,0.2978,0.3405
torchref,7FHR,0.2588,0.3022
torchref,7JI4,0.3435,0.4217
torchref,7JN9,0.5608,0.5314
torchref,7K3J,0.296,0.3259
torchref,7KQ0,0.2854,0.3486
torchref,7LF4,0.2662,0.3095
