engine,box_position,code,runtime_min
refmac,0,1A0F,0.45
refmac,0,1A46,0.416667
refmac,0,1A4I,0.933333
refmac,0,1A7V,0.283333
refmac,0,1AJ6,0.25
refmac,0,1AK5,1.616667
refmac,0,1ANU,0.233333
refmac,0,1APX,1.283333
refmac,0,1AQZ,0.433333
refmac,0,1B9K,0.3
refmac,0,1BIA,0.35
refmac,0,1BM7,0.333333
refmac,0,1BX0,0.433333
refmac,0,1BXE,0.25
refmac,0,1BYW,0.2
refmac,0,1C3F,0.333333
refmac,0,1CI0,0.416667
refmac,0,1CSM,0.766667
refmac,0,1DAW,0.45
refmac,0,1DLM,0.616667
refmac,0,1DQ3,0.483333
refmac,0,1DQ8,1.366667
refmac,0,1e+79,2.466667
refmac,0,1EJ1,0.383333
refmac,0,1EJH,0.733333
refmac,0,1ETE,0.633333
refmac,0,1EZW,1.2
refmac,0,1F97,0.266667
refmac,0,1FG3,0.4
refmac,0,1FIO,0.316667
refmac,0,1FKM,0.583333
refmac,0,1FSI,0.766667
refmac,0,1GHW,0.55
refmac,0,1GPQ,0.65
refmac,0,1GQ8,0.516667
refmac,0,1GQ9,0.383333
refmac,0,1GUI,0.316667
refmac,0,1GYJ,0.25
refmac,0,1H8V,0.983333
refmac,0,1HN0,0.916667
refmac,0,1HNO,0.683333
refmac,0,1HTN,0.283333
refmac,0,1I1N,0.35
refmac,0,1I3A,0.316667
refmac,0,1IDQ,0.816667
refmac,0,1IKN,0.633333
refmac,0,1ITK,1.316667
refmac,0,1J3P,0.416667
refmac,0,1J53,0.283333
refmac,0,1J5W,0.766667
refmac,0,1J8B,0.233333
refmac,0,1JAC,0.616667
refmac,0,1JAD,0.483333
refmac,0,1JN9,0.583333
refmac,0,1JU3,1.116667
refmac,0,1K6D,0.633333
refmac,0,1K7T,0.366667
refmac,0,1L9X,1.616667
refmac,0,1LNZ,0.45
refmac,0,1M6E,0.383333
refmac,0,1N0L,0.283333
refmac,0,1N6J,0.2
refmac,0,1O4V,0.216667
refmac,0,1O5T,0.283333
refmac,0,1O6D,0.333333
refmac,0,1OBR,0.75
refmac,0,1OC0,0.433333
refmac,0,1OE4,0.733333
refmac,0,1OMW,1.383333
refmac,0,1OSC,0.666667
refmac,0,1OY5,0.816667
refmac,0,1P3C,0.466667
refmac,0,1P4X,0.583333
refmac,0,1PG3,0.916667
refmac,0,1PJR,0.783333
refmac,0,1PXZ,0.816667
refmac,0,1Q15,1.583333
refmac,0,1QB5,0.6
refmac,0,1QD9,0.533333
refmac,0,1QJV,0.483333
refmac,0,1QZN,0.283333
refmac,0,1R1K,0.483333
refmac,0,1R3U,0.416667
refmac,0,1RFX,0.433333
refmac,0,1RHC,0.55
refmac,0,1RJ1,0.3
refmac,0,1RJD,1.433333
refmac,0,1RKG,0.383333
refmac,0,1RZN,0.433333
refmac,0,1S1C,0.35
refmac,0,1SO2,1.483333
refmac,0,1SOT,1.116667
refmac,0,1T3I,0.916667
refmac,0,1TE5,0.55
refmac,0,1TGS,0.366667
refmac,0,1TML,0.25
refmac,0,1TVL,0.616667
refmac,0,1U1I,1.516667
refmac,0,1UEF,0.316667
refmac,0,1UJK,0.4
refmac,0,1UKV,0.966667
refmac,0,1UTB,0.65
refmac,0,1UVQ,0.583333
refmac,0,1V8Q,0.266667
refmac,0,1VB3,0.466667
refmac,0,1VCE,0.65
refmac,0,1VDD,0.866667
refmac,0,1VER,0.216667
refmac,0,1VK0,1.283333
refmac,0,1VLM,0.5
refmac,0,1VR4,0.5
refmac,0,1W2Y,0.6
refmac,0,1W8A,0.25
refmac,0,1WD8,0.683333
refmac,0,1WDV,0.366667
refmac,0,1WLZ,0.483333
refmac,0,1WTJ,1.166667
refmac,0,1WTY,0.516667
refmac,0,1WU2,0.8
refmac,0,1WV8,0.216667
refmac,0,1WW9,1.016667
refmac,0,1X1Q,0.716667
refmac,0,1X6O,0.333333
refmac,0,1XVS,0.416667
refmac,0,1XX1,1.483333
refmac,0,1Y7O,1.116667
refmac,0,1Y8Q,1.533333
refmac,0,1YEM,0.433333
refmac,0,1YK3,1.516667
refmac,0,1YMQ,0.3
refmac,0,1Z05,0.516667
refmac,0,1Z3X,0.383333
refmac,0,1ZEJ,0.933333
refmac,0,1ZJ8,0.883333
refmac,0,1ZKL,0.533333
refmac,0,1ZZ0,2.65
refmac,0,2A25,0.283333
refmac,0,2A3V,1.483333
refmac,0,2A9S,0.35
refmac,0,2ACJ,0.333333
refmac,0,2AE0,0.533333
refmac,0,2AG0,1.55
refmac,0,2AHR,1.383333
refmac,0,2AP2,0.333333
refmac,0,2AQ4,0.683333
refmac,0,2B2N,0.916667
refmac,0,2B3X,0.85
refmac,0,2B5E,0.866667
refmac,0,2B7O,0.933333
refmac,0,2BON,0.533333
refmac,0,2BTY,0.816667
refmac,0,2C8X,0.35
refmac,0,2C90,0.366667
refmac,0,2CB4,2.4
refmac,0,2CCH,1.866667
refmac,0,2CCM,0.516667
refmac,0,2CKL,0.45
refmac,0,2CZV,0.7
refmac,0,2D0T,0.733333
refmac,0,2D68,0.316667
refmac,0,2DOB,0.183333
refmac,0,2DQ6,2.3
refmac,0,2DRY,0.316667
refmac,0,2DX6,0.4
refmac,0,2E1M,0.583333
refmac,0,2EO4,0.333333
refmac,0,2EU9,0.85
refmac,0,2EXU,0.283333
refmac,0,2F1F,0.8
refmac,0,2F2E,0.416667
refmac,0,2F8L,0.5
refmac,0,2F9I,1.4
refmac,0,2F9Z,0.566667
refmac,0,2FEX,0.8
refmac,0,2FFF,0.533333
refmac,0,2FH9,0.45
refmac,0,2FTX,0.4
refmac,0,2G9W,0.383333
refmac,0,2GA1,0.316667
refmac,0,2GA9,0.683333
refmac,0,2GD9,0.416667
refmac,0,2GT1,0.683333
refmac,0,2GUH,0.566667
refmac,0,2HXW,0.6
refmac,0,2I53,0.416667
refmac,0,2I7H,1.25
refmac,0,2IJE,0.383333
refmac,0,2IO7,0.9
refmac,0,2IUC,0.75
refmac,0,2IVF,1.483333
refmac,0,2IVM,0.4
refmac,0,2JAC,0.233333
refmac,0,2JFN,0.433333
refmac,0,2JH3,1.916667
refmac,0,2NLY,0.316667
refmac,0,2NN4,0.3
refmac,0,2NTX,1.183333
refmac,0,2NVN,0.25
refmac,0,2OD8,0.816667
refmac,0,2OO2,0.216667
refmac,0,2OO3,0.3
refmac,0,2P0U,0.816667
refmac,0,2P1L,0.716667
refmac,0,2P38,0.633333
refmac,0,2P62,0.683333
refmac,0,2P8J,0.65
refmac,0,2P8Q,0.833333
refmac,0,2PAV,0.716667
refmac,0,2PJS,0.283333
refmac,0,2PK9,1.033333
refmac,0,2PN0,0.816667
refmac,0,2PQN,0.35
refmac,0,2PQV,0.383333
refmac,0,2PY2,1.116667
refmac,0,2Q1Z,0.7
refmac,0,2QCO,0.333333
refmac,0,2QE9,0.516667
refmac,0,2QH9,0.433333
refmac,0,2QHL,0.983333
refmac,0,2QKL,0.266667
refmac,0,2QL3,2.066667
refmac,0,2QM7,0.633333
refmac,0,2QML,0.383333
refmac,0,2QOS,0.316667
refmac,0,2QSV,0.35
refmac,0,2QYA,0.466667
refmac,0,2R5F,0.3
refmac,0,2R6R,0.4
refmac,0,2RCC,1.45
refmac,0,2RH3,0.216667
refmac,0,2V62,0.8
refmac,0,2VEF,0.616667
refmac,0,2VUN,1.933333
refmac,0,2VZB,0.9
refmac,0,2W3X,1.366667
refmac,0,2W9Y,0.25
refmac,0,2WDZ,1.266667
refmac,0,2WNH,1.15
refmac,0,2WP1,0.4
refmac,0,2X1C,2.183333
refmac,0,2X26,0.7
refmac,0,2XD0,0.9
refmac,0,2XDO,1.133333
refmac,0,2XN4,0.533333
refmac,0,2XPI,0.933333
refmac,0,2XPL,0.283333
refmac,0,2XVS,0.266667
refmac,0,2Y9W,1.066667
refmac,0,2YEU,1.016667
refmac,0,2YFA,0.633333
refmac,0,2YGB,1.616667
refmac,0,2YGK,0.5
refmac,0,2YJT,0.5
refmac,0,2YN0,0.5
refmac,0,2Z1D,0.666667
refmac,0,2Z1Z,0.816667
refmac,0,2Z7E,0.5
refmac,0,2ZIU,0.45
refmac,0,2ZME,0.633333
refmac,0,2ZON,1.2
refmac,0,2ZUL,0.433333
refmac,0,3A58,1.3
refmac,0,3ADO,0.5
refmac,0,3AMH,0.516667
refmac,0,3AQG,0.283333
refmac,0,3ATQ,0.566667
refmac,0,3AV4,1.15
refmac,0,3B2D,1.266667
refmac,0,3B8I,2.233333
refmac,0,3BCI,0.333333
refmac,0,3BGU,0.35
refmac,0,3BJ6,0.416667
refmac,0,3BNK,0.4
refmac,0,3BVQ,0.6
refmac,0,3C7J,0.866667
refmac,0,3CAX,0.516667
refmac,0,3CB0,0.883333
refmac,0,3CB5,0.783333
refmac,0,3CBM,0.416667
refmac,0,3CGG,0.4
refmac,0,3CMQ,0.416667
refmac,0,3CQO,0.766667
refmac,0,3CU3,0.316667
refmac,0,3CXM,0.533333
refmac,0,3D1M,0.816667
refmac,0,3D49,0.6
refmac,0,3DEE,0.333333
refmac,0,3DIW,0.416667
refmac,0,3DJD,0.866667
refmac,0,3DJN,0.2
refmac,0,3DLA,2.283333
refmac,0,3DXI,0.616667
refmac,0,3E7P,0.466667
refmac,0,3E8S,0.25
refmac,0,3E8V,0.116667
refmac,0,3e+98,0.2
refmac,0,3e+99,0.233333
refmac,0,3EC1,0.6
refmac,0,3ED4,2.133333
refmac,0,3EFY,0.9
refmac,0,3EUS,0.25
refmac,0,3FBI,0.7
refmac,0,3FJU,0.483333
refmac,0,3FKK,0.7
refmac,0,3FPR,0.3
refmac,0,3FVE,0.366667
refmac,0,3G39,0.3
refmac,0,3G3O,0.333333
refmac,0,3G6L,0.4
refmac,0,3G85,0.466667
refmac,0,3GF6,0.466667
refmac,0,3GLR,0.55
refmac,0,3GM5,0.25
refmac,0,3GMV,0.266667
refmac,0,3GQU,0.3
refmac,0,3GR5,0.333333
refmac,0,3GXQ,0.2
refmac,0,3H1T,0.55
refmac,0,3H6E,0.783333
refmac,0,3H6R,0.333333
refmac,0,3H7O,0.5
refmac,0,3HBC,0.65
refmac,0,3HHC,0.65
refmac,0,3HL0,1.05
refmac,0,3HST,0.783333
refmac,0,3HTK,0.633333
refmac,0,3HTV,0.416667
refmac,0,3I38,1.133333
refmac,0,3IC8,0.983333
refmac,0,3IHU,0.616667
refmac,0,3IUG,0.6
refmac,0,3IVB,0.466667
refmac,0,3JST,0.266667
refmac,0,3JWH,0.4
refmac,0,3KFW,0.3
refmac,0,3KGR,0.383333
refmac,0,3KKD,0.716667
refmac,0,3KKE,0.75
refmac,0,3KOL,0.233333
refmac,0,3KXR,0.4
refmac,0,3KZP,0.466667
refmac,0,3L1W,1.833333
refmac,0,3L2H,0.8
refmac,0,3L6F,0.516667
refmac,0,3LLI,0.5
refmac,0,3LOC,0.733333
refmac,0,3LS0,0.216667
refmac,0,3LW3,0.366667
refmac,0,3M1T,0.516667
refmac,0,3M91,0.266667
refmac,0,3MB2,0.733333
refmac,0,3MKR,1.133333
refmac,0,3ML3,0.366667
refmac,0,3MML,1.7
refmac,0,3MQ2,0.45
refmac,0,3MV2,1.616667
refmac,0,3MYU,0.783333
refmac,0,3N39,0.716667
refmac,0,3N55,0.633333
refmac,0,3N5L,0.9
refmac,0,3N74,0.75
refmac,0,3N9U,0.85
refmac,0,3NJE,0.4
refmac,0,3NO8,0.383333
refmac,0,3OAP,0.333333
refmac,0,3OC7,0.716667
refmac,0,3OEC,1.2
refmac,0,3OFJ,0.233333
refmac,0,3OOQ,4.95
refmac,0,3P86,0.583333
refmac,0,3PFY,0.283333
refmac,0,3PPU,0.75
refmac,0,3PZ8,0.9
refmac,0,3QC1,0.283333
refmac,0,3QKL,0.6
refmac,0,3QLA,0.6
refmac,0,3QNM,0.4
refmac,0,3QTA,0.5
refmac,0,3QVJ,0.716667
refmac,0,3R0Q,0.916667
refmac,0,3R6B,0.233333
refmac,0,3RAZ,0.233333
refmac,0,3RLE,0.4
refmac,0,3RQ4,0.333333
refmac,0,3RST,1.533333
refmac,0,3SF5,0.8
refmac,0,3SHW,0.366667
refmac,0,3SOL,0.216667
refmac,0,3SUZ,0.183333
refmac,0,3T0Q,0.183333
refmac,0,3T9O,0.183333
refmac,0,3TCO,0.2
refmac,0,3THF,0.45
refmac,0,3TIX,1.166667
refmac,0,3TSZ,0.383333
refmac,0,3TU7,0.316667
refmac,0,3TVA,0.75
refmac,0,3U1D,0.45
refmac,0,3U2A,0.233333
refmac,0,3U66,0.283333
refmac,0,3U9L,0.5
refmac,0,3UN9,0.85
refmac,0,3UNG,0.65
refmac,0,3UTN,0.516667
refmac,0,3UVO,0.35
refmac,0,3V70,0.8
refmac,0,3VD8,0.466667
refmac,0,3VEP,0.3
refmac,0,3VFO,0.5
refmac,0,3VFP,0.5
refmac,0,3VHL,0.616667
refmac,0,3VPB,1.2
refmac,0,3VRJ,0.5
refmac,0,3VSM,0.883333
refmac,0,3VST,2.833333
refmac,0,3VUQ,0.683333
refmac,0,3VYN,0.533333
refmac,0,3W0L,1.483333
refmac,0,3W3T,0.866667
refmac,0,3W3W,1.0
refmac,0,3W56,0.25
refmac,0,3W8W,0.866667
refmac,0,3WNV,0.816667
refmac,0,3WTQ,0.433333
refmac,0,3WW1,0.683333
refmac,0,3X0X,3.583333
refmac,0,3ZH9,0.516667
refmac,0,3ZIE,0.6
refmac,0,4AK1,1.483333
refmac,0,4ALY,0.45
refmac,0,4AOM,0.233333
refmac,0,4AUP,0.383333
refmac,0,4B18,0.566667
refmac,0,4BU1,0.483333
refmac,0,4BVE,0.483333
refmac,0,4BX9,1.25
refmac,0,4C1S,0.666667
refmac,0,4C6R,0.633333
refmac,0,4CE5,1.266667
refmac,0,4CGB,0.216667
refmac,0,4CH9,0.683333
refmac,0,4CKT,0.283333
refmac,0,4CLF,1.233333
refmac,0,4CSO,0.816667
refmac,0,4D51,0.45
refmac,0,4DA2,0.566667
refmac,0,4DOV,0.416667
refmac,0,4EOY,0.433333
refmac,0,4EWI,0.316667
refmac,0,4EX5,0.966667
refmac,0,4F0F,0.466667
refmac,0,4F27,0.583333
refmac,0,4FC4,2.333333
refmac,0,4FE9,0.616667
refmac,0,4FIX,1.833333
refmac,0,4FYU,0.983333
refmac,0,4G3H,1.15
refmac,0,4GMV,0.65
refmac,0,4H9D,0.433333
refmac,0,4HIA,0.4
refmac,0,4HJW,1.116667
refmac,0,4HKA,0.633333
refmac,0,4HUJ,0.466667
refmac,0,4ICH,0.4
refmac,0,4IDI,0.6
refmac,0,4JGX,0.35
refmac,0,4JHN,1.266667
refmac,0,4JX2,0.75
refmac,0,4K36,0.883333
refmac,0,4KH9,0.65
refmac,0,4KYQ,0.333333
refmac,0,4L7Z,1.6
refmac,0,4L9U,0.25
refmac,0,4LD7,4.05
refmac,0,4LZ2,0.25
refmac,0,4MAA,0.35
refmac,0,4ME9,0.35
refmac,0,4MG5,0.566667
refmac,0,4MG6,0.516667
refmac,0,4MJG,0.433333
refmac,0,4N39,0.983333
refmac,0,4N5X,0.233333
refmac,0,4NPJ,0.7
refmac,0,4NUF,0.416667
refmac,0,4NWZ,1.2
refmac,0,4O62,0.7
refmac,0,4O92,0.283333
refmac,0,4OC8,1.066667
refmac,0,4OF8,0.866667
refmac,0,4OFF,0.233333
refmac,0,4OX3,0.316667
refmac,0,4PDE,0.283333
refmac,0,4PFS,0.483333
refmac,0,4PQZ,0.266667
refmac,0,4PRA,0.483333
refmac,0,4PSI,0.283333
refmac,0,4PV4,1.2
refmac,0,4Q13,0.466667
refmac,0,4Q63,0.283333
refmac,0,4QH8,0.55
refmac,0,4QKO,0.983333
refmac,0,4QN8,0.55
refmac,0,4QQR,0.45
refmac,0,4QTP,0.566667
refmac,0,4QXA,0.383333
refmac,0,4R10,0.7
refmac,0,4RHO,0.433333
refmac,0,4RK2,0.983333
refmac,0,4RO5,0.55
refmac,0,4RQM,0.283333
refmac,0,4TWL,0.65
refmac,0,4U7A,0.65
refmac,0,4UCI,0.833333
refmac,0,4UDA,0.366667
refmac,0,4UDP,0.9
refmac,0,4UWX,1.183333
refmac,0,4UYI,0.45
refmac,0,4V15,0.966667
refmac,0,4W2R,1.483333
refmac,0,4WAL,0.283333
refmac,0,4WIP,0.3
refmac,0,4WWM,0.25
refmac,0,4X3E,0.35
refmac,0,4XLG,0.933333
refmac,0,4ZSF,0.566667
refmac,0,4ZV9,1.316667
refmac,0,5A0T,1.183333
refmac,0,5AA5,3.866667
refmac,0,5AD0,0.316667
refmac,0,5B5I,0.233333
refmac,0,5B5Q,0.516667
refmac,0,5BOV,1.433333
refmac,0,5BV6,0.233333
refmac,0,5C5V,1.2
refmac,0,5C7F,0.7
refmac,0,5C8H,0.266667
refmac,0,5CVR,0.466667
refmac,0,5D5H,0.533333
refmac,0,5DAY,0.4
refmac,0,5DBE,0.35
refmac,0,5DRM,0.466667
refmac,0,5000000000000000.0,0.466667
refmac,0,5EBB,1.15
refmac,0,5EG2,0.583333
refmac,0,5EGE,1.45
refmac,0,5ETA,0.7
refmac,0,5G09,1.7
refmac,0,5G23,0.766667
refmac,0,5G4I,1.216667
refmac,0,5GHR,0.933333
refmac,0,5GJM,0.666667
refmac,0,5GKV,0.4
refmac,0,5GOX,0.35
refmac,0,5GZI,0.783333
refmac,0,5H5Y,0.55
refmac,0,5HRJ,0.233333
refmac,0,5I2H,0.916667
refmac,0,5I47,0.516667
refmac,0,5I9E,1.55
refmac,0,5IAW,0.45
refmac,0,5IQM,0.4
refmac,0,5IY4,0.366667
refmac,0,5IYX,0.35
refmac,0,5J0A,0.316667
refmac,0,5J4A,0.25
refmac,0,5J9K,0.566667
refmac,0,5JD9,0.6
refmac,0,5JHO,0.55
refmac,0,5JI5,0.4
refmac,0,5JTA,0.85
refmac,0,5K2X,0.583333
refmac,0,5K6S,0.466667
refmac,0,5LTD,0.516667
refmac,0,5LU2,0.6
refmac,0,5LW0,0.666667
refmac,0,5ME9,0.983333
refmac,0,5MLK,0.95
refmac,0,5MLZ,0.7
refmac,0,5MXY,0.216667
refmac,0,5N6H,0.9
refmac,0,5N8R,2.35
refmac,0,5NTB,0.35
refmac,0,5O6B,1.183333
refmac,0,5OF1,0.45
refmac,0,5OF9,1.25
refmac,0,5OMB,0.65
refmac,0,5OU8,0.466667
refmac,0,5Q1D,0.95
refmac,0,5Q1H,1.05
refmac,0,5SVE,0.533333
refmac,0,5T0K,0.7
refmac,0,5T0M,0.65
refmac,0,5T1G,0.333333
refmac,0,5TDY,0.366667
refmac,0,5TJA,0.45
refmac,0,5TLD,0.466667
refmac,0,5TM9,0.416667
refmac,0,5TTA,0.45
refmac,0,5TV7,0.5
refmac,0,5U6K,1.316667
refmac,0,5UQP,0.416667
refmac,0,5UV4,0.316667
refmac,0,5UX5,2.583333
refmac,0,5UXG,0.666667
refmac,0,5UZU,0.65
refmac,0,5V8W,0.666667
refmac,0,5VIA,0.416667
refmac,0,5VLB,2.033333
refmac,0,5VQG,0.283333
refmac,0,5WB4,1.233333
refmac,0,5WJQ,0.433333
refmac,0,5WRR,1.033333
refmac,0,5WWW,0.266667
refmac,0,5X6S,0.916667
refmac,0,5XG9,0.8
refmac,0,5XHW,0.316667
refmac,0,5XMZ,0.3
refmac,0,5XRW,0.333333
refmac,0,5XUK,0.316667
refmac,0,5XUQ,0.3
refmac,0,5XVW,0.616667
refmac,0,5Y9I,0.366667
refmac,0,5YAY,0.433333
refmac,0,5Z6D,0.55
refmac,0,5Z6V,0.283333
refmac,0,5Z8L,0.3
refmac,0,5ZOO,0.583333
refmac,0,6A0E,0.55
refmac,0,6A93,0.366667
refmac,0,6AF3,0.633333
refmac,0,6AGI,0.55
refmac,0,6B8Q,0.7
refmac,0,6CGO,0.983333
refmac,0,6COK,0.3
refmac,0,6CQL,0.8
refmac,0,6CW5,0.433333
refmac,0,6D2V,0.683333
refmac,0,6D97,2.116667
refmac,0,6DDT,0.783333
refmac,0,6DF3,0.566667
refmac,0,6E0M,0.55
refmac,0,6EC7,0.816667
refmac,0,6EUS,1.966667
refmac,0,6EWJ,1.45
refmac,0,6EYS,1.6
refmac,0,6F1S,0.233333
refmac,0,6FJU,0.516667
refmac,0,6FOK,2.516667
refmac,0,6FX6,0.283333
refmac,0,6GBS,0.716667
refmac,0,6GP7,0.233333
refmac,0,6GXS,1.483333
refmac,0,6HFG,0.266667
refmac,0,6I1R,0.6
refmac,0,6I50,0.45
refmac,0,6IIW,0.233333
refmac,0,6IQJ,0.316667
refmac,0,6IR8,0.25
refmac,0,6J17,0.316667
refmac,0,6J72,0.85
refmac,0,6J7Y,0.533333
refmac,0,6JC4,1.116667
refmac,0,6JJW,0.5
refmac,0,6JZA,0.216667
refmac,0,6K6R,0.333333
refmac,0,6L8E,1.25
refmac,0,6L9F,0.7
refmac,0,6LKG,0.933333
refmac,0,6M20,1.816667
refmac,0,6N5U,0.466667
refmac,0,6O6N,0.416667
refmac,0,6OHI,0.566667
refmac,0,6PEU,1.266667
refmac,0,6PJQ,0.3
refmac,0,6PNP,0.466667
refmac,0,6PUP,0.3
refmac,0,6R0L,0.25
refmac,0,6R6T,0.766667
refmac,0,6RFT,1.866667
refmac,0,6RPT,0.5
refmac,0,6RR0,0.816667
refmac,0,6RSN,0.233333
refmac,0,6S2P,0.4
refmac,0,6SRB,0.916667
refmac,0,6SXW,0.1
refmac,0,6T80,0.383333
refmac,0,6TCT,0.4
refmac,0,6TT5,0.25
refmac,0,6TWJ,0.883333
refmac,0,6U2D,0.383333
refmac,0,6U75,0.466667
refmac,0,6UB7,0.4
refmac,0,6V7M,0.266667
refmac,0,6VD8,0.233333
refmac,0,6VHI,0.183333
refmac,0,6VPT,0.45
refmac,0,6VS7,1.066667
refmac,0,6W9K,0.633333
refmac,0,6WT6,0.4
refmac,0,6XZ6,0.55
refmac,0,6YFV,0.833333
refmac,0,6Z1S,0.633333
refmac,0,6Z3U,0.8
refmac,0,6ZH1,0.383333
refmac,0,6ZUW,0.416667
refmac,0,7AUI,0.333333
refmac,0,7BV5,1.033333
refmac,0,7BW1,0.666667
refmac,0,7C7E,0.35
refmac,0,7CFD,1.533333
refmac,0,7CWW,0.433333
refmac,0,7D86,0.283333
refmac,0,7DUF,0.216667
refmac,0,7E2E,0.433333
refmac,0,7EWF,0.7
refmac,0,7F9K,0.233333
refmac,0,7F9M,0.583333
refmac,0,7FHR,0.866667
refmac,0,7JI4,0.2
refmac,0,7JN9,0.2
refmac,0,7K3J,0.733333
refmac,0,7KQ0,1.083333
refmac,0,7LF4,1.05
torchref,1,1A0F,0.76
torchref,1,1A46,0.506667
torchref,1,1A4I,3.165
torchref,1,1A7V,0.803333
torchref,1,1AJ6,0.75
torchref,1,1AK5,1.763333
torchref,1,1ANU,0.606667
torchref,1,1APX,2.486667
torchref,1,1AQZ,1.263333
torchref,1,1B9K,0.915
torchref,1,1BIA,1.213333
torchref,1,1BM7,0.891667
torchref,1,1BX0,1.348333
torchref,1,1BXE,0.878333
torchref,1,1BYW,0.581667
torchref,1,1C3F,0.97
torchref,1,1CI0,1.216667
torchref,1,1CSM,1.718333
torchref,1,1DAW,1.381667
torchref,1,1DLM,2.108333
torchref,1,1DQ3,1.406667
torchref,1,1DQ8,4.161667
torchref,1,1e+79,8.77
torchref,1,1EJ1,1.158333
torchref,1,1EJH,2.248333
torchref,1,1ETE,1.746667
torchref,1,1EZW,1.573333
torchref,1,1F97,0.395
torchref,1,1FG3,0.856667
torchref,1,1FIO,0.655
torchref,1,1FKM,0.948333
torchref,1,1FSI,1.186667
torchref,1,1GHW,0.711667
torchref,1,1GPQ,1.568333
torchref,1,1GQ8,0.596667
torchref,1,1GQ9,0.583333
torchref,1,1GUI,0.553333
torchref,1,1GYJ,0.338333
torchref,1,1H8V,1.651667
torchref,1,1HN0,1.64
torchref,1,1HNO,0.675
torchref,1,1HTN,0.355
torchref,1,1I1N,1.016667
torchref,1,1I3A,0.906667
torchref,1,1IDQ,2.208333
torchref,1,1IKN,2.505
torchref,1,1ITK,5.476667
torchref,1,1J3P,1.296667
torchref,1,1J53,0.93
torchref,1,1J5W,2.25
torchref,1,1J8B,0.676667
torchref,1,1JAC,1.881667
torchref,1,1JAD,1.516667
torchref,1,1JN9,1.93
torchref,1,1JU3,3.303333
torchref,1,1K6D,1.888333
torchref,1,1K7T,1.268333
torchref,1,1L9X,2.388333
torchref,1,1LNZ,1.011667
torchref,1,1M6E,0.63
torchref,1,1N0L,1.238333
torchref,1,1N6J,0.808333
torchref,1,1O4V,0.936667
torchref,1,1O5T,0.856667
torchref,1,1O6D,0.478333
torchref,1,1OBR,0.886667
torchref,1,1OC0,1.076667
torchref,1,1OE4,0.913333
torchref,1,1OMW,2.083333
torchref,1,1OSC,1.0
torchref,1,1OY5,1.261667
torchref,1,1P3C,0.921667
torchref,1,1P4X,1.07
torchref,1,1PG3,1.708333
torchref,1,1PJR,1.673333
torchref,1,1PXZ,1.355
torchref,1,1Q15,2.65
torchref,1,1QB5,1.04
torchref,1,1QD9,0.808333
torchref,1,1QJV,1.211667
torchref,1,1QZN,0.485
torchref,1,1R1K,0.926667
torchref,1,1R3U,0.801667
torchref,1,1RFX,0.7
torchref,1,1RHC,0.753333
torchref,1,1RJ1,0.37
torchref,1,1RJD,2.271667
torchref,1,1RKG,0.778333
torchref,1,1RZN,1.401667
torchref,1,1S1C,1.186667
torchref,1,1SO2,4.376667
torchref,1,1SOT,3.858333
torchref,1,1T3I,3.485
torchref,1,1TE5,2.073333
torchref,1,1TGS,1.206667
torchref,1,1TML,0.923333
torchref,1,1TVL,2.091667
torchref,1,1U1I,5.37
torchref,1,1UEF,0.856667
torchref,1,1UJK,1.313333
torchref,1,1UKV,3.0
torchref,1,1UTB,1.765
torchref,1,1UVQ,1.853333
torchref,1,1V8Q,1.026667
torchref,1,1VB3,1.728333
torchref,1,1VCE,2.113333
torchref,1,1VDD,2.4
torchref,1,1VER,0.473333
torchref,1,1VK0,4.398333
torchref,1,1VLM,1.433333
torchref,1,1VR4,1.426667
torchref,1,1W2Y,2.643333
torchref,1,1W8A,0.9
torchref,1,1WD8,1.73
torchref,1,1WDV,1.118333
torchref,1,1WLZ,1.628333
torchref,1,1WTJ,3.658333
torchref,1,1WTY,1.63
torchref,1,1WU2,3.261667
torchref,1,1WV8,0.663333
torchref,1,1WW9,2.428333
torchref,1,1X1Q,2.171667
torchref,1,1X6O,1.553333
torchref,1,1XVS,1.366667
torchref,1,1XX1,4.606667
torchref,1,1Y7O,3.016667
torchref,1,1Y8Q,4.475
torchref,1,1YEM,0.653333
torchref,1,1YK3,2.296667
torchref,1,1YMQ,0.54
torchref,1,1Z05,1.885
torchref,1,1Z3X,1.38
torchref,1,1ZEJ,2.135
torchref,1,1ZJ8,2.996667
torchref,1,1ZKL,2.343333
torchref,1,1ZZ0,6.033333
torchref,1,2A25,0.79
torchref,1,2A3V,3.82
torchref,1,2A9S,1.273333
torchref,1,2ACJ,1.45
torchref,1,2AE0,1.881667
torchref,1,2AG0,5.116667
torchref,1,2AHR,2.24
torchref,1,2AP2,0.96
torchref,1,2AQ4,1.183333
torchref,1,2B2N,1.765
torchref,1,2B3X,1.59
torchref,1,2B5E,1.463333
torchref,1,2B7O,1.836667
torchref,1,2BON,1.36
torchref,1,2BTY,1.411667
torchref,1,2C8X,0.448333
torchref,1,2C90,0.476667
torchref,1,2CB4,3.831667
torchref,1,2CCH,3.175
torchref,1,2CCM,0.965
torchref,1,2CKL,0.605
torchref,1,2CZV,1.27
torchref,1,2D0T,1.34
torchref,1,2D68,0.483333
torchref,1,2DOB,0.261667
torchref,1,2DQ6,3.116667
torchref,1,2DRY,0.726667
torchref,1,2DX6,0.811667
torchref,1,2E1M,0.791667
torchref,1,2EO4,0.86
torchref,1,2EU9,1.801667
torchref,1,2EXU,0.72
torchref,1,2F1F,1.288333
torchref,1,2F2E,1.0
torchref,1,2F8L,1.14
torchref,1,2F9I,2.555
torchref,1,2F9Z,1.06
torchref,1,2FEX,1.611667
torchref,1,2FFF,2.086667
torchref,1,2FH9,1.123333
torchref,1,2FTX,1.33
torchref,1,2G9W,1.583333
torchref,1,2GA1,1.363333
torchref,1,2GA9,2.878333
torchref,1,2GD9,1.31
torchref,1,2GT1,2.956667
torchref,1,2GUH,2.05
torchref,1,2HXW,2.535
torchref,1,2I53,1.315
torchref,1,2I7H,4.271667
torchref,1,2IJE,1.111667
torchref,1,2IO7,3.375
torchref,1,2IUC,2.261667
torchref,1,2IVF,5.985
torchref,1,2IVM,1.143333
torchref,1,2JAC,0.668333
torchref,1,2JFN,1.591667
torchref,1,2JH3,6.553333
torchref,1,2NLY,1.046667
torchref,1,2NN4,1.28
torchref,1,2NTX,3.558333
torchref,1,2NVN,0.765
torchref,1,2OD8,1.485
torchref,1,2OO2,1.098333
torchref,1,2OO3,1.473333
torchref,1,2P0U,3.146667
torchref,1,2P1L,2.301667
torchref,1,2P38,2.118333
torchref,1,2P62,2.745
torchref,1,2P8J,2.136667
torchref,1,2P8Q,3.456667
torchref,1,2PAV,2.125
torchref,1,2PJS,1.35
torchref,1,2PK9,3.181667
torchref,1,2PN0,2.946667
torchref,1,2PQN,1.413333
torchref,1,2PQV,1.791667
torchref,1,2PY2,3.05
torchref,1,2Q1Z,2.13
torchref,1,2QCO,1.215
torchref,1,2QE9,1.861667
torchref,1,2QH9,2.041667
torchref,1,2QHL,3.82
torchref,1,2QKL,0.891667
torchref,1,2QL3,7.483333
torchref,1,2QM7,2.568333
torchref,1,2QML,1.391667
torchref,1,2QOS,1.435
torchref,1,2QSV,1.433333
torchref,1,2QYA,1.54
torchref,1,2R5F,1.006667
torchref,1,2R6R,1.326667
torchref,1,2RCC,4.401667
torchref,1,2RH3,0.831667
torchref,1,2V62,2.606667
torchref,1,2VEF,2.186667
torchref,1,2VUN,5.456667
torchref,1,2VZB,2.386667
torchref,1,2W3X,3.701667
torchref,1,2W9Y,0.765
torchref,1,2WDZ,3.116667
torchref,1,2WNH,3.401667
torchref,1,2WP1,0.943333
torchref,1,2X1C,6.011667
torchref,1,2X26,1.968333
torchref,1,2XD0,2.035
torchref,1,2XDO,4.326667
torchref,1,2XN4,1.563333
torchref,1,2XPI,2.506667
torchref,1,2XPL,1.143333
torchref,1,2XVS,1.043333
torchref,1,2Y9W,2.923333
torchref,1,2YEU,2.891667
torchref,1,2YFA,2.258333
torchref,1,2YGB,4.631667
torchref,1,2YGK,1.76
torchref,1,2YJT,1.608333
torchref,1,2YN0,1.455
torchref,1,2Z1D,2.288333
torchref,1,2Z1Z,2.685
torchref,1,2Z7E,1.528333
torchref,1,2ZIU,1.706667
torchref,1,2ZME,2.191667
torchref,1,2ZON,3.795
torchref,1,2ZUL,1.413333
torchref,1,3A58,3.21
torchref,1,3ADO,1.426667
torchref,1,3AMH,1.875
torchref,1,3AQG,0.83
torchref,1,3ATQ,1.99
torchref,1,3AV4,3.043333
torchref,1,3B2D,3.888333
torchref,1,3B8I,7.843333
torchref,1,3BCI,1.111667
torchref,1,3BGU,1.448333
torchref,1,3BJ6,1.448333
torchref,1,3BNK,1.185
torchref,1,3BVQ,1.606667
torchref,1,3C7J,1.6
torchref,1,3CAX,1.36
torchref,1,3CB0,2.46
torchref,1,3CB5,1.563333
torchref,1,3CBM,0.681667
torchref,1,3CGG,0.633333
torchref,1,3CMQ,1.44
torchref,1,3CQO,1.233333
torchref,1,3CU3,0.753333
torchref,1,3CXM,1.136667
torchref,1,3D1M,1.186667
torchref,1,3D49,0.801667
torchref,1,3DEE,0.456667
torchref,1,3DIW,0.971667
torchref,1,3DJD,1.383333
torchref,1,3DJN,0.266667
torchref,1,3DLA,4.146667
torchref,1,3DXI,1.578333
torchref,1,3E7P,0.665
torchref,1,3E8S,0.66
torchref,1,3E8V,0.27
torchref,1,3e+98,0.543333
torchref,1,3e+99,0.495
torchref,1,3EC1,1.695
torchref,1,3ED4,6.241667
torchref,1,3EFY,1.175
torchref,1,3EUS,0.376667
torchref,1,3FBI,1.523333
torchref,1,3FJU,1.55
torchref,1,3FKK,0.98
torchref,1,3FPR,0.501667
torchref,1,3FVE,1.261667
torchref,1,3G39,0.368333
torchref,1,3G3O,1.071667
torchref,1,3G6L,0.678333
torchref,1,3G85,0.6
torchref,1,3GF6,1.758333
torchref,1,3GLR,0.825
torchref,1,3GM5,0.385
torchref,1,3GMV,0.82
torchref,1,3GQU,0.486667
torchref,1,3GR5,1.05
torchref,1,3GXQ,0.515
torchref,1,3H1T,1.468333
torchref,1,3H6E,2.365
torchref,1,3H6R,0.488333
torchref,1,3H7O,0.768333
torchref,1,3HBC,0.658333
torchref,1,3HHC,1.945
torchref,1,3HL0,1.485
torchref,1,3HST,1.263333
torchref,1,3HTK,0.771667
torchref,1,3HTV,0.678333
torchref,1,3I38,3.208333
torchref,1,3IC8,2.705
torchref,1,3IHU,0.846667
torchref,1,3IUG,1.72
torchref,1,3IVB,0.511667
torchref,1,3JST,0.393333
torchref,1,3JWH,1.616667
torchref,1,3KFW,0.941667
torchref,1,3KGR,0.605
torchref,1,3KKD,2.285
torchref,1,3KKE,2.045
torchref,1,3KOL,0.413333
torchref,1,3KXR,1.065
torchref,1,3KZP,0.751667
torchref,1,3L1W,5.025
torchref,1,3L2H,1.236667
torchref,1,3L6F,0.69
torchref,1,3LLI,1.555
torchref,1,3LOC,1.098333
torchref,1,3LS0,0.275
torchref,1,3LW3,0.681667
torchref,1,3M1T,1.681667
torchref,1,3M91,0.525
torchref,1,3MB2,1.933333
torchref,1,3MKR,2.953333
torchref,1,3ML3,0.545
torchref,1,3MML,2.401667
torchref,1,3MQ2,1.455
torchref,1,3MV2,2.496667
torchref,1,3MYU,1.283333
torchref,1,3N39,1.186667
torchref,1,3N55,1.003333
torchref,1,3N5L,1.236667
torchref,1,3N74,2.823333
torchref,1,3N9U,1.216667
torchref,1,3NJE,1.393333
torchref,1,3NO8,1.193333
torchref,1,3OAP,1.28
torchref,1,3OC7,1.91
torchref,1,3OEC,3.051667
torchref,1,3OFJ,0.668333
torchref,1,3OOQ,4.981667
torchref,1,3P86,1.706667
torchref,1,3PFY,0.733333
torchref,1,3PPU,2.205
torchref,1,3PZ8,2.03
torchref,1,3QC1,0.896667
torchref,1,3QKL,1.593333
torchref,1,3QLA,0.805
torchref,1,3QNM,0.488333
torchref,1,3QTA,1.778333
torchref,1,3QVJ,1.065
torchref,1,3R0Q,2.106667
torchref,1,3R6B,0.558333
torchref,1,3RAZ,0.755
torchref,1,3RLE,0.665
torchref,1,3RQ4,0.986667
torchref,1,3RST,4.476667
torchref,1,3SF5,1.285
torchref,1,3SHW,0.49
torchref,1,3SOL,0.353333
torchref,1,3SUZ,1.108333
torchref,1,3T0Q,0.96
torchref,1,3T9O,1.015
torchref,1,3TCO,1.295
torchref,1,3THF,1.226667
torchref,1,3TIX,2.408333
torchref,1,3TSZ,1.353333
torchref,1,3TU7,0.42
torchref,1,3TVA,2.036667
torchref,1,3U1D,0.726667
torchref,1,3U2A,0.65
torchref,1,3U66,0.755
torchref,1,3U9L,0.666667
torchref,1,3UN9,2.175
torchref,1,3UNG,0.956667
torchref,1,3UTN,0.76
torchref,1,3UVO,1.301667
torchref,1,3V70,0.898333
torchref,1,3VD8,0.478333
torchref,1,3VEP,0.616667
torchref,1,3VFO,1.51
torchref,1,3VFP,0.716667
torchref,1,3VHL,1.788333
torchref,1,3VPB,4.271667
torchref,1,3VRJ,2.016667
torchref,1,3VSM,2.935
torchref,1,3VST,8.156667
torchref,1,3VUQ,2.731667
torchref,1,3VYN,1.776667
torchref,1,3W0L,2.3
torchref,1,3W3T,1.306667
torchref,1,3W3W,3.415
torchref,1,3W56,0.34
torchref,1,3W8W,2.48
torchref,1,3WNV,2.501667
torchref,1,3WTQ,1.216667
torchref,1,3WW1,1.46
torchref,1,3X0X,9.381667
torchref,1,3ZH9,1.485
torchref,1,3ZIE,1.791667
torchref,1,4AK1,1.783333
torchref,1,4ALY,1.158333
torchref,1,4AOM,0.326667
torchref,1,4AUP,0.468333
torchref,1,4B18,0.705
torchref,1,4BU1,0.815
torchref,1,4BVE,1.225
torchref,1,4BX9,3.723333
torchref,1,4C1S,1.036667
torchref,1,4C6R,1.056667
torchref,1,4CE5,2.651667
torchref,1,4CGB,0.438333
torchref,1,4CH9,1.721667
torchref,1,4CKT,0.805
torchref,1,4CLF,2.046667
torchref,1,4CSO,2.355
torchref,1,4D51,0.651667
torchref,1,4DA2,1.671667
torchref,1,4DOV,1.286667
torchref,1,4EOY,1.221667
torchref,1,4EWI,0.428333
torchref,1,4EX5,2.776667
torchref,1,4F0F,0.693333
torchref,1,4F27,0.866667
torchref,1,4FC4,3.223333
torchref,1,4FE9,1.531667
torchref,1,4FIX,4.005
torchref,1,4FYU,1.036667
torchref,1,4G3H,3.92
torchref,1,4GMV,0.895
torchref,1,4H9D,1.165
torchref,1,4HIA,1.068333
torchref,1,4HJW,3.15
torchref,1,4HKA,1.388333
torchref,1,4HUJ,0.736667
torchref,1,4ICH,1.233333
torchref,1,4IDI,1.631667
torchref,1,4JGX,0.506667
torchref,1,4JHN,4.878333
torchref,1,4JX2,2.21
torchref,1,4K36,3.033333
torchref,1,4KH9,1.396667
torchref,1,4KYQ,0.581667
torchref,1,4L7Z,2.606667
torchref,1,4L9U,0.386667
torchref,1,4LD7,7.761667
torchref,1,4LZ2,0.398333
torchref,1,4MAA,0.596667
torchref,1,4ME9,1.23
torchref,1,4MG5,2.205
torchref,1,4MG6,1.58
torchref,1,4MJG,1.1
torchref,1,4N39,1.811667
torchref,1,4N5X,0.315
torchref,1,4NPJ,2.068333
torchref,1,4NUF,1.056667
torchref,1,4NWZ,2.08
torchref,1,4O62,0.755
torchref,1,4O92,0.838333
torchref,1,4OC8,3.16
torchref,1,4OF8,1.323333
torchref,1,4OFF,0.575
torchref,1,4OX3,0.496667
torchref,1,4PDE,0.856667
torchref,1,4PFS,0.755
torchref,1,4PQZ,0.293333
torchref,1,4PRA,1.451667
torchref,1,4PSI,1.1
torchref,1,4PV4,2.805
torchref,1,4Q13,1.173333
torchref,1,4Q63,0.315
torchref,1,4QH8,0.923333
torchref,1,4QKO,1.265
torchref,1,4QN8,0.786667
torchref,1,4QQR,1.538333
torchref,1,4QTP,1.615
torchref,1,4QXA,0.468333
torchref,1,4R10,0.975
torchref,1,4RHO,0.66
torchref,1,4RK2,1.688333
torchref,1,4RO5,1.146667
torchref,1,4RQM,1.068333
torchref,1,4TWL,1.841667
torchref,1,4U7A,0.938333
torchref,1,4UCI,1.73
torchref,1,4UDA,1.048333
torchref,1,4UDP,2.905
torchref,1,4UWX,3.523333
torchref,1,4UYI,1.131667
torchref,1,4V15,3.228333
torchref,1,4W2R,5.42
torchref,1,4WAL,0.696667
torchref,1,4WIP,0.85
torchref,1,4WWM,0.843333
torchref,1,4X3E,1.395
torchref,1,4XLG,1.118333
torchref,1,4ZSF,1.72
torchref,1,4ZV9,4.015
torchref,1,5A0T,3.826667
torchref,1,5AA5,12.608333
torchref,1,5AD0,0.95
torchref,1,5B5I,0.568333
torchref,1,5B5Q,0.896667
torchref,1,5BOV,1.816667
torchref,1,5BV6,0.335
torchref,1,5C5V,1.488333
torchref,1,5C7F,2.408333
torchref,1,5C8H,0.753333
torchref,1,5CVR,1.005
torchref,1,5D5H,1.941667
torchref,1,5DAY,1.096667
torchref,1,5DBE,1.16
torchref,1,5DRM,0.948333
torchref,1,5000000000000000.0,0.823333
torchref,1,5EBB,3.106667
torchref,1,5EG2,0.92
torchref,1,5EGE,3.941667
torchref,1,5ETA,2.041667
torchref,1,5G09,5.588333
torchref,1,5G23,2.738333
torchref,1,5G4I,4.446667
torchref,1,5GHR,2.52
torchref,1,5GJM,0.878333
torchref,1,5GKV,0.7
torchref,1,5GOX,0.881667
torchref,1,5GZI,1.1
torchref,1,5H5Y,1.071667
torchref,1,5HRJ,0.291667
torchref,1,5I2H,2.626667
torchref,1,5I47,1.235
torchref,1,5I9E,1.893333
torchref,1,5IAW,1.496667
torchref,1,5IQM,1.285
torchref,1,5IY4,0.946667
torchref,1,5IYX,1.098333
torchref,1,5J0A,1.56
torchref,1,5J4A,1.583333
torchref,1,5J9K,0.628333
torchref,1,5JD9,0.853333
torchref,1,5JHO,1.748333
torchref,1,5JI5,1.02
torchref,1,5JTA,1.961667
torchref,1,5K2X,2.45
torchref,1,5K6S,0.586667
torchref,1,5LTD,1.903333
torchref,1,5LU2,1.436667
torchref,1,5LW0,1.74
torchref,1,5ME9,2.96
torchref,1,5MLK,1.783333
torchref,1,5MLZ,0.896667
torchref,1,5MXY,0.253333
torchref,1,5N6H,1.198333
torchref,1,5N8R,5.355
torchref,1,5NTB,0.571667
torchref,1,5O6B,3.431667
torchref,1,5OF1,0.848333
torchref,1,5OF9,2.003333
torchref,1,5OMB,0.95
torchref,1,5OU8,0.623333
torchref,1,5Q1D,1.36
torchref,1,5Q1H,1.538333
torchref,1,5SVE,1.79
torchref,1,5T0K,1.355
torchref,1,5T0M,1.923333
torchref,1,5T1G,0.775
torchref,1,5TDY,0.501667
torchref,1,5TJA,0.505
torchref,1,5TLD,1.581667
torchref,1,5TM9,1.435
torchref,1,5TTA,1.723333
torchref,1,5TV7,0.581667
torchref,1,5U6K,3.855
torchref,1,5UQP,0.616667
torchref,1,5UV4,0.506667
torchref,1,5UX5,8.293333
torchref,1,5UXG,2.138333
torchref,1,5UZU,1.895
torchref,1,5V8W,1.96
torchref,1,5VIA,1.476667
torchref,1,5VLB,5.756667
torchref,1,5VQG,0.648333
torchref,1,5WB4,3.626667
torchref,1,5WJQ,0.996667
torchref,1,5WRR,1.591667
torchref,1,5WWW,0.561667
torchref,1,5X6S,1.161667
torchref,1,5XG9,1.991667
torchref,1,5XHW,0.501667
torchref,1,5XMZ,0.766667
torchref,1,5XRW,0.458333
torchref,1,5XUK,0.348333
torchref,1,5XUQ,0.408333
torchref,1,5XVW,0.928333
torchref,1,5Y9I,1.25
torchref,1,5YAY,0.71
torchref,1,5Z6D,1.626667
torchref,1,5Z6V,0.823333
torchref,1,5Z8L,1.053333
torchref,1,5ZOO,2.001667
torchref,1,6A0E,1.018333
torchref,1,6A93,0.386667
torchref,1,6AF3,2.873333
torchref,1,6AGI,1.518333
torchref,1,6B8Q,1.936667
torchref,1,6CGO,3.533333
torchref,1,6COK,0.966667
torchref,1,6CQL,1.803333
torchref,1,6CW5,0.781667
torchref,1,6D2V,1.035
torchref,1,6D97,5.713333
torchref,1,6DDT,1.328333
torchref,1,6DF3,0.943333
torchref,1,6E0M,1.541667
torchref,1,6EC7,3.071667
torchref,1,6EUS,4.703333
torchref,1,6EWJ,2.011667
torchref,1,6EYS,4.71
torchref,1,6F1S,0.73
torchref,1,6FJU,1.466667
torchref,1,6FOK,3.095
torchref,1,6FX6,1.046667
torchref,1,6GBS,3.0
torchref,1,6GP7,0.618333
torchref,1,6GXS,4.005
torchref,1,6HFG,0.828333
torchref,1,6I1R,1.443333
torchref,1,6I50,1.05
torchref,1,6IIW,0.72
torchref,1,6IQJ,1.048333
torchref,1,6IR8,0.538333
torchref,1,6J17,0.503333
torchref,1,6J72,1.86
torchref,1,6J7Y,0.625
torchref,1,6JC4,1.153333
torchref,1,6JJW,0.828333
torchref,1,6JZA,0.211667
torchref,1,6K6R,0.908333
torchref,1,6L8E,2.671667
torchref,1,6L9F,1.686667
torchref,1,6LKG,1.895
torchref,1,6M20,4.315
torchref,1,6N5U,1.386667
torchref,1,6O6N,0.545
torchref,1,6OHI,0.76
torchref,1,6PEU,4.43
torchref,1,6PJQ,0.73
torchref,1,6PNP,1.388333
torchref,1,6PUP,0.39
torchref,1,6R0L,0.57
torchref,1,6R6T,1.406667
torchref,1,6RFT,2.5
torchref,1,6RPT,0.98
torchref,1,6RR0,3.89
torchref,1,6RSN,0.736667
torchref,1,6S2P,1.016667
torchref,1,6SRB,2.201667
torchref,1,6SXW,0.668333
torchref,1,6T80,1.21
torchref,1,6TCT,1.038333
torchref,1,6TT5,0.816667
torchref,1,6TWJ,1.218333
torchref,1,6U2D,1.323333
torchref,1,6U75,1.226667
torchref,1,6UB7,1.243333
torchref,1,6V7M,0.718333
torchref,1,6VD8,0.738333
torchref,1,6VHI,0.481667
torchref,1,6VPT,1.316667
torchref,1,6VS7,1.403333
torchref,1,6W9K,1.791667
torchref,1,6WT6,0.516667
torchref,1,6XZ6,0.72
torchref,1,6YFV,2.123333
torchref,1,6Z1S,0.926667
torchref,1,6Z3U,2.29
torchref,1,6ZH1,1.103333
torchref,1,6ZUW,0.511667
torchref,1,7AUI,0.828333
torchref,1,7BV5,2.946667
torchref,1,7BW1,0.445
torchref,1,7C7E,0.523333
torchref,1,7CFD,2.065
torchref,1,7CWW,0.696667
torchref,1,7D86,0.478333
torchref,1,7DUF,0.306667
torchref,1,7E2E,1.271667
torchref,1,7EWF,0.926667
torchref,1,7F9K,0.728333
torchref,1,7F9M,0.695
torchref,1,7FHR,1.248333
torchref,1,7JI4,0.571667
torchref,1,7JN9,0.378333
torchref,1,7K3J,0.965
torchref,1,7KQ0,2.053333
torchref,1,7LF4,1.09
phenix,2,1A0F,4.834833
phenix,2,1A46,6.597333
phenix,2,1A4I,9.570167
phenix,2,1A7V,6.319667
phenix,2,1AJ6,2.194833
phenix,2,1AK5,8.112833
phenix,2,1ANU,1.922
phenix,2,1APX,10.400167
phenix,2,1AQZ,4.922
phenix,2,1B9K,4.406833
phenix,2,1BIA,4.776833
phenix,2,1BM7,4.452167
phenix,2,1BX0,4.312333
phenix,2,1BXE,2.332
phenix,2,1BYW,1.764167
phenix,2,1C3F,3.609
phenix,2,1CI0,4.428167
phenix,2,1CSM,6.728667
phenix,2,1DAW,4.105167
phenix,2,1DLM,4.676833
phenix,2,1DQ3,3.1455
phenix,2,1DQ8,8.335
phenix,2,1e+79,15.675333
phenix,2,1EJ1,3.095833
phenix,2,1EJH,5.3
phenix,2,1ETE,3.883833
phenix,2,1EZW,6.547833
phenix,2,1F97,2.086167
phenix,2,1FG3,2.8805
phenix,2,1FIO,2.393167
phenix,2,1FKM,4.366167
phenix,2,1FSI,3.659333
phenix,2,1GHW,2.186
phenix,2,1GPQ,3.520333
phenix,2,1GQ8,2.346833
phenix,2,1GQ9,2.199167
phenix,2,1GUI,1.750833
phenix,2,1GYJ,1.208
phenix,2,1H8V,6.2895
phenix,2,1HN0,6.0145
phenix,2,1HNO,1.995833
phenix,2,1HTN,1.092667
phenix,2,1I1N,1.944167
phenix,2,1I3A,1.670333
phenix,2,1IDQ,4.2435
phenix,2,1IKN,3.229333
phenix,2,1ITK,8.8945
phenix,2,1J3P,2.380667
phenix,2,1J53,1.757167
phenix,2,1J5W,3.8475
phenix,2,1J8B,1.152667
phenix,2,1JAC,3.161667
phenix,2,1JAD,2.507
phenix,2,1JN9,3.202
phenix,2,1JU3,8.427167
phenix,2,1K6D,5.764833
phenix,2,1K7T,6.294833
phenix,2,1L9X,22.2585
phenix,2,1LNZ,7.810667
phenix,2,1M6E,6.678
phenix,2,1N0L,8.722667
phenix,2,1N6J,3.713167
phenix,2,1O4V,3.8965
phenix,2,1O5T,4.849833
phenix,2,1O6D,2.757
phenix,2,1OBR,6.177
phenix,2,1OC0,3.986833
phenix,2,1OE4,6.285333
phenix,2,1OMW,8.750833
phenix,2,1OSC,6.630333
phenix,2,1OY5,6.483333
phenix,2,1P3C,4.769667
phenix,2,1P4X,5.432
phenix,2,1PG3,9.941667
phenix,2,1PJR,7.323167
phenix,2,1PXZ,9.098833
phenix,2,1Q15,15.4695
phenix,2,1QB5,5.236167
phenix,2,1QD9,5.569
phenix,2,1QJV,5.644167
phenix,2,1QZN,2.641667
phenix,2,1R1K,3.987
phenix,2,1R3U,3.643667
phenix,2,1RFX,4.186
phenix,2,1RHC,5.681
phenix,2,1RJ1,2.6195
phenix,2,1RJD,15.040167
phenix,2,1RKG,3.741167
phenix,2,1RZN,4.336333
phenix,2,1S1C,3.783833
phenix,2,1SO2,14.878833
phenix,2,1SOT,10.854
phenix,2,1T3I,11.641833
phenix,2,1TE5,6.370167
phenix,2,1TGS,4.330667
phenix,2,1TML,2.749333
phenix,2,1TVL,6.821
phenix,2,1U1I,15.9165
phenix,2,1UEF,3.152167
phenix,2,1UJK,4.589
phenix,2,1UKV,11.198
phenix,2,1UTB,7.158833
phenix,2,1UVQ,6.047167
phenix,2,1V8Q,2.894167
phenix,2,1VB3,5.3425
phenix,2,1VCE,7.345167
phenix,2,1VDD,8.470833
phenix,2,1VER,1.8935
phenix,2,1VK0,15.443333
phenix,2,1VLM,4.620333
phenix,2,1VR4,4.711333
phenix,2,1W2Y,7.5795
phenix,2,1W8A,2.150667
phenix,2,1WD8,5.294667
phenix,2,1WDV,4.199833
phenix,2,1WLZ,5.563667
phenix,2,1WTJ,12.7335
phenix,2,1WTY,5.689667
phenix,2,1WU2,8.091
phenix,2,1WV8,1.834833
phenix,2,1WW9,10.723333
phenix,2,1X1Q,7.145
phenix,2,1X6O,4.017
phenix,2,1XVS,15.598333
phenix,2,1XX1,82.406833
phenix,2,1Y7O,11.187667
phenix,2,1Y8Q,16.8605
phenix,2,1YEM,5.223833
phenix,2,1YK3,16.196
phenix,2,1YMQ,3.678333
phenix,2,1Z05,5.797
phenix,2,1Z3X,4.568167
phenix,2,1ZEJ,5.758667
phenix,2,1ZJ8,9.684167
phenix,2,1ZKL,8.118333
phenix,2,1ZZ0,28.0335
phenix,2,2A25,2.784333
phenix,2,2A3V,14.219833
phenix,2,2A9S,4.747667
phenix,2,2ACJ,3.1745
phenix,2,2AE0,7.062333
phenix,2,2AG0,19.504
phenix,2,2AHR,12.8155
phenix,2,2AP2,3.104
phenix,2,2AQ4,8.0905
phenix,2,2B2N,9.601333
phenix,2,2B3X,8.357833
phenix,2,2B5E,5.6605
phenix,2,2B7O,11.457667
phenix,2,2BON,6.408167
phenix,2,2BTY,7.826833
phenix,2,2C8X,2.889
phenix,2,2C90,2.825333
phenix,2,2CB4,25.980667
phenix,2,2CCH,19.5445
phenix,2,2CCM,5.282667
phenix,2,2CKL,3.454833
phenix,2,2CZV,8.033167
phenix,2,2D0T,8.140167
phenix,2,2D68,2.847167
phenix,2,2DOB,1.478833
phenix,2,2DQ6,26.263833
phenix,2,2DRY,3.321667
phenix,2,2DX6,3.857833
phenix,2,2E1M,4.7675
phenix,2,2EO4,3.359833
phenix,2,2EU9,8.458167
phenix,2,2EXU,2.205333
phenix,2,2F1F,6.216333
phenix,2,2F2E,3.727667
phenix,2,2F8L,4.6315
phenix,2,2F9I,13.101167
phenix,2,2F9Z,5.587667
phenix,2,2FEX,9.361167
phenix,2,2FFF,4.8775
phenix,2,2FH9,2.970833
phenix,2,2FTX,4.147667
phenix,2,2G9W,3.694667
phenix,2,2GA1,3.111833
phenix,2,2GA9,12.608
phenix,2,2GD9,4.161833
phenix,2,2GT1,7.581333
phenix,2,2GUH,6.392
phenix,2,2HXW,6.963333
phenix,2,2I53,4.478333
phenix,2,2I7H,11.106833
phenix,2,2IJE,3.046667
phenix,2,2IO7,8.206
phenix,2,2IUC,7.077833
phenix,2,2IVF,14.9085
phenix,2,2IVM,3.611333
phenix,2,2JAC,1.832833
phenix,2,2JFN,3.9455
phenix,2,2JH3,21.806333
phenix,2,2NLY,2.6285
phenix,2,2NN4,2.504667
phenix,2,2NTX,11.445167
phenix,2,2NVN,2.0575
phenix,2,2OD8,4.232
phenix,2,2OO2,1.734
phenix,2,2OO3,3.413667
phenix,2,2P0U,10.264667
phenix,2,2P1L,6.358333
phenix,2,2P38,5.276167
phenix,2,2P62,7.6295
phenix,2,2P8J,6.603167
phenix,2,2P8Q,8.944333
phenix,2,2PAV,6.787333
phenix,2,2PJS,2.946833
phenix,2,2PK9,10.608833
phenix,2,2PN0,8.013
phenix,2,2PQN,2.704833
phenix,2,2PQV,4.654333
phenix,2,2PY2,12.112833
phenix,2,2Q1Z,5.255
phenix,2,2QCO,2.493833
phenix,2,2QE9,4.7
phenix,2,2QH9,4.027833
phenix,2,2QHL,11.4515
phenix,2,2QKL,2.426333
phenix,2,2QL3,21.729833
phenix,2,2QM7,6.4665
phenix,2,2QML,4.2455
phenix,2,2QOS,2.7055
phenix,2,2QSV,3.534333
phenix,2,2QYA,4.112833
phenix,2,2R5F,2.599167
phenix,2,2R6R,3.745333
phenix,2,2RCC,11.640167
phenix,2,2RH3,2.114
phenix,2,2V62,8.589167
phenix,2,2VEF,7.009
phenix,2,2VUN,21.423833
phenix,2,2VZB,8.065
phenix,2,2W3X,11.267667
phenix,2,2W9Y,2.293667
phenix,2,2WDZ,10.989167
phenix,2,2WNH,13.940333
phenix,2,2WP1,3.639667
phenix,2,2X1C,19.060333
phenix,2,2X26,7.749
phenix,2,2XD0,7.949167
phenix,2,2XDO,11.8155
phenix,2,2XN4,4.907833
phenix,2,2XPI,8.849
phenix,2,2XPL,2.828333
phenix,2,2XVS,2.372167
phenix,2,2Y9W,8.654667
phenix,2,2YEU,9.653833
phenix,2,2YFA,6.190833
phenix,2,2YGB,25.085
phenix,2,2YGK,4.889
phenix,2,2YJT,4.967833
phenix,2,2YN0,5.119667
phenix,2,2Z1D,6.8325
phenix,2,2Z1Z,7.7735
phenix,2,2Z7E,4.418333
phenix,2,2ZIU,3.677833
phenix,2,2ZME,5.263667
phenix,2,2ZON,13.604
phenix,2,2ZUL,4.485167
phenix,2,3A58,10.595833
phenix,2,3ADO,4.344667
phenix,2,3AMH,5.649167
phenix,2,3AQG,2.903833
phenix,2,3ATQ,6.570833
phenix,2,3AV4,10.207
phenix,2,3B2D,11.530667
phenix,2,3B8I,20.602
phenix,2,3BCI,3.6855
phenix,2,3BGU,3.533333
phenix,2,3BJ6,4.399
phenix,2,3BNK,4.043667
phenix,2,3BVQ,6.303833
phenix,2,3C7J,6.1835
phenix,2,3CAX,4.2325
phenix,2,3CB0,11.321167
phenix,2,3CB5,10.352
phenix,2,3CBM,4.434833
phenix,2,3CGG,4.652667
phenix,2,3CMQ,22.308
phenix,2,3CQO,40.991
phenix,2,3CU3,5.766
phenix,2,3CXM,3.397667
phenix,2,3D1M,4.033
phenix,2,3D49,2.909333
phenix,2,3DEE,1.314833
phenix,2,3DIW,3.466667
phenix,2,3DJD,4.8555
phenix,2,3DJN,1.7495
phenix,2,3DLA,14.136
phenix,2,3DXI,6.398833
phenix,2,3E7P,4.237
phenix,2,3E8S,4.546
phenix,2,3E8V,1.806333
phenix,2,3e+98,3.282
phenix,2,3e+99,1.683667
phenix,2,3EC1,2.804667
phenix,2,3ED4,12.059167
phenix,2,3EFY,8.765833
phenix,2,3EUS,2.735833
phenix,2,3FBI,3.455333
phenix,2,3FJU,3.291167
phenix,2,3FKK,4.132167
phenix,2,3FPR,2.8665
phenix,2,3FVE,4.1805
phenix,2,3G39,2.9655
phenix,2,3G3O,3.5975
phenix,2,3G6L,2.465333
phenix,2,3G85,4.513
phenix,2,3GF6,3.4305
phenix,2,3GLR,5.113167
phenix,2,3GM5,2.144333
phenix,2,3GMV,2.566667
phenix,2,3GQU,2.636
phenix,2,3GR5,2.012
phenix,2,3GXQ,1.743667
phenix,2,3H1T,5.142833
phenix,2,3H6E,7.663
phenix,2,3H6R,3.159833
phenix,2,3H7O,5.262167
phenix,2,3HBC,4.258833
phenix,2,3HHC,6.052667
phenix,2,3HL0,5.029667
phenix,2,3HST,4.736333
phenix,2,3HTK,5.445
phenix,2,3HTV,4.278667
phenix,2,3I38,11.073667
phenix,2,3IC8,9.050333
phenix,2,3IHU,5.183167
phenix,2,3IUG,5.9155
phenix,2,3IVB,2.140167
phenix,2,3JST,2.582
phenix,2,3JWH,3.108167
phenix,2,3KFW,1.5185
phenix,2,3KGR,3.677333
phenix,2,3KKD,6.425667
phenix,2,3KKE,5.044833
phenix,2,3KOL,2.928667
phenix,2,3KXR,3.897333
phenix,2,3KZP,3.611
phenix,2,3L1W,20.1185
phenix,2,3L2H,4.877833
phenix,2,3L6F,3.270167
phenix,2,3LLI,2.229833
phenix,2,3LOC,7.140667
phenix,2,3LS0,2.039667
phenix,2,3LW3,4.149667
phenix,2,3M1T,2.927167
phenix,2,3M91,1.595167
phenix,2,3MB2,6.404667
phenix,2,3MKR,8.727333
phenix,2,3ML3,3.1375
phenix,2,3MML,17.0435
phenix,2,3MQ2,5.254
phenix,2,3MV2,13.948667
phenix,2,3MYU,4.309333
phenix,2,3N39,3.882167
phenix,2,3N55,2.625833
phenix,2,3N5L,10.079667
phenix,2,3N74,4.292667
phenix,2,3N9U,8.886167
phenix,2,3NJE,2.245
phenix,2,3NO8,3.624
phenix,2,3OAP,3.838333
phenix,2,3OC7,6.8325
phenix,2,3OEC,12.4715
phenix,2,3OFJ,2.169
phenix,2,3OOQ,36.020333
phenix,2,3P86,2.648333
phenix,2,3PFY,2.8225
phenix,2,3PPU,6.061
phenix,2,3PZ8,3.835167
phenix,2,3QC1,2.751667
phenix,2,3QKL,4.185833
phenix,2,3QLA,6.644833
phenix,2,3QNM,3.724
phenix,2,3QTA,5.2455
phenix,2,3QVJ,6.749
phenix,2,3R0Q,10.873333
phenix,2,3R6B,1.582667
phenix,2,3RAZ,2.214
phenix,2,3RLE,3.913833
phenix,2,3RQ4,3.618
phenix,2,3RST,9.003333
phenix,2,3SF5,7.511333
phenix,2,3SHW,3.727333
phenix,2,3SOL,2.811
phenix,2,3SUZ,3.303667
phenix,2,3T0Q,1.862
phenix,2,3T9O,3.156333
phenix,2,3TCO,1.987667
phenix,2,3THF,3.423
phenix,2,3TIX,5.3225
phenix,2,3TSZ,1.914
phenix,2,3TU7,2.901
phenix,2,3TVA,7.864833
phenix,2,3U1D,5.294333
phenix,2,3U2A,1.029167
phenix,2,3U66,3.799833
phenix,2,3U9L,2.4995
phenix,2,3UN9,7.846333
phenix,2,3UNG,6.838667
phenix,2,3UTN,5.065667
phenix,2,3UVO,3.212167
phenix,2,3V70,5.355167
phenix,2,3VD8,1.947833
phenix,2,3VEP,1.845667
phenix,2,3VFO,3.042
phenix,2,3VFP,5.510667
phenix,2,3VHL,5.202
phenix,2,3VPB,7.3755
phenix,2,3VRJ,2.984833
phenix,2,3VSM,12.589
phenix,2,3VST,34.937667
phenix,2,3VUQ,4.1845
phenix,2,3VYN,6.137667
phenix,2,3W0L,14.805833
phenix,2,3W3T,6.881833
phenix,2,3W3W,11.145667
phenix,2,3W56,2.233833
phenix,2,3W8W,4.798
phenix,2,3WNV,7.981
phenix,2,3WTQ,3.119667
phenix,2,3WW1,6.204
phenix,2,3X0X,30.1285
phenix,2,3ZH9,4.856667
phenix,2,3ZIE,5.538833
phenix,2,4AK1,13.1635
phenix,2,4ALY,4.3965
phenix,2,4AOM,2.202167
phenix,2,4AUP,1.7975
phenix,2,4B18,2.2565
phenix,2,4BU1,4.632833
phenix,2,4BVE,4.055833
phenix,2,4BX9,13.975667
phenix,2,4C1S,8.092
phenix,2,4C6R,6.3235
phenix,2,4CE5,14.276
phenix,2,4CGB,1.483
phenix,2,4CH9,6.798333
phenix,2,4CKT,2.586167
phenix,2,4CLF,7.445
phenix,2,4CSO,6.979
phenix,2,4D51,4.518833
phenix,2,4DA2,5.974
phenix,2,4DOV,2.130167
phenix,2,4EOY,3.825667
phenix,2,4EWI,2.676833
phenix,2,4EX5,9.8595
phenix,2,4F0F,4.418167
phenix,2,4F27,6.206167
phenix,2,4FC4,13.111833
phenix,2,4FE9,3.552667
phenix,2,4FIX,12.279833
phenix,2,4FYU,7.614
phenix,2,4G3H,12.332333
phenix,2,4GMV,5.441
phenix,2,4H9D,1.891167
phenix,2,4HIA,2.388167
phenix,2,4HJW,5.925
phenix,2,4HKA,2.832333
phenix,2,4HUJ,5.465
phenix,2,4ICH,4.750667
phenix,2,4IDI,5.156
phenix,2,4JGX,3.113
phenix,2,4JHN,16.282167
phenix,2,4JX2,6.709167
phenix,2,4K36,14.0105
phenix,2,4KH9,4.158167
phenix,2,4KYQ,3.263333
phenix,2,4L7Z,17.648833
phenix,2,4L9U,1.170167
phenix,2,4LD7,22.1885
phenix,2,4LZ2,2.798833
phenix,2,4MAA,3.856167
phenix,2,4ME9,4.004167
phenix,2,4MG5,6.0315
phenix,2,4MG6,5.591
phenix,2,4MJG,1.985667
phenix,2,4N39,6.0225
phenix,2,4N5X,1.213667
phenix,2,4NPJ,3.322167
phenix,2,4NUF,2.002667
phenix,2,4NWZ,6.896167
phenix,2,4O62,2.713333
phenix,2,4O92,1.255667
phenix,2,4OC8,5.536833
phenix,2,4OF8,9.967167
phenix,2,4OFF,1.9575
phenix,2,4OX3,3.661667
phenix,2,4PDE,3.306
phenix,2,4PFS,5.3095
phenix,2,4PQZ,2.124167
phenix,2,4PRA,6.053833
phenix,2,4PSI,6.268
phenix,2,4PV4,11.418167
phenix,2,4Q13,4.913333
phenix,2,4Q63,2.2695
phenix,2,4QH8,5.8815
phenix,2,4QKO,5.658167
phenix,2,4QN8,3.085
phenix,2,4QQR,2.479333
phenix,2,4QTP,3.4035
phenix,2,4QXA,2.053167
phenix,2,4R10,4.012
phenix,2,4RHO,2.530667
phenix,2,4RK2,5.844167
phenix,2,4RO5,2.6175
phenix,2,4RQM,1.596333
phenix,2,4TWL,3.0395
phenix,2,4U7A,9.862
phenix,2,4UCI,14.226833
phenix,2,4UDA,3.428333
phenix,2,4UDP,9.584833
phenix,2,4UWX,8.2055
phenix,2,4UYI,4.199833
phenix,2,4V15,11.657
phenix,2,4W2R,15.367167
phenix,2,4WAL,2.123167
phenix,2,4WIP,2.761167
phenix,2,4WWM,2.367833
phenix,2,4X3E,3.8215
phenix,2,4XLG,7.1845
phenix,2,4ZSF,6.166333
phenix,2,4ZV9,7.587667
phenix,2,5A0T,7.390833
phenix,2,5AA5,22.493167
phenix,2,5AD0,3.348167
phenix,2,5B5I,2.020167
phenix,2,5B5Q,6.488833
phenix,2,5BOV,15.841
phenix,2,5BV6,2.167167
phenix,2,5C5V,9.233
phenix,2,5C7F,8.048833
phenix,2,5C8H,2.124833
phenix,2,5CVR,2.998833
phenix,2,5D5H,6.272333
phenix,2,5DAY,4.343
phenix,2,5DBE,3.913
phenix,2,5DRM,3.112333
phenix,2,5000000000000000.0,4.741
phenix,2,5EBB,12.373667
phenix,2,5EG2,7.131667
phenix,2,5EGE,14.7385
phenix,2,5ETA,5.783667
phenix,2,5G09,19.731167
phenix,2,5G23,8.089167
phenix,2,5G4I,15.0015
phenix,2,5GHR,4.953333
phenix,2,5GJM,3.21
phenix,2,5GKV,2.419667
phenix,2,5GOX,1.981167
phenix,2,5GZI,3.477167
phenix,2,5H5Y,3.212833
phenix,2,5HRJ,0.981167
phenix,2,5I2H,5.437333
phenix,2,5I47,2.518
phenix,2,5I9E,6.939167
phenix,2,5IAW,2.143333
phenix,2,5IQM,2.230667
phenix,2,5IY4,3.426167
phenix,2,5IYX,3.713
phenix,2,5J0A,2.705833
phenix,2,5J4A,4.928
phenix,2,5J9K,4.232833
phenix,2,5JD9,6.575667
phenix,2,5JHO,5.490167
phenix,2,5JI5,2.3735
phenix,2,5JTA,8.135167
phenix,2,5K2X,9.88
phenix,2,5K6S,3.5465
phenix,2,5LTD,4.895167
phenix,2,5LU2,2.345667
phenix,2,5LW0,3.119667
phenix,2,5ME9,4.970167
phenix,2,5MLK,5.510333
phenix,2,5MLZ,3.2365
phenix,2,5MXY,1.099333
phenix,2,5N6H,7.896167
phenix,2,5N8R,16.019167
phenix,2,5NTB,3.657
phenix,2,5O6B,12.571667
phenix,2,5OF1,4.782
phenix,2,5OF9,14.566333
phenix,2,5OMB,5.788333
phenix,2,5OU8,2.154333
phenix,2,5Q1D,4.105667
phenix,2,5Q1H,5.153
phenix,2,5SVE,2.769167
phenix,2,5T0K,4.527833
phenix,2,5T0M,3.968167
phenix,2,5T1G,2.385833
phenix,2,5TDY,3.0275
phenix,2,5TJA,4.361167
phenix,2,5TLD,4.55
phenix,2,5TM9,2.832333
phenix,2,5TTA,5.222
phenix,2,5TV7,2.074167
phenix,2,5U6K,7.633667
phenix,2,5UQP,4.030833
phenix,2,5UV4,5.420333
phenix,2,5UX5,25.550167
phenix,2,5UXG,6.763667
phenix,2,5UZU,6.522
phenix,2,5V8W,6.977833
phenix,2,5VIA,2.9035
phenix,2,5VLB,11.299667
phenix,2,5VQG,1.227
phenix,2,5WB4,7.087333
phenix,2,5WJQ,3.494333
phenix,2,5WRR,12.005333
phenix,2,5WWW,1.925833
phenix,2,5X6S,8.082667
phenix,2,5XG9,7.357333
phenix,2,5XHW,2.434333
phenix,2,5XMZ,2.058667
phenix,2,5XRW,2.7615
phenix,2,5XUK,1.093333
phenix,2,5XUQ,1.321
phenix,2,5XVW,6.250167
phenix,2,5Y9I,3.929333
phenix,2,5YAY,4.803333
phenix,2,5Z6D,5.286
phenix,2,5Z6V,2.264
phenix,2,5Z8L,3.336167
phenix,2,5ZOO,7.2545
phenix,2,6A0E,6.473333
phenix,2,6A93,2.585667
phenix,2,6AF3,3.371667
phenix,2,6AGI,7.645
phenix,2,6B8Q,6.998333
phenix,2,6CGO,9.076333
phenix,2,6COK,3.147
phenix,2,6CQL,6.520833
phenix,2,6CW5,4.728
phenix,2,6D2V,7.855
phenix,2,6D97,18.004667
phenix,2,6DDT,8.7775
phenix,2,6DF3,3.944167
phenix,2,6E0M,3.632333
phenix,2,6EC7,7.3985
phenix,2,6EUS,19.069833
phenix,2,6EWJ,16.422
phenix,2,6EYS,15.387333
phenix,2,6F1S,2.024
phenix,2,6FJU,2.893333
phenix,2,6FOK,11.298167
phenix,2,6FX6,1.5405
phenix,2,6GBS,4.133167
phenix,2,6GP7,1.117833
phenix,2,6GXS,16.396167
phenix,2,6HFG,2.478667
phenix,2,6I1R,3.190167
phenix,2,6I50,2.8865
phenix,2,6IIW,3.586333
phenix,2,6IQJ,3.486333
phenix,2,6IR8,1.001167
phenix,2,6J17,1.677833
phenix,2,6J72,2.906667
phenix,2,6J7Y,2.349833
phenix,2,6JC4,7.511333
phenix,2,6JJW,3.067667
phenix,2,6JZA,1.308333
phenix,2,6K6R,2.821667
phenix,2,6L8E,5.759333
phenix,2,6L9F,2.892167
phenix,2,6LKG,5.606833
phenix,2,6M20,8.161667
phenix,2,6N5U,4.412833
phenix,2,6O6N,3.911167
phenix,2,6OHI,4.946167
phenix,2,6PEU,16.7685
phenix,2,6PJQ,2.293167
phenix,2,6PNP,4.6155
phenix,2,6PUP,2.618167
phenix,2,6R0L,1.856167
phenix,2,6R6T,6.631667
phenix,2,6RFT,9.9005
phenix,2,6RPT,3.211333
phenix,2,6RR0,9.298667
phenix,2,6RSN,1.9375
phenix,2,6S2P,3.025167
phenix,2,6SRB,7.596667
phenix,2,6SXW,1.279167
phenix,2,6T80,7.377167
phenix,2,6TCT,7.223667
phenix,2,6TT5,5.343333
phenix,2,6TWJ,8.546
phenix,2,6U2D,3.6735
phenix,2,6U75,5.128
phenix,2,6UB7,2.024167
phenix,2,6V7M,1.190667
phenix,2,6VD8,1.0705
phenix,2,6VHI,0.908167
phenix,2,6VPT,2.09
phenix,2,6VS7,4.844333
phenix,2,6W9K,6.107167
phenix,2,6WT6,3.860833
phenix,2,6XZ6,4.469167
phenix,2,6YFV,7.670667
phenix,2,6Z1S,5.27
phenix,2,6Z3U,7.497
phenix,2,6ZH1,3.319833
phenix,2,6ZUW,3.3985
phenix,2,7AUI,3.039167
phenix,2,7BV5,5.177333
phenix,2,7BW1,3.0985
phenix,2,7C7E,3.005
phenix,2,7CFD,14.391333
phenix,2,7CWW,4.268
phenix,2,7D86,2.721667
phenix,2,7DUF,1.882667
phenix,2,7E2E,4.4175
phenix,2,7EWF,3.422833
phenix,2,7F9K,1.513667
phenix,2,7F9M,2.649333
phenix,2,7FHR,3.221167
phenix,2,7JI4,0.900333
phenix,2,7JN9,0.6635
phenix,2,7K3J,4.0245
phenix,2,7KQ0,6.826833
phenix,2,7LF4,7.3265
