code,rwork_torchref,rfree_torchref,rwork_phenix,rfree_phenix,rwork_refmac,rfree_refmac,d_min,delta_rwork_phenix,delta_rfree_phenix,delta_rwork_refmac,delta_rfree_refmac
2EU9,0.257900,0.289300,0.274400,0.295100,0.260300,0.286200,1.399979,-1.650000,-0.580000,-0.240000,0.310000
5JD9,0.251000,0.292600,0.266900,0.291700,0.265000,0.296800,1.400773,-1.590000,0.090000,-1.400000,-0.420000
1Z3X,0.251400,0.278900,0.263100,0.280700,0.256500,0.278400,1.499852,-1.170000,-0.180000,-0.510000,0.050000
1I1N,0.246600,0.278800,0.258200,0.278100,0.261000,0.286600,1.499858,-1.160000,0.070000,-1.440000,-0.780000
5K2X,0.371300,0.389700,0.378700,0.391900,0.378400,0.396600,1.499946,-0.740000,-0.220000,-0.710000,-0.690000
1UKV,0.301500,0.343300,0.317400,0.351400,0.317200,0.351500,1.499959,-1.590000,-0.810000,-1.570000,-0.820000
5LW0,0.241300,0.277100,0.252700,0.271200,0.245100,0.268600,1.499985,-1.140000,0.590000,-0.380000,0.850000
1P3C,0.187000,0.225600,0.195700,0.224200,0.190300,0.225700,1.500004,-0.870000,0.140000,-0.330000,-0.010000
3CXM,0.240500,0.263500,0.255000,0.261100,0.245200,0.260600,1.500005,-1.450000,0.240000,-0.470000,0.290000
2DQ6,0.245900,0.266900,0.258000,0.273300,0.254400,0.271500,1.500006,-1.210000,-0.640000,-0.850000,-0.460000
5IQM,0.298600,0.322000,0.307100,0.329400,0.304500,0.323200,1.500007,-0.850000,-0.740000,-0.590000,-0.120000
5G4I,0.240500,0.257600,0.257100,0.265900,0.248700,0.259700,1.500008,-1.660000,-0.830000,-0.820000,-0.210000
6TT5,0.258100,0.295000,0.274000,0.302300,0.264500,0.295500,1.500008,-1.590000,-0.730000,-0.640000,-0.050000
4V15,0.233500,0.261000,0.244500,0.265100,0.239300,0.260300,1.500009,-1.100000,-0.410000,-0.580000,0.070000
3OC7,0.222600,0.252500,0.235400,0.255500,0.229400,0.252000,1.500012,-1.280000,-0.300000,-0.680000,0.050000
2I53,0.227200,0.250000,0.238200,0.252200,0.231900,0.256600,1.500012,-1.100000,-0.220000,-0.470000,-0.660000
2YN0,0.242900,0.274300,0.250800,0.272300,0.252100,0.271400,1.500022,-0.790000,0.200000,-0.920000,0.290000
5NTB,0.222700,0.235200,0.231600,0.245000,0.227500,0.240000,1.500053,-0.890000,-0.980000,-0.480000,-0.480000
1A4I,0.295900,0.344900,0.314200,0.353300,0.284700,0.325100,1.500611,-1.830000,-0.840000,1.120000,1.980000
3BGU,0.317700,0.354100,0.329400,0.362100,0.327300,0.362200,1.500741,-1.170000,-0.800000,-0.960000,-0.810000
3D49,0.356100,0.359400,0.382100,0.395000,0.369800,0.378900,1.501934,-2.600000,-3.560000,-1.370000,-1.950000
6E0M,0.277000,0.295400,0.295700,0.316400,0.290200,0.314300,1.518222,-1.870000,-2.100000,-1.320000,-1.890000
2GUH,0.340000,0.363100,0.344500,0.362800,0.343500,0.361700,1.519005,-0.450000,0.030000,-0.350000,0.140000
6Z1S,0.264100,0.312000,0.275100,0.317400,0.286800,0.324100,1.532468,-1.100000,-0.540000,-2.270000,-1.210000
2QML,0.313000,0.363200,0.319200,0.359900,0.314000,0.349000,1.548850,-0.620000,0.330000,-0.100000,1.420000
5EG2,0.245900,0.260700,0.256900,0.265500,0.249300,0.255500,1.548965,-1.100000,-0.480000,-0.340000,0.520000
5YAY,0.285700,0.318100,0.295400,0.313200,0.292300,0.319800,1.549813,-0.970000,0.490000,-0.660000,-0.170000
1WTJ,0.243400,0.268300,0.267000,0.287900,0.252500,0.274000,1.550000,-2.360000,-1.960000,-0.910000,-0.570000
3G39,0.227500,0.246100,0.234300,0.249600,0.228600,0.248300,1.550753,-0.680000,-0.350000,-0.110000,-0.220000
5I2H,0.265700,0.281300,0.275400,0.279300,0.283600,0.298700,1.550985,-0.970000,0.200000,-1.790000,-1.740000
5OF1,0.299000,0.347500,0.333900,0.365500,0.299900,0.328200,1.558022,-3.490000,-1.800000,-0.090000,1.930000
2QHL,0.259200,0.278500,0.268300,0.276700,0.279500,0.293100,1.560241,-0.910000,0.180000,-2.030000,-1.460000
3N55,0.291400,0.305800,0.302100,0.304800,0.297400,0.301000,1.568706,-1.070000,0.100000,-0.600000,0.480000
1JU3,0.236900,0.264100,0.242300,0.260900,0.241200,0.263800,1.583364,-0.540000,0.320000,-0.430000,0.030000
2HXW,0.268800,0.293800,0.282700,0.299100,0.276600,0.293400,1.583993,-1.390000,-0.530000,-0.780000,0.040000
1WLZ,0.270600,0.297600,0.280400,0.299900,0.282900,0.298800,1.596113,-0.980000,-0.230000,-1.230000,-0.120000
1ZZ0,0.221800,0.247400,0.231000,0.250000,0.226100,0.244300,1.596351,-0.920000,-0.260000,-0.430000,0.310000
1GPQ,0.241500,0.287700,0.253100,0.298300,0.254600,0.298300,1.597966,-1.160000,-1.060000,-1.310000,-1.060000
4RO5,0.382900,0.418200,0.383100,0.419700,0.393600,0.433000,1.598004,-0.020000,-0.150000,-1.070000,-1.480000
5Z6D,0.234300,0.284000,0.248700,0.287300,0.250200,0.289100,1.598011,-1.440000,-0.330000,-1.590000,-0.510000
5B5I,0.455200,0.486000,0.468100,0.507900,0.453600,0.476200,1.599271,-1.290000,-2.190000,0.160000,0.980000
3LW3,0.246300,0.264100,0.256700,0.264400,0.257000,0.271200,1.599408,-1.040000,-0.030000,-1.070000,-0.710000
1L9X,0.215000,0.247200,0.222200,0.245700,0.218700,0.243900,1.599637,-0.720000,0.150000,-0.370000,0.330000
3QLA,0.347000,0.382600,0.359400,0.389700,0.373800,0.387100,1.599850,-1.240000,-0.710000,-2.680000,-0.450000
3CB0,0.248700,0.275400,0.258300,0.278100,0.258200,0.281900,1.600001,-0.960000,-0.270000,-0.950000,-0.650000
3L1W,0.241300,0.268900,0.248100,0.269300,0.246600,0.267700,1.600001,-0.680000,-0.040000,-0.530000,0.120000
5BOV,0.238600,0.268300,0.245500,0.263900,0.245200,0.264000,1.600001,-0.690000,0.440000,-0.660000,0.430000
4U7A,0.232500,0.263400,0.244200,0.270500,0.235000,0.259700,1.600006,-1.170000,-0.710000,-0.250000,0.370000
2D68,0.277800,0.261500,0.288000,0.271300,0.298300,0.272700,1.600008,-1.020000,-0.980000,-2.050000,-1.120000
3FJU,0.291700,0.309800,0.294100,0.305100,0.300800,0.312700,1.600016,-0.240000,0.470000,-0.910000,-0.290000
3W56,0.265200,0.315800,0.277400,0.321200,0.284900,0.335300,1.600016,-1.220000,-0.540000,-1.970000,-1.950000
4L9U,0.468600,0.515100,0.482800,0.554100,0.462400,0.525800,1.600038,-1.420000,-3.900000,0.620000,-1.070000
1AQZ,0.227700,0.271700,0.230300,0.265300,0.230700,0.266200,1.600110,-0.260000,0.640000,-0.300000,0.550000
1X6O,0.269500,0.289300,0.288900,0.302000,0.293200,0.308700,1.600176,-1.940000,-1.270000,-2.370000,-1.940000
3HL0,0.317900,0.357500,0.333000,0.365900,0.310900,0.342900,1.601000,-1.510000,-0.840000,0.700000,1.460000
6W9K,0.246400,0.251600,0.268200,0.268800,0.257200,0.261500,1.604448,-2.180000,-1.720000,-1.080000,-0.990000
4K36,0.301600,0.348500,0.310400,0.344300,0.305900,0.339000,1.619001,-0.880000,0.420000,-0.430000,0.950000
3M1T,0.352400,0.368100,0.370200,0.374700,0.359300,0.374900,1.620274,-1.780000,-0.660000,-0.690000,-0.680000
4CE5,0.233600,0.252100,0.241400,0.254100,0.241200,0.254500,1.630009,-0.780000,-0.200000,-0.760000,-0.240000
3FPR,0.265800,0.301100,0.296800,0.321200,0.267600,0.295400,1.630049,-3.100000,-2.010000,-0.180000,0.570000
2PQV,0.261800,0.300100,0.275400,0.310400,0.275500,0.302900,1.634705,-1.360000,-1.030000,-1.370000,-0.280000
4KYQ,0.268300,0.330800,0.271700,0.333900,0.257000,0.305900,1.643029,-0.340000,-0.310000,1.130000,2.490000
6FJU,0.348600,0.372800,0.356600,0.377700,0.352900,0.374200,1.647491,-0.800000,-0.490000,-0.430000,-0.140000
3RLE,0.450600,0.489500,0.452400,0.487700,0.454600,0.482800,1.648703,-0.180000,0.180000,-0.400000,0.670000
1EZW,0.227900,0.242800,0.238200,0.243600,0.230600,0.243600,1.649843,-1.030000,-0.080000,-0.270000,-0.080000
4UWX,0.284800,0.327100,0.332700,0.371600,0.298600,0.329600,1.650005,-4.790000,-4.450000,-1.380000,-0.250000
6SRB,0.279500,0.309000,0.293600,0.307800,0.376600,0.362900,1.650018,-1.410000,0.120000,-9.710000,-5.390000
2A9S,0.220800,0.238900,0.228700,0.239600,0.230800,0.244900,1.652399,-0.790000,-0.070000,-1.000000,-0.600000
1W2Y,0.260700,0.288600,0.269300,0.295500,0.261900,0.288300,1.653174,-0.860000,-0.690000,-0.120000,0.030000
1O6D,0.258500,0.284800,0.266100,0.288200,0.264400,0.284500,1.662573,-0.760000,-0.340000,-0.590000,0.030000
1ZKL,0.241400,0.265800,0.251500,0.265300,0.245700,0.266000,1.669472,-1.010000,0.050000,-0.430000,-0.020000
2WNH,0.236400,0.262300,0.244200,0.262700,0.241100,0.260400,1.682018,-0.780000,-0.040000,-0.470000,0.190000
2W9Y,0.275300,0.306400,0.279200,0.315600,0.284100,0.303300,1.682365,-0.390000,-0.920000,-0.880000,0.310000
3CBM,0.251200,0.285000,0.272800,0.305900,0.270800,0.298700,1.685541,-2.160000,-2.090000,-1.960000,-1.370000
3GF6,0.287600,0.342500,0.292200,0.333900,0.293400,0.340100,1.690009,-0.460000,0.860000,-0.580000,0.240000
3MQ2,0.297300,0.338800,0.303600,0.344800,0.295700,0.333100,1.690016,-0.630000,-0.600000,0.160000,0.570000
6I50,0.215600,0.232900,0.222500,0.237800,0.218500,0.232800,1.690076,-0.690000,-0.490000,-0.290000,0.010000
3ED4,0.282500,0.330400,0.294000,0.330400,0.286000,0.327700,1.696001,-1.150000,0.000000,-0.350000,0.270000
2ZON,0.234100,0.266200,0.238800,0.262400,0.237200,0.261200,1.696004,-0.470000,0.380000,-0.310000,0.500000
4DOV,0.328300,0.336000,0.342400,0.345300,0.328400,0.343200,1.696091,-1.410000,-0.930000,-0.010000,-0.720000
2RH3,0.226500,0.258500,0.231300,0.260300,0.234900,0.260300,1.697875,-0.480000,-0.180000,-0.840000,-0.180000
1PXZ,0.218400,0.248800,0.226500,0.249300,0.223500,0.249100,1.698273,-0.810000,-0.050000,-0.510000,-0.030000
3EFY,0.268700,0.301200,0.283400,0.308500,0.280300,0.307600,1.698319,-1.470000,-0.730000,-1.160000,-0.640000
5T0K,0.323300,0.372300,0.331300,0.378600,0.316000,0.367400,1.698405,-0.800000,-0.630000,0.730000,0.490000
1WDV,0.271300,0.304000,0.274600,0.307900,0.274800,0.305900,1.698600,-0.330000,-0.390000,-0.350000,-0.190000
6IIW,0.426200,0.403900,0.429700,0.416700,0.425100,0.424000,1.698696,-0.350000,-1.280000,0.110000,-2.010000
2PN0,0.362200,0.405000,0.367500,0.409600,0.363400,0.402900,1.699004,-0.530000,-0.460000,-0.120000,0.210000
1BXE,0.305000,0.328800,0.325700,0.330000,0.307300,0.336400,1.699449,-2.070000,-0.120000,-0.230000,-0.760000
3ADO,0.222300,0.254900,0.231500,0.252700,0.229100,0.256800,1.699452,-0.920000,0.220000,-0.680000,-0.190000
3VFO,0.316700,0.346200,0.313600,0.334600,0.409400,0.421600,1.699943,0.310000,1.160000,-9.270000,-7.540000
2CCH,0.310500,0.343500,0.351600,0.373000,0.322200,0.347500,1.699979,-4.110000,-2.950000,-1.170000,-0.400000
4JHN,0.213000,0.249800,0.221800,0.249700,0.216900,0.245000,1.700004,-0.880000,0.010000,-0.390000,0.480000
3D1M,0.267200,0.291600,0.277300,0.299600,0.275200,0.297800,1.700011,-1.010000,-0.800000,-0.800000,-0.620000
3QNM,0.278400,0.312900,0.283700,0.303600,0.282600,0.314600,1.700013,-0.530000,0.930000,-0.420000,-0.170000
2FTX,0.288600,0.376600,0.303200,0.381900,0.297900,0.386700,1.700024,-1.460000,-0.530000,-0.930000,-1.010000
6RSN,0.256800,0.286900,0.275300,0.306800,0.273500,0.282300,1.700026,-1.850000,-1.990000,-1.670000,0.460000
5B5Q,0.244700,0.284300,0.248200,0.275900,0.252700,0.282800,1.700037,-0.350000,0.840000,-0.800000,0.150000
4OX3,0.268400,0.318200,0.277900,0.318500,0.280400,0.315200,1.700041,-0.950000,-0.030000,-1.200000,0.300000
2R6R,0.253500,0.307800,0.259500,0.303200,0.259400,0.295100,1.700069,-0.600000,0.460000,-0.590000,1.270000
4CLF,0.303200,0.340500,0.319900,0.361800,0.310800,0.350600,1.700099,-1.670000,-2.130000,-0.760000,-1.010000
3U2A,0.328600,0.351500,0.342400,0.351500,0.338500,0.350600,1.700111,-1.380000,0.000000,-0.990000,0.090000
2FEX,0.291100,0.326900,0.298500,0.326000,0.293000,0.323300,1.700716,-0.740000,0.090000,-0.190000,0.360000
2V62,0.246900,0.280200,0.256200,0.283500,0.251500,0.282900,1.700954,-0.930000,-0.330000,-0.460000,-0.270000
1QD9,0.273800,0.327700,0.253700,0.303300,0.278600,0.325900,1.701401,2.010000,2.440000,-0.480000,0.180000
6O6N,0.259300,0.293600,0.273400,0.302200,0.266900,0.292500,1.701629,-1.410000,-0.860000,-0.760000,0.110000
3PFY,0.343000,0.378800,0.364200,0.398300,0.348800,0.380200,1.702065,-2.120000,-1.950000,-0.580000,-0.140000
2PY2,0.248700,0.286200,0.260300,0.294400,0.262300,0.298400,1.703674,-1.160000,-0.820000,-1.360000,-1.220000
1GHW,0.337100,0.404600,0.355600,0.416800,0.353600,0.402200,1.706890,-1.850000,-1.220000,-1.650000,0.240000
5UXG,0.239900,0.283800,0.247000,0.283900,0.248700,0.286300,1.720241,-0.710000,-0.010000,-0.880000,-0.250000
3GMV,0.325700,0.381200,0.264500,0.310700,0.301500,0.344700,1.747812,6.120000,7.050000,2.420000,3.650000
4N39,0.309300,0.348900,0.345500,0.371800,0.330400,0.354400,1.748001,-3.620000,-2.290000,-2.110000,-0.550000
1J8B,0.365500,0.423200,0.379200,0.413700,0.390000,0.450500,1.748015,-1.370000,0.950000,-2.450000,-2.730000
2W3X,0.236000,0.276000,0.250700,0.281800,0.241000,0.279900,1.748764,-1.470000,-0.580000,-0.500000,-0.390000
3WNV,0.256300,0.300600,0.265000,0.302500,0.267700,0.307000,1.750002,-0.870000,-0.190000,-1.140000,-0.640000
4RQM,0.313500,0.334300,0.330900,0.336900,0.320500,0.329900,1.750004,-1.740000,-0.260000,-0.700000,0.440000
1GQ8,0.229800,0.252300,0.238400,0.251700,0.240100,0.257000,1.750021,-0.860000,0.060000,-1.030000,-0.470000
2F1F,0.255900,0.289600,0.280300,0.311400,0.266600,0.295000,1.750030,-2.440000,-2.180000,-1.070000,-0.540000
2X26,0.416100,0.478400,0.411500,0.465400,0.407600,0.461000,1.750044,0.460000,1.300000,0.850000,1.740000
3DJD,0.257300,0.298000,0.262700,0.295100,0.259600,0.295200,1.750215,-0.540000,0.290000,-0.230000,0.280000
1XX1,0.242700,0.274900,0.249100,0.276300,0.246700,0.274400,1.750353,-0.640000,-0.140000,-0.400000,0.050000
3VST,0.220900,0.250800,0.231600,0.251300,0.228000,0.251000,1.750499,-1.070000,-0.050000,-0.710000,-0.020000
4QN8,0.285600,0.328700,0.288500,0.325200,0.284800,0.323200,1.750647,-0.290000,0.350000,0.080000,0.550000
3IVB,0.391500,0.479000,0.436300,0.519200,0.403900,0.458800,1.751139,-4.480000,-4.020000,-1.240000,2.020000
4LZ2,0.276900,0.330200,0.289800,0.335600,0.291900,0.318100,1.760154,-1.290000,-0.540000,-1.500000,1.210000
4PV4,0.246600,0.276400,0.252600,0.276500,0.265400,0.289300,1.764006,-0.600000,-0.010000,-1.880000,-1.290000
5VIA,0.264700,0.277600,0.271000,0.276200,0.275600,0.286800,1.764029,-0.630000,0.140000,-1.090000,-0.920000
4HUJ,0.264300,0.315000,0.273000,0.308300,0.273200,0.307300,1.766539,-0.870000,0.670000,-0.890000,0.770000
6TCT,0.316300,0.360700,0.326500,0.369300,0.310200,0.353800,1.767038,-1.020000,-0.860000,0.610000,0.690000
1O4V,0.202000,0.239200,0.212200,0.237900,0.205100,0.238800,1.770020,-1.020000,0.130000,-0.310000,0.040000
3IUG,0.253000,0.300600,0.266700,0.302700,0.260300,0.301500,1.770029,-1.370000,-0.210000,-0.730000,-0.090000
2DX6,0.290800,0.365200,0.283000,0.346600,0.286400,0.349900,1.778863,0.780000,1.860000,0.440000,1.530000
4XLG,0.260700,0.283400,0.275100,0.297700,0.265600,0.296000,1.780034,-1.440000,-1.430000,-0.490000,-1.260000
4O62,0.401900,0.436700,0.411600,0.446700,0.402900,0.427300,1.780107,-0.970000,-1.000000,-0.100000,0.940000
5XG9,0.271800,0.304600,0.280400,0.296500,0.280400,0.308300,1.782638,-0.860000,0.810000,-0.860000,-0.370000
1T3I,0.228800,0.267400,0.233600,0.261900,0.229100,0.261400,1.789405,-0.480000,0.550000,-0.030000,0.600000
2OO2,0.236300,0.272100,0.241400,0.260700,0.229600,0.291000,1.794654,-0.510000,1.140000,0.670000,-1.890000
1J53,0.292000,0.319600,0.285400,0.313000,0.288900,0.309800,1.794693,0.660000,0.660000,0.310000,0.980000
2DRY,0.319200,0.418500,0.321900,0.415700,0.325700,0.419700,1.795981,-0.270000,0.280000,-0.650000,-0.120000
1RHC,0.217200,0.247200,0.226900,0.248600,0.217600,0.239400,1.797877,-0.970000,-0.140000,-0.040000,0.780000
5WWW,0.356200,0.313100,0.369400,0.299700,0.369100,0.300100,1.797950,-1.320000,1.340000,-1.290000,1.300000
2QH9,0.273200,0.332700,0.284700,0.332500,0.278900,0.334300,1.798456,-1.150000,0.020000,-0.570000,-0.160000
3VPB,0.264400,0.293600,0.274600,0.299200,0.269700,0.295700,1.798493,-1.020000,-0.560000,-0.530000,-0.210000
4RK2,0.434300,0.493300,0.431500,0.482700,0.424500,0.487800,1.798967,0.280000,1.060000,0.980000,0.550000
3EUS,0.251000,0.290600,0.266000,0.304100,0.254500,0.294400,1.799012,-1.500000,-1.350000,-0.350000,-0.380000
3RQ4,0.283200,0.330700,0.292800,0.326700,0.283700,0.327600,1.799024,-0.960000,0.400000,-0.050000,0.310000
6GXS,0.252000,0.291200,0.257900,0.288100,0.263300,0.294700,1.799947,-0.590000,0.310000,-1.130000,-0.350000
4F0F,0.296900,0.338200,0.312500,0.345200,0.301500,0.343900,1.799957,-1.560000,-0.700000,-0.460000,-0.570000
2YFA,0.337600,0.376300,0.339300,0.373000,0.348900,0.378400,1.799994,-0.170000,0.330000,-1.130000,-0.210000
1J5W,0.260000,0.320400,0.267400,0.316100,0.261200,0.318800,1.800001,-0.740000,0.430000,-0.120000,0.160000
2PAV,0.263800,0.297300,0.277300,0.304300,0.273000,0.301500,1.800001,-1.350000,-0.700000,-0.920000,-0.420000
2XVS,0.348100,0.433900,0.349800,0.453800,0.359000,0.432100,1.800005,-0.170000,-1.990000,-1.090000,0.180000
4ZSF,0.422100,0.438500,0.422800,0.440500,0.413200,0.427400,1.800006,-0.070000,-0.200000,0.890000,1.110000
4QKO,0.289500,0.338100,0.292100,0.334400,0.298000,0.338100,1.800006,-0.260000,0.370000,-0.850000,0.000000
2CCM,0.240600,0.277700,0.249300,0.281700,0.246200,0.281700,1.800007,-0.870000,-0.400000,-0.560000,-0.400000
3KGR,0.263000,0.312600,0.265800,0.312600,0.271800,0.319300,1.800008,-0.280000,0.000000,-0.880000,-0.670000
3GLR,0.283400,0.326100,0.314500,0.339700,0.281300,0.315200,1.800012,-3.110000,-1.360000,0.210000,1.090000
1TGS,0.223100,0.278200,0.232500,0.286200,0.237900,0.290900,1.800015,-0.940000,-0.800000,-1.480000,-1.270000
3U1D,0.307000,0.353900,0.316600,0.354400,0.307000,0.353800,1.800016,-0.960000,-0.050000,0.000000,0.010000
3BCI,0.236300,0.291800,0.246500,0.283400,0.240800,0.282500,1.800020,-1.020000,0.840000,-0.450000,0.930000
2VEF,0.275600,0.324300,0.281300,0.316900,0.278700,0.318400,1.800020,-0.570000,0.740000,-0.310000,0.590000
1RJD,0.239100,0.272100,0.248300,0.270300,0.253200,0.274900,1.800033,-0.920000,0.180000,-1.410000,-0.280000
2G9W,0.398900,0.427000,0.403900,0.443300,0.385500,0.417400,1.800051,-0.500000,-1.630000,1.340000,0.960000
2P38,0.301600,0.346800,0.316000,0.351300,0.306100,0.335500,1.800052,-1.440000,-0.450000,-0.450000,1.130000
4DA2,0.252200,0.296000,0.257800,0.290400,0.258400,0.288300,1.800057,-0.560000,0.560000,-0.620000,0.770000
5HRJ,0.290500,0.336300,0.297100,0.351300,0.304300,0.350500,1.800059,-0.660000,-1.500000,-1.380000,-1.420000
3G6L,0.261500,0.310100,0.263000,0.297700,0.269900,0.308100,1.800069,-0.150000,1.240000,-0.840000,0.200000
6CW5,0.314600,0.351300,0.325300,0.361000,0.314300,0.344500,1.800076,-1.070000,-0.970000,0.030000,0.680000
3LS0,0.229100,0.235500,0.234300,0.236700,0.232100,0.240900,1.800145,-0.520000,-0.120000,-0.300000,-0.540000
5T1G,0.283600,0.294200,0.304200,0.303600,0.298700,0.332900,1.800145,-2.060000,-0.940000,-1.510000,-3.870000
1UVQ,0.295300,0.329400,0.316000,0.345500,0.301500,0.335600,1.801435,-2.070000,-1.610000,-0.620000,-0.620000
6UB7,0.235000,0.264000,0.252400,0.264400,0.242200,0.254500,1.801869,-1.740000,-0.040000,-0.720000,0.950000
2EO4,0.266900,0.319000,0.284300,0.330400,0.269800,0.310500,1.801961,-1.740000,-1.140000,-0.290000,0.850000
3M91,0.489000,0.494600,0.503500,0.534300,0.499700,0.505800,1.802052,-1.450000,-3.970000,-1.070000,-1.120000
2ZUL,0.244100,0.272600,0.255400,0.280700,0.255800,0.281200,1.802856,-1.130000,-0.810000,-1.170000,-0.860000
3SOL,0.297700,0.335500,0.298400,0.356000,0.292500,0.317400,1.804158,-0.070000,-2.050000,0.520000,1.810000
2QOS,0.295300,0.347400,0.303600,0.360000,0.306200,0.369400,1.805731,-0.830000,-1.260000,-1.090000,-2.200000
5OF9,0.275700,0.303900,0.288800,0.311500,0.276600,0.304200,1.806897,-1.310000,-0.760000,-0.090000,-0.030000
7D86,0.313500,0.349800,0.333500,0.363300,0.316000,0.335800,1.838036,-2.000000,-1.350000,-0.250000,1.400000
7FHR,0.258800,0.302200,0.269300,0.316400,0.261900,0.302400,1.839707,-1.050000,-1.420000,-0.310000,-0.020000
4CH9,0.242100,0.262700,0.257300,0.271400,0.257900,0.268100,1.839999,-1.520000,-0.870000,-1.580000,-0.540000
3G85,0.286200,0.345600,0.292800,0.346100,0.288600,0.346300,1.843307,-0.660000,-0.050000,-0.240000,-0.070000
2PJS,0.263200,0.320200,0.267900,0.319000,0.263200,0.313600,1.847826,-0.470000,0.120000,0.000000,0.660000
5XMZ,0.274500,0.331200,0.286900,0.343600,0.298500,0.337800,1.848046,-1.240000,-1.240000,-2.400000,-0.660000
5XVW,0.245500,0.283400,0.255800,0.286300,0.258300,0.286100,1.848861,-1.030000,-0.290000,-1.280000,-0.270000
2F2E,0.278300,0.322200,0.284000,0.309700,0.277000,0.300000,1.848980,-0.570000,1.250000,0.130000,2.220000
3NJE,0.265000,0.296300,0.289800,0.311000,0.273600,0.294300,1.849700,-2.480000,-1.470000,-0.860000,0.200000
3ATQ,0.235700,0.279700,0.245800,0.288500,0.238200,0.276200,1.849899,-1.010000,-0.880000,-0.250000,0.350000
5G23,0.247600,0.283000,0.261800,0.286500,0.254800,0.279100,1.850003,-1.420000,-0.350000,-0.720000,0.390000
4PRA,0.269700,0.309800,0.295100,0.332000,0.373300,0.377700,1.850003,-2.540000,-2.220000,-10.360000,-6.790000
3H7O,0.224300,0.255700,0.231800,0.259600,0.235500,0.259200,1.850005,-0.750000,-0.390000,-1.120000,-0.350000
3VFP,0.360700,0.397200,0.295300,0.334800,0.428400,0.441900,1.850008,6.540000,6.240000,-6.770000,-4.470000
3L2H,0.288100,0.315800,0.295000,0.317600,0.295100,0.318600,1.850012,-0.690000,-0.180000,-0.700000,-0.280000
2X1C,0.211300,0.240600,0.221500,0.240400,0.214900,0.236700,1.850018,-1.020000,0.020000,-0.360000,0.390000
5ZOO,0.231800,0.247800,0.233100,0.240400,0.240900,0.250700,1.850035,-0.130000,0.740000,-0.910000,-0.290000
5TTA,0.274700,0.317400,0.285500,0.326700,0.275100,0.319200,1.850061,-1.080000,-0.930000,-0.040000,-0.180000
1BX0,0.226800,0.280300,0.234400,0.281600,0.236700,0.283000,1.850417,-0.760000,-0.130000,-0.990000,-0.270000
2QM7,0.286600,0.332600,0.295600,0.330100,0.288000,0.325200,1.854048,-0.900000,0.250000,-0.140000,0.740000
4UYI,0.289600,0.289900,0.302900,0.296800,0.310300,0.310400,1.860002,-1.330000,-0.690000,-2.070000,-2.050000
1RJ1,0.241200,0.275700,0.257100,0.285400,0.249600,0.275700,1.870259,-1.590000,-0.970000,-0.840000,0.000000
5Z6V,0.253800,0.313200,0.252400,0.310300,0.268100,0.323000,1.874019,0.140000,0.290000,-1.430000,-0.980000
6PUP,0.279500,0.332900,0.292800,0.363100,0.297300,0.335500,1.879211,-1.330000,-3.020000,-1.780000,-0.260000
2IVF,0.286800,0.325300,0.292200,0.325300,0.284900,0.318400,1.880068,-0.540000,0.000000,0.190000,0.690000
1DLM,0.212900,0.263400,0.216100,0.256900,0.219800,0.264400,1.883898,-0.320000,0.650000,-0.690000,-0.100000
1QB5,0.188400,0.237700,0.196800,0.234300,0.199800,0.235800,1.885664,-0.840000,0.340000,-1.140000,0.190000
4OFF,0.488300,0.524200,0.439500,0.505300,0.442100,0.502300,1.888218,4.880000,1.890000,4.620000,2.190000
6COK,0.229500,0.285100,0.237500,0.281900,0.235400,0.278900,1.888497,-0.800000,0.320000,-0.590000,0.620000
5Q1D,0.354500,0.403000,0.392100,0.439400,0.375400,0.425800,1.890014,-3.760000,-3.640000,-2.090000,-2.280000
2VUN,0.221500,0.250100,0.230900,0.251200,0.228700,0.250200,1.894204,-0.940000,-0.110000,-0.720000,-0.010000
5T0M,0.302500,0.371700,0.312200,0.370700,0.297400,0.355500,1.896471,-0.970000,0.100000,0.510000,1.620000
1GUI,0.271000,0.314400,0.277200,0.314300,0.268600,0.314400,1.897215,-0.620000,0.010000,0.240000,0.000000
1YMQ,0.220900,0.262800,0.232700,0.264900,0.232000,0.258700,1.898398,-1.180000,-0.210000,-1.110000,0.410000
3OAP,0.246800,0.256200,0.260400,0.257200,0.245300,0.256700,1.898491,-1.360000,-0.100000,0.150000,-0.050000
1RKG,0.265000,0.332900,0.276400,0.336800,0.258000,0.327900,1.898545,-1.140000,-0.390000,0.700000,0.500000
5G09,0.233300,0.277500,0.242900,0.278100,0.241300,0.275800,1.899067,-0.960000,-0.060000,-0.800000,0.170000
1K6D,0.236100,0.287900,0.251900,0.285200,0.243400,0.273800,1.899683,-1.580000,0.270000,-0.730000,1.410000
1H8V,0.235400,0.278600,0.235500,0.275900,0.244500,0.277300,1.899692,-0.010000,0.270000,-0.910000,0.130000
1U1I,0.267100,0.326800,0.259300,0.318600,0.265900,0.316800,1.899912,0.780000,0.820000,0.120000,1.000000
4QTP,0.249800,0.293600,0.254100,0.288500,0.254600,0.287400,1.899915,-0.430000,0.510000,-0.480000,0.620000
2JFN,0.247500,0.262500,0.261000,0.269300,0.252200,0.262500,1.899918,-1.350000,-0.680000,-0.470000,0.000000
1B9K,0.226600,0.277200,0.229900,0.269000,0.234200,0.274400,1.899949,-0.330000,0.820000,-0.760000,0.280000
3UTN,0.233300,0.267100,0.240900,0.262100,0.237600,0.270000,1.899974,-0.760000,0.500000,-0.430000,-0.290000
6EWJ,0.259500,0.310200,0.260800,0.306100,0.262700,0.307100,1.899985,-0.130000,0.410000,-0.320000,0.310000
3B8I,0.254300,0.303100,0.266900,0.309300,0.262100,0.303200,1.900003,-1.260000,-0.620000,-0.780000,-0.010000
1FKM,0.266500,0.313000,0.272400,0.310200,0.267700,0.310800,1.900003,-0.590000,0.280000,-0.120000,0.220000
2JH3,0.255000,0.296500,0.257000,0.294700,0.256600,0.288100,1.900003,-0.200000,0.180000,-0.160000,0.840000
5XHW,0.253600,0.275500,0.263300,0.283100,0.262700,0.281100,1.900006,-0.970000,-0.760000,-0.910000,-0.560000
3VRJ,0.353400,0.405500,0.351900,0.405900,0.348700,0.399800,1.900007,0.150000,-0.040000,0.470000,0.570000
4AUP,0.259700,0.330600,0.268300,0.323900,0.266900,0.321400,1.900007,-0.860000,0.670000,-0.720000,0.920000
2P0U,0.217500,0.260800,0.223400,0.260700,0.222500,0.260100,1.900009,-0.590000,0.010000,-0.500000,0.070000
5O6B,0.424600,0.458800,0.417600,0.477500,0.407200,0.457900,1.900010,0.700000,-1.870000,1.740000,0.090000
4UDP,0.221700,0.273400,0.222900,0.270000,0.228400,0.269200,1.900018,-0.120000,0.340000,-0.670000,0.420000
2QE9,0.320000,0.370000,0.330400,0.369200,0.318500,0.360600,1.900029,-1.040000,0.080000,0.150000,0.940000
3E99,0.303900,0.322700,0.310200,0.335100,0.304800,0.317500,1.900033,-0.630000,-1.240000,-0.090000,0.520000
2BON,0.260100,0.317100,0.276200,0.312400,0.278500,0.308200,1.900037,-1.610000,0.470000,-1.840000,0.890000
3QKL,0.258300,0.294100,0.290600,0.300900,0.287900,0.296300,1.900058,-3.230000,-0.680000,-2.960000,-0.220000
2RCC,0.286900,0.322600,0.293400,0.325000,0.290100,0.323000,1.900060,-0.650000,-0.240000,-0.320000,-0.040000
4QH8,0.240500,0.286900,0.240300,0.273400,0.250800,0.291400,1.900114,0.020000,1.350000,-1.030000,-0.450000
1P4X,0.321400,0.352200,0.324100,0.357900,0.312000,0.327700,1.900143,-0.270000,-0.570000,0.940000,2.450000
5MXY,0.349500,0.377900,0.342100,0.356100,0.353800,0.385700,1.900308,0.740000,2.180000,-0.430000,-0.780000
1UJK,0.286300,0.328800,0.299000,0.322800,0.296700,0.334300,1.900332,-1.270000,0.600000,-1.040000,-0.550000
3E7P,0.233500,0.280900,0.253300,0.292400,0.243500,0.291800,1.900468,-1.980000,-1.150000,-1.000000,-1.090000
4IDI,0.280700,0.312700,0.286600,0.312200,0.292300,0.315900,1.900478,-0.590000,0.050000,-1.160000,-0.320000
5GKV,0.224200,0.278500,0.232800,0.267300,0.232600,0.277600,1.900732,-0.860000,1.120000,-0.840000,0.090000
3TCO,0.232100,0.288800,0.242100,0.283800,0.241200,0.293000,1.900841,-1.000000,0.500000,-0.910000,-0.420000
6D2V,0.249800,0.289600,0.258900,0.294500,0.253900,0.276800,1.900905,-0.910000,-0.490000,-0.410000,1.280000
5Y9I,0.284200,0.328200,0.287500,0.325800,0.293900,0.330100,1.901023,-0.330000,0.240000,-0.970000,-0.190000
1QZN,0.235900,0.280900,0.246000,0.284300,0.236700,0.283600,1.901173,-1.010000,-0.340000,-0.080000,-0.270000
5X6S,0.216000,0.256700,0.220600,0.253600,0.220600,0.254000,1.901258,-0.460000,0.310000,-0.460000,0.270000
3KOL,0.303300,0.356300,0.313400,0.373300,0.306800,0.331000,1.901453,-1.010000,-1.700000,-0.350000,2.530000
4OF8,0.257100,0.300200,0.267900,0.298600,0.264700,0.301300,1.902004,-1.080000,0.160000,-0.760000,-0.110000
1HN0,0.237300,0.278300,0.245500,0.278000,0.237600,0.269800,1.904553,-0.820000,0.030000,-0.030000,0.850000
2GT1,0.279300,0.334200,0.293200,0.341000,0.261100,0.309600,1.905254,-1.390000,-0.680000,1.820000,2.460000
4F27,0.275800,0.318700,0.315400,0.339100,0.284600,0.330500,1.916559,-3.960000,-2.040000,-0.880000,-1.180000
3IHU,0.347900,0.411200,0.349800,0.400200,0.344900,0.402200,1.920022,-0.190000,1.100000,0.300000,0.900000
6IQJ,0.250600,0.328300,0.250100,0.329500,0.260000,0.336800,1.921816,0.050000,-0.120000,-0.940000,-0.850000
3N9U,0.251800,0.286000,0.257400,0.284600,0.265100,0.294400,1.924023,-0.560000,0.140000,-1.330000,-0.840000
5MLK,0.239500,0.276300,0.262700,0.289400,0.243600,0.272000,1.938580,-2.320000,-1.310000,-0.410000,0.430000
4AOM,0.261700,0.314300,0.260000,0.318900,0.273700,0.320600,1.938590,0.170000,-0.460000,-1.200000,-0.630000
6PNP,0.269500,0.299300,0.300000,0.333100,0.276200,0.299500,1.940062,-3.050000,-3.380000,-0.670000,-0.020000
5BV6,0.408000,0.449200,0.394600,0.463300,0.441500,0.493300,1.941065,1.340000,-1.410000,-3.350000,-4.410000
3U9L,0.257400,0.301100,0.261100,0.301500,0.258700,0.289700,1.941693,-0.370000,-0.040000,-0.130000,1.140000
1K7T,0.270300,0.321800,0.278200,0.333500,0.273600,0.312400,1.941838,-0.790000,-1.170000,-0.330000,0.940000
5OMB,0.402700,0.442800,0.399100,0.435500,0.395800,0.430600,1.944037,0.360000,0.730000,0.690000,1.220000
6GBS,0.367500,0.416700,0.376000,0.420600,0.362700,0.416500,1.945634,-0.850000,-0.390000,0.480000,0.020000
4ICH,0.263400,0.328000,0.274100,0.340300,0.266000,0.326400,1.947004,-1.070000,-1.230000,-0.260000,0.160000
6A0E,0.232900,0.309000,0.243300,0.312400,0.236000,0.303700,1.947093,-1.040000,-0.340000,-0.310000,0.530000
6LKG,0.239800,0.288200,0.246900,0.289600,0.240800,0.282500,1.947851,-0.710000,-0.140000,-0.100000,0.570000
3H6R,0.229700,0.270300,0.238200,0.274900,0.236600,0.262600,1.947933,-0.850000,-0.460000,-0.690000,0.770000
6PEU,0.300900,0.342000,0.284600,0.326700,0.281400,0.324700,1.948002,1.630000,1.530000,1.950000,1.730000
3W8W,0.262600,0.323800,0.274600,0.325700,0.273200,0.318000,1.949993,-1.200000,-0.190000,-1.060000,0.580000
6GP7,0.287800,0.304000,0.303700,0.316100,0.310200,0.339500,1.950004,-1.590000,-1.210000,-2.240000,-3.550000
1SOT,0.310300,0.348900,0.319000,0.360900,0.300600,0.344500,1.950005,-0.870000,-1.200000,0.970000,0.440000
3OEC,0.249100,0.295100,0.256000,0.293500,0.259800,0.292800,1.950032,-0.690000,0.160000,-1.070000,0.230000
4AK1,0.409300,0.435300,0.410100,0.435900,0.442600,0.464800,1.950036,-0.080000,-0.060000,-3.330000,-2.950000
3WW1,0.215600,0.265500,0.221400,0.263400,0.220200,0.254000,1.950042,-0.580000,0.210000,-0.460000,1.150000
1WW9,0.261800,0.297400,0.275100,0.303400,0.264900,0.294100,1.950060,-1.330000,-0.600000,-0.310000,0.330000
2IUC,0.224600,0.269800,0.225400,0.264900,0.231500,0.269700,1.950060,-0.080000,0.490000,-0.690000,0.010000
4Q63,0.328900,0.391400,0.342700,0.422400,0.352200,0.422900,1.950143,-1.380000,-3.100000,-2.330000,-3.150000
3HTV,0.287700,0.358100,0.307300,0.363100,0.290700,0.334100,1.950279,-1.960000,-0.500000,-0.300000,2.400000
3MYU,0.247800,0.298400,0.252600,0.296700,0.250500,0.296200,1.950503,-0.480000,0.170000,-0.270000,0.220000
1FIO,0.374900,0.426700,0.390400,0.417600,0.378700,0.418300,1.951112,-1.550000,0.910000,-0.380000,0.840000
2WDZ,0.231500,0.276600,0.234300,0.278300,0.240800,0.278600,1.951136,-0.280000,-0.170000,-0.930000,-0.200000
4HIA,0.283500,0.339100,0.281300,0.333200,0.277600,0.326300,1.952271,0.220000,0.590000,0.590000,1.280000
3GQU,0.332500,0.349700,0.344100,0.348200,0.333600,0.360500,1.957053,-1.160000,0.150000,-0.110000,-1.080000
6FOK,0.251300,0.280800,0.266600,0.289400,0.250100,0.281600,1.970004,-1.530000,-0.860000,0.120000,-0.080000
3N5L,0.271600,0.308600,0.277200,0.307500,0.274600,0.297900,1.970034,-0.560000,0.110000,-0.300000,1.070000
6J17,0.278800,0.316500,0.286400,0.314300,0.273200,0.293600,1.975030,-0.760000,0.220000,0.560000,2.290000
6VS7,0.491200,0.520500,0.441500,0.494800,0.502300,0.528500,1.979500,4.970000,2.570000,-1.110000,-0.800000
7AUI,0.280700,0.320500,0.296400,0.329800,0.276600,0.315800,1.980036,-1.570000,-0.930000,0.410000,0.470000
3GXQ,0.369800,0.406400,0.374900,0.382400,0.373100,0.386900,1.980040,-0.510000,2.400000,-0.330000,1.950000
2F9I,0.229800,0.266500,0.242200,0.268500,0.233700,0.263100,1.981854,-1.240000,-0.200000,-0.390000,0.340000
1DQ8,0.207500,0.285700,0.205700,0.280900,0.214000,0.281000,1.982997,0.180000,0.480000,-0.650000,0.470000
1APX,0.242400,0.294200,0.240200,0.291600,0.248300,0.293700,1.991004,0.220000,0.260000,-0.590000,0.050000
2XN4,0.355000,0.379500,0.286600,0.327600,0.304800,0.341500,1.992976,6.840000,5.190000,5.020000,3.800000
5EGE,0.240600,0.278800,0.241000,0.279000,0.245900,0.277000,1.993747,-0.040000,-0.020000,-0.530000,0.180000
3KZP,0.337700,0.386200,0.343300,0.399900,0.350300,0.405100,1.996583,-0.560000,-1.370000,-1.260000,-1.890000
2AE0,0.442600,0.477500,0.461900,0.483000,0.412800,0.459300,1.996942,-1.930000,-0.550000,2.980000,1.820000
6J72,0.327000,0.377700,0.324100,0.379000,0.326500,0.377400,1.998964,0.290000,-0.130000,0.050000,0.030000
1Z05,0.315900,0.347300,0.337700,0.365200,0.279300,0.315100,1.998994,-2.180000,-1.790000,3.660000,3.220000
2OO3,0.203300,0.245900,0.206000,0.242200,0.212000,0.249000,1.999022,-0.270000,0.370000,-0.870000,-0.310000
1ITK,0.240500,0.287400,0.250100,0.286300,0.246400,0.282600,1.999863,-0.960000,0.110000,-0.590000,0.480000
3VSM,0.228800,0.274600,0.230700,0.275200,0.236300,0.279600,1.999962,-0.190000,-0.060000,-0.750000,-0.500000
1OE4,0.255500,0.295200,0.261200,0.294800,0.260700,0.292700,1.999997,-0.570000,0.040000,-0.520000,0.250000
3CGG,0.284900,0.337000,0.284300,0.322500,0.279800,0.324900,1.999997,0.060000,1.450000,0.510000,1.210000
4KH9,0.260400,0.309200,0.266400,0.311400,0.255400,0.304800,2.000000,-0.600000,-0.220000,0.500000,0.440000
4MAA,0.237300,0.280100,0.243100,0.276700,0.238000,0.273900,2.000001,-0.580000,0.340000,-0.070000,0.620000
4ZV9,0.250600,0.285100,0.252800,0.281600,0.270100,0.300200,2.000003,-0.220000,0.350000,-1.950000,-1.510000
6ZUW,0.353600,0.400200,0.371900,0.414800,0.358300,0.405200,2.000003,-1.830000,-1.460000,-0.470000,-0.500000
3QTA,0.330400,0.350100,0.338200,0.357900,0.336400,0.351800,2.000004,-0.780000,-0.780000,-0.600000,-0.170000
4FYU,0.260600,0.300600,0.259100,0.294400,0.267200,0.298800,2.000007,0.150000,0.620000,-0.660000,0.180000
5WB4,0.291400,0.337900,0.290000,0.341500,0.291100,0.334400,2.000012,0.140000,-0.360000,0.030000,0.350000
6CGO,0.359700,0.403700,0.354400,0.399300,0.352500,0.386800,2.000017,0.530000,0.440000,0.720000,1.690000
7CWW,0.276300,0.326000,0.303200,0.345900,0.272500,0.322000,2.000030,-2.690000,-1.990000,0.380000,0.400000
4FE9,0.245200,0.280400,0.249400,0.275000,0.250700,0.273500,2.000030,-0.420000,0.540000,-0.550000,0.690000
3ZIE,0.253700,0.311300,0.256700,0.300800,0.259400,0.309600,2.000031,-0.300000,1.050000,-0.570000,0.170000
2DOB,0.568400,0.566700,0.474800,0.479400,0.479200,0.540200,2.000038,9.360000,8.730000,8.920000,2.650000
2CKL,0.306800,0.337400,0.305100,0.329800,0.310300,0.327000,2.000038,0.170000,0.760000,-0.350000,1.040000
3GM5,0.302000,0.382400,0.301000,0.359500,0.301000,0.378400,2.000038,0.100000,2.290000,0.100000,0.400000
3ML3,0.267900,0.309200,0.288900,0.310200,0.275600,0.318900,2.000050,-2.100000,-0.100000,-0.770000,-0.970000
2YEU,0.358700,0.392000,0.352800,0.386600,0.347700,0.378700,2.000063,0.590000,0.540000,1.100000,1.330000
3RAZ,0.266800,0.325600,0.278200,0.332300,0.296100,0.334100,2.000070,-1.140000,-0.670000,-2.930000,-0.850000
3FKK,0.229800,0.254900,0.231900,0.250900,0.233800,0.252700,2.000075,-0.210000,0.400000,-0.400000,0.220000
1ZEJ,0.282000,0.314600,0.294300,0.318700,0.282300,0.310100,2.000079,-1.230000,-0.410000,-0.030000,0.450000
5MLZ,0.298100,0.331500,0.316800,0.351000,0.304200,0.345300,2.000085,-1.870000,-1.950000,-0.610000,-1.380000
1BM7,0.206100,0.251100,0.213900,0.251100,0.206000,0.246200,2.000117,-0.780000,0.000000,0.010000,0.490000
1TE5,0.313400,0.351200,0.312100,0.349400,0.300900,0.336700,2.000175,0.130000,0.180000,1.250000,1.450000
2GA1,0.486600,0.506200,0.460300,0.475800,0.468900,0.470900,2.000214,2.630000,3.040000,1.770000,3.530000
3CU3,0.404600,0.419100,0.344300,0.392600,0.348900,0.381400,2.000309,6.030000,2.650000,5.570000,3.770000
1CSM,0.208900,0.248200,0.211900,0.250000,0.211300,0.247800,2.001227,-0.300000,-0.180000,-0.240000,0.040000
2P8J,0.277000,0.314700,0.282400,0.314900,0.276800,0.310100,2.001420,-0.540000,-0.020000,0.020000,0.460000
2CZV,0.249900,0.290700,0.253800,0.293000,0.251700,0.289500,2.001442,-0.390000,-0.230000,-0.180000,0.120000
6V7M,0.395100,0.460600,0.392100,0.437700,0.395100,0.453700,2.001712,0.300000,2.290000,0.000000,0.690000
1RFX,0.336300,0.378400,0.355100,0.395200,0.316100,0.370900,2.002449,-1.880000,-1.680000,2.020000,0.750000
5J4A,0.250200,0.304900,0.257100,0.300600,0.257000,0.310400,2.004131,-0.690000,0.430000,-0.680000,-0.550000
5Z8L,0.283100,0.363400,0.374900,0.457200,0.286900,0.338100,2.005004,-9.180000,-9.380000,-0.380000,2.530000
3BJ6,0.316200,0.344600,0.327200,0.368800,0.325300,0.360300,2.005860,-1.100000,-2.420000,-0.910000,-1.570000
1XVS,0.279800,0.324500,0.285300,0.320200,0.287800,0.309300,2.009778,-0.550000,0.430000,-0.800000,1.520000
5C8H,0.303600,0.346200,0.315600,0.360500,0.312400,0.356700,2.011852,-1.200000,-1.430000,-0.880000,-1.050000
1J3P,0.240100,0.276900,0.243100,0.275000,0.241200,0.278200,2.020038,-0.300000,0.190000,-0.110000,-0.130000
1A0F,0.211400,0.243500,0.221400,0.249800,0.217300,0.241900,2.024354,-1.000000,-0.630000,-0.590000,0.160000
4UDA,0.252400,0.284400,0.272900,0.315600,0.285800,0.301200,2.030116,-2.050000,-3.120000,-3.340000,-1.680000
1IDQ,0.194900,0.225900,0.202400,0.225900,0.199600,0.220600,2.034380,-0.750000,0.000000,-0.470000,0.530000
2JAC,0.243600,0.288100,0.247800,0.289400,0.245800,0.292900,2.035985,-0.420000,-0.130000,-0.220000,-0.480000
3DXI,0.291100,0.348200,0.285900,0.342100,0.294400,0.336700,2.041435,0.520000,0.610000,-0.330000,1.150000
7C7E,0.403900,0.460700,0.402400,0.467700,0.405900,0.467200,2.046512,0.150000,-0.700000,-0.200000,-0.650000
3CB5,0.263800,0.305100,0.262900,0.299300,0.267900,0.305000,2.048835,0.090000,0.580000,-0.410000,0.010000
5TV7,0.248600,0.290600,0.259800,0.295300,0.246900,0.276700,2.050017,-1.120000,-0.470000,0.170000,1.390000
4MG5,0.257100,0.292100,0.282200,0.320300,0.264100,0.295500,2.050030,-2.510000,-2.820000,-0.700000,-0.340000
4BVE,0.278100,0.315200,0.282200,0.314300,0.280800,0.302400,2.050067,-0.410000,0.090000,-0.270000,1.280000
3LLI,0.302300,0.317500,0.313700,0.331500,0.305000,0.330500,2.050071,-1.140000,-1.400000,-0.270000,-1.300000
1DAW,0.250900,0.303200,0.254000,0.294600,0.255600,0.302100,2.050077,-0.310000,0.860000,-0.470000,0.110000
4C6R,0.276200,0.320900,0.282600,0.320700,0.292500,0.335400,2.050088,-0.640000,0.020000,-1.630000,-1.450000
3VUQ,0.291300,0.328200,0.289900,0.326700,0.290200,0.325500,2.050280,0.140000,0.150000,0.110000,0.270000
3GR5,0.282800,0.319500,0.291900,0.323000,0.283700,0.321300,2.050552,-0.910000,-0.350000,-0.090000,-0.180000
2QL3,0.260100,0.301200,0.266800,0.303300,0.266200,0.304400,2.052287,-0.670000,-0.210000,-0.610000,-0.320000
3BNK,0.232900,0.288200,0.239500,0.291400,0.239500,0.286900,2.054219,-0.660000,-0.320000,-0.660000,0.130000
3OOQ,0.251100,0.300200,0.252200,0.297300,0.252600,0.296600,2.059855,-0.110000,0.290000,-0.150000,0.360000
1C3F,0.246500,0.313600,0.251500,0.315100,0.250700,0.311300,2.068051,-0.500000,-0.150000,-0.420000,0.230000
3VD8,0.518700,0.599300,0.516500,0.598700,0.530400,0.570900,2.068452,0.220000,0.060000,-1.170000,2.840000
2Z1D,0.234700,0.278700,0.239400,0.278000,0.238200,0.277100,2.070496,-0.470000,0.070000,-0.350000,0.160000
6TWJ,0.245500,0.280600,0.250900,0.279800,0.248100,0.276000,2.072443,-0.540000,0.080000,-0.260000,0.460000
3AMH,0.192000,0.245400,0.197700,0.241100,0.194600,0.244500,2.082708,-0.570000,0.430000,-0.260000,0.090000
3VHL,0.314400,0.369800,0.305300,0.368500,0.281300,0.350700,2.084851,0.910000,0.130000,3.310000,1.910000
6EYS,0.231900,0.285600,0.228900,0.277600,0.241700,0.286900,2.090855,0.300000,0.800000,-0.980000,-0.130000
2XDO,0.243300,0.293200,0.242600,0.289000,0.259000,0.302300,2.091002,0.070000,0.420000,-1.570000,-0.910000
1DQ3,0.322100,0.374800,0.325600,0.371400,0.318700,0.372500,2.091197,-0.350000,0.340000,0.340000,0.230000
1VR4,0.283300,0.345100,0.281300,0.343200,0.280900,0.332700,2.094001,0.200000,0.190000,0.240000,1.240000
3G3O,0.259800,0.307400,0.256600,0.292800,0.252100,0.277200,2.097846,0.320000,1.460000,0.770000,3.020000
5V8W,0.315000,0.364700,0.314500,0.366700,0.321600,0.363400,2.097882,0.050000,-0.200000,-0.660000,0.130000
4N5X,0.371600,0.435700,0.336800,0.416200,0.344100,0.416100,2.098813,3.480000,1.950000,2.750000,1.960000
3C7J,0.518000,0.555500,0.497300,0.566900,0.491500,0.578200,2.099008,2.070000,-1.140000,2.650000,-2.270000
3WTQ,0.273600,0.299100,0.295200,0.320800,0.281900,0.309600,2.099768,-2.160000,-2.170000,-0.830000,-1.050000
2B2N,0.280500,0.308900,0.300600,0.321000,0.279900,0.302700,2.099889,-2.010000,-1.210000,0.060000,0.620000
1VK0,0.252400,0.300800,0.254100,0.295200,0.260200,0.305200,2.099998,-0.170000,0.560000,-0.780000,-0.440000
4MG6,0.245000,0.314900,0.273100,0.334500,0.268100,0.332200,2.100001,-2.810000,-1.960000,-2.310000,-1.730000
3DEE,0.343600,0.435000,0.333000,0.438800,0.337300,0.428300,2.100003,1.060000,-0.380000,0.630000,0.670000
1VCE,0.253100,0.304100,0.257500,0.298000,0.251900,0.291600,2.100006,-0.440000,0.610000,0.120000,1.250000
3KKD,0.338800,0.401600,0.337200,0.402700,0.317600,0.388300,2.100022,0.160000,-0.110000,2.120000,1.330000
4C1S,0.240300,0.287000,0.243700,0.279700,0.246400,0.284400,2.100033,-0.340000,0.730000,-0.610000,0.260000
5JI5,0.237700,0.303600,0.233000,0.302700,0.241800,0.301500,2.100034,0.470000,0.090000,-0.410000,0.210000
2WP1,0.450200,0.471700,0.459300,0.477200,0.460300,0.450400,2.100049,-0.910000,-0.550000,-1.010000,2.130000
4BU1,0.385000,0.467700,0.363500,0.447400,0.373800,0.436400,2.100054,2.150000,2.030000,1.120000,3.130000
2R5F,0.268500,0.308400,0.282000,0.309900,0.279500,0.314000,2.100055,-1.350000,-0.150000,-1.100000,-0.560000
2QSV,0.276900,0.335200,0.289400,0.347000,0.278500,0.335000,2.100075,-1.250000,-1.180000,-0.160000,0.020000
3E8S,0.266400,0.295200,0.280600,0.296500,0.267900,0.290300,2.100117,-1.420000,-0.130000,-0.150000,0.490000
3ZH9,0.243200,0.271600,0.258900,0.280800,0.250900,0.268000,2.100129,-1.570000,-0.920000,-0.770000,0.360000
3QVJ,0.264900,0.309600,0.265800,0.300100,0.266000,0.303800,2.100161,-0.090000,0.950000,-0.110000,0.580000
6DDT,0.241500,0.297200,0.240100,0.301200,0.249700,0.301500,2.100335,0.140000,-0.400000,-0.820000,-0.430000
4NPJ,0.318700,0.345400,0.318900,0.341700,0.312900,0.338500,2.100528,-0.020000,0.370000,0.580000,0.690000
3DIW,0.372700,0.420800,0.430600,0.478800,0.347100,0.372200,2.100704,-5.790000,-5.800000,2.560000,4.860000
1GYJ,0.251100,0.300900,0.248300,0.294900,0.267600,0.317900,2.101841,0.280000,0.600000,-1.650000,-1.700000
3JST,0.246900,0.287400,0.250700,0.290000,0.257500,0.284000,2.101960,-0.380000,-0.260000,-1.060000,0.340000
3L6F,0.296500,0.331200,0.307200,0.330400,0.293300,0.311400,2.102096,-1.070000,0.080000,0.320000,1.980000
2NN4,0.248300,0.305900,0.256500,0.329500,0.259400,0.310500,2.102617,-0.820000,-2.360000,-1.110000,-0.460000
5E15,0.262100,0.317000,0.280700,0.335900,0.263500,0.319400,2.102812,-1.860000,-1.890000,-0.140000,-0.240000
1JAD,0.363600,0.389300,0.337500,0.361800,0.348500,0.365700,2.103641,2.610000,2.750000,1.510000,2.360000
1TVL,0.238500,0.275200,0.252800,0.293100,0.237700,0.275900,2.103770,-1.430000,-1.790000,0.080000,-0.070000
5TDY,0.438500,0.494500,0.438000,0.533300,0.437100,0.473000,2.104842,0.050000,-3.880000,0.140000,2.150000
6U2D,0.285500,0.324600,0.295200,0.310500,0.306700,0.325100,2.109546,-0.970000,1.410000,-2.120000,-0.050000
4D51,0.266500,0.315400,0.279300,0.316700,0.283300,0.306400,2.110018,-1.280000,-0.130000,-1.680000,0.900000
4TWL,0.237900,0.301600,0.241900,0.305200,0.237500,0.301500,2.111227,-0.400000,-0.360000,0.040000,0.010000
3X0X,0.217800,0.273600,0.220300,0.271900,0.216200,0.265800,2.114062,-0.250000,0.170000,0.160000,0.780000
1A46,0.308900,0.334100,0.308100,0.341900,0.322500,0.343400,2.128069,0.080000,-0.780000,-1.360000,-0.930000
2PQN,0.326800,0.348900,0.384100,0.406700,0.327400,0.349200,2.147261,-5.730000,-5.780000,-0.060000,-0.030000
3TVA,0.252100,0.273300,0.264000,0.275800,0.254800,0.273400,2.148162,-1.190000,-0.250000,-0.270000,-0.010000
1I3A,0.255500,0.329500,0.255400,0.332200,0.262300,0.331500,2.149450,0.010000,-0.270000,-0.680000,-0.200000
1OSC,0.211600,0.260500,0.217700,0.260600,0.207400,0.256500,2.150035,-0.610000,-0.010000,0.420000,0.400000
1ANU,0.196000,0.246400,0.196000,0.261400,0.193900,0.235000,2.150230,0.000000,-1.500000,0.210000,1.140000
6EC7,0.301600,0.347200,0.307200,0.355100,0.283200,0.318000,2.151002,-0.560000,-0.790000,1.840000,2.920000
2AHR,0.286500,0.337000,0.293000,0.341600,0.278500,0.329100,2.152000,-0.650000,-0.460000,0.800000,0.790000
6DF3,0.246100,0.307300,0.255400,0.306600,0.244500,0.301000,2.153811,-0.930000,0.070000,0.160000,0.630000
4CGB,0.523600,0.587500,0.533100,0.548300,0.529200,0.566100,2.154159,-0.950000,3.920000,-0.560000,2.140000
5GZI,0.251200,0.306700,0.250500,0.304400,0.253100,0.299200,2.170005,0.070000,0.230000,-0.190000,0.750000
2QYA,0.295800,0.347200,0.292800,0.357200,0.286800,0.351600,2.170056,0.300000,-1.000000,0.900000,-0.440000
2QCO,0.290300,0.306400,0.280900,0.309600,0.289200,0.317700,2.173924,0.940000,-0.320000,0.110000,-1.130000
2C8X,0.384400,0.411500,0.359800,0.402000,0.376800,0.407500,2.174127,2.460000,0.950000,0.760000,0.400000
4WAL,0.344300,0.392500,0.355000,0.388900,0.351600,0.389600,2.178206,-1.070000,0.360000,-0.730000,0.290000
6RR0,0.415900,0.444400,0.385800,0.438500,0.452600,0.478600,2.180004,3.010000,0.590000,-3.670000,-3.420000
7F9K,0.382600,0.431000,0.356200,0.431600,0.378700,0.429800,2.180016,2.640000,-0.060000,0.390000,0.120000
3I38,0.314000,0.362700,0.323500,0.371000,0.302800,0.347100,2.193238,-0.950000,-0.830000,1.120000,1.560000
3CMQ,0.222600,0.261200,0.222300,0.265000,0.215900,0.254700,2.195898,0.030000,-0.380000,0.670000,0.650000
4WWM,0.259900,0.306300,0.267300,0.320000,0.274800,0.309100,2.196848,-0.740000,-1.370000,-1.490000,-0.280000
6ZH1,0.326700,0.395900,0.331500,0.397700,0.305700,0.376500,2.199020,-0.480000,-0.180000,2.100000,1.940000
1WV8,0.327000,0.416900,0.326000,0.441400,0.387300,0.460400,2.199249,0.100000,-2.450000,-6.030000,-4.350000
1VRQ,0.239200,0.287500,0.247200,0.287400,0.241800,0.283000,2.199458,-0.800000,0.010000,-0.260000,0.450000
5N8R,0.318500,0.364300,0.326900,0.376100,0.297600,0.343900,2.199505,-0.840000,-1.180000,2.090000,2.040000
1WTY,0.264600,0.317600,0.265500,0.314800,0.265200,0.313000,2.199907,-0.090000,0.280000,-0.060000,0.460000
6EUS,0.258900,0.301900,0.258000,0.300100,0.257500,0.302600,2.200002,0.090000,0.180000,0.140000,-0.070000
3KKE,0.234500,0.287300,0.239800,0.292900,0.236300,0.285600,2.200003,-0.530000,-0.560000,-0.180000,0.170000
4X3E,0.240700,0.284900,0.229200,0.286800,0.243900,0.279700,2.200005,1.150000,-0.190000,-0.320000,0.520000
2NTX,0.338500,0.379300,0.340100,0.379900,0.328200,0.364100,2.200005,-0.160000,-0.060000,1.030000,1.520000
6D97,0.198400,0.252100,0.199900,0.246100,0.198900,0.242500,2.200009,-0.150000,0.600000,-0.050000,0.960000
1EJH,0.255300,0.296300,0.258400,0.300100,0.257900,0.298000,2.200010,-0.310000,-0.380000,-0.260000,-0.170000
1VB3,0.236100,0.264100,0.235200,0.258800,0.244500,0.263200,2.200018,0.090000,0.530000,-0.840000,0.090000
1YK3,0.253300,0.304600,0.254900,0.303700,0.253000,0.301500,2.200020,-0.160000,0.090000,0.030000,0.310000
1VLM,0.267400,0.326700,0.265600,0.337900,0.265900,0.328400,2.200026,0.180000,-1.120000,0.150000,-0.170000
4G3H,0.331300,0.386300,0.333500,0.391500,0.323100,0.378800,2.200029,-0.220000,-0.520000,0.820000,0.750000
3W3W,0.249800,0.285600,0.248300,0.279300,0.255300,0.297400,2.200033,0.150000,0.630000,-0.550000,-1.180000
2IJE,0.253900,0.300000,0.259800,0.301100,0.259100,0.293000,2.200036,-0.590000,-0.110000,-0.520000,0.700000
4JGX,0.249100,0.291700,0.252600,0.287000,0.241400,0.281900,2.200037,-0.350000,0.470000,0.770000,0.980000
3NO8,0.256800,0.323400,0.258500,0.307300,0.256400,0.315000,2.200039,-0.170000,1.610000,0.040000,0.840000
2A25,0.281500,0.340400,0.307500,0.370800,0.284900,0.328100,2.200046,-2.600000,-3.040000,-0.340000,1.230000
5Q1H,0.341500,0.399700,0.345800,0.417500,0.338800,0.398900,2.200047,-0.430000,-1.780000,0.270000,0.080000
2F8L,0.243300,0.266600,0.247900,0.266400,0.242500,0.265500,2.200051,-0.460000,0.020000,0.080000,0.110000
3N74,0.225000,0.272300,0.220700,0.271400,0.226400,0.268400,2.200057,0.430000,0.090000,-0.140000,0.390000
3T9O,0.253100,0.306600,0.247200,0.297600,0.246400,0.281000,2.200096,0.590000,0.900000,0.670000,2.560000
1FG3,0.257500,0.316000,0.241100,0.302800,0.253400,0.302100,2.200241,1.640000,1.320000,0.410000,1.390000
3QC1,0.346900,0.389000,0.363100,0.397000,0.305500,0.352300,2.200494,-1.620000,-0.800000,4.140000,3.670000
3DJN,0.229900,0.230800,0.236000,0.242900,0.231500,0.233100,2.200570,-0.610000,-1.210000,-0.160000,-0.230000
1N6J,0.382100,0.433800,0.400400,0.445600,0.388200,0.425600,2.201062,-1.830000,-1.180000,-0.610000,0.820000
3JWH,0.285700,0.330400,0.290400,0.335800,0.271900,0.317800,2.202012,-0.470000,-0.540000,1.380000,1.260000
3UVO,0.245400,0.336900,0.248100,0.322000,0.241400,0.309200,2.202578,-0.270000,1.490000,0.400000,2.770000
6J7Y,0.240700,0.276700,0.254700,0.286500,0.240100,0.277800,2.202589,-1.400000,-0.980000,0.060000,-0.110000
1ETE,0.276900,0.355300,0.272800,0.352200,0.268300,0.337300,2.203287,0.410000,0.310000,0.860000,1.800000
3V70,0.239000,0.305200,0.239500,0.310500,0.233100,0.301800,2.206465,-0.050000,-0.530000,0.590000,0.340000
4UCI,0.478600,0.484500,0.447400,0.482700,0.457400,0.477000,2.210001,3.120000,0.180000,2.120000,0.750000
1Y8Q,0.220200,0.260400,0.225100,0.256800,0.225100,0.254400,2.217328,-0.490000,0.360000,-0.490000,0.600000
1EJ1,0.263700,0.312700,0.250000,0.308000,0.258000,0.290100,2.219730,1.370000,0.470000,0.570000,2.260000
4EOY,0.378300,0.438600,0.371000,0.420900,0.374600,0.415200,2.222293,0.730000,1.770000,0.370000,2.340000
2EXU,0.491300,0.512600,0.487300,0.517200,0.490600,0.518300,2.225396,0.400000,-0.460000,0.070000,-0.570000
2FFF,0.225700,0.290700,0.230000,0.297300,0.223500,0.285300,2.225953,-0.430000,-0.660000,0.220000,0.540000
6FX6,0.290000,0.376900,0.288900,0.369400,0.296600,0.374800,2.228005,0.110000,0.750000,-0.660000,0.210000
2Q1Z,0.436300,0.458800,0.423500,0.467900,0.395500,0.423700,2.239024,1.280000,-0.910000,4.080000,3.510000
5DRM,0.241900,0.280900,0.252900,0.285500,0.250500,0.278400,2.240542,-1.100000,-0.460000,-0.860000,0.250000
4Q13,0.269000,0.314100,0.251000,0.292100,0.248400,0.280700,2.241193,1.800000,2.200000,2.060000,3.340000
5DBE,0.250900,0.301900,0.235500,0.268600,0.236400,0.288700,2.246022,1.540000,3.330000,1.450000,1.320000
2XPL,0.253000,0.326500,0.245700,0.325800,0.251400,0.311900,2.248756,0.730000,0.070000,0.160000,1.460000
2P62,0.246200,0.281500,0.265200,0.300100,0.255300,0.286700,2.249991,-1.900000,-1.860000,-0.910000,-0.520000
3HST,0.231400,0.282400,0.227100,0.282200,0.246700,0.290900,2.250001,0.430000,0.020000,-1.530000,-0.850000
4RHO,0.341100,0.390800,0.329700,0.389100,0.321900,0.381900,2.250007,1.140000,0.170000,1.920000,0.890000
2C90,0.370500,0.423100,0.362400,0.432500,0.368600,0.423700,2.250094,0.810000,-0.940000,0.190000,-0.060000
1IKN,0.342100,0.371700,0.339500,0.416200,0.337900,0.379500,2.250901,0.260000,-4.450000,0.420000,-0.780000
5VLB,0.233300,0.294800,0.235800,0.292900,0.228200,0.282900,2.254547,-0.250000,0.190000,0.510000,1.190000
3HBC,0.285600,0.330300,0.292200,0.346400,0.278300,0.314200,2.269217,-0.660000,-1.610000,0.730000,1.610000
1JN9,0.516200,0.537200,0.456700,0.507400,0.427400,0.493700,2.270042,5.950000,2.980000,8.880000,4.350000
6OHI,0.494800,0.577100,0.444200,0.542600,0.428400,0.525300,2.272001,5.060000,3.450000,6.640000,5.180000
1A7V,0.239800,0.310500,0.225600,0.316800,0.239700,0.303800,2.272762,1.420000,-0.630000,0.010000,0.670000
1OC0,0.259800,0.331600,0.259500,0.338700,0.256600,0.324500,2.280005,0.030000,-0.710000,0.320000,0.710000
4EWI,0.362200,0.430700,0.367600,0.437300,0.352200,0.429900,2.280053,-0.540000,-0.660000,1.000000,0.080000
5A0T,0.232400,0.260200,0.267000,0.286300,0.237800,0.259600,2.282618,-3.460000,-2.610000,-0.540000,0.060000
1WU2,0.315300,0.360800,0.311000,0.361800,0.306800,0.354700,2.283683,0.430000,-0.100000,0.850000,0.610000
2I7H,0.254000,0.297400,0.261200,0.302200,0.257200,0.290800,2.288015,-0.720000,-0.480000,-0.320000,0.660000
4QXA,0.277600,0.340300,0.283600,0.347800,0.275200,0.335800,2.292019,-0.600000,-0.750000,0.240000,0.450000
6VD8,0.296400,0.364600,0.274500,0.322600,0.405700,0.407800,2.295029,2.190000,4.200000,-10.930000,-4.320000
3H1T,0.262600,0.312600,0.258900,0.315600,0.258700,0.306800,2.296760,0.370000,-0.300000,0.390000,0.580000
1YEM,0.238100,0.283200,0.249400,0.290400,0.237600,0.276300,2.297646,-1.130000,-0.720000,0.050000,0.690000
7JI4,0.343500,0.421700,0.350100,0.386400,0.352000,0.374700,2.298366,-0.660000,3.530000,-0.850000,4.700000
5TJA,0.254300,0.324300,0.254400,0.329900,0.272600,0.313100,2.299038,-0.010000,-0.560000,-1.830000,1.120000
2B7O,0.262800,0.300100,0.271800,0.304300,0.263900,0.304400,2.299122,-0.900000,-0.420000,-0.110000,-0.430000
1Q15,0.245300,0.300900,0.236800,0.294300,0.243000,0.290800,2.299922,0.850000,0.660000,0.230000,1.010000
4PFS,0.252200,0.320600,0.243400,0.321900,0.239800,0.321800,2.299984,0.880000,-0.130000,1.240000,-0.120000
6RFT,0.275800,0.324600,0.266700,0.323500,0.270800,0.319300,2.299988,0.910000,0.110000,0.500000,0.530000
4R10,0.229700,0.253800,0.250300,0.263800,0.240800,0.263500,2.299991,-2.060000,-1.000000,-1.110000,-0.970000
6IR8,0.478700,0.467400,0.428600,0.471700,0.451800,0.461900,2.300010,5.010000,-0.430000,2.690000,0.550000
1N0L,0.305800,0.365500,0.292900,0.364300,0.295900,0.357100,2.300016,1.290000,0.120000,0.990000,0.840000
1OBR,0.191800,0.222600,0.179600,0.208400,0.193000,0.210400,2.300017,1.220000,1.420000,-0.120000,1.220000
5UV4,0.241100,0.289300,0.248300,0.309100,0.237800,0.286100,2.300025,-0.720000,-1.980000,0.330000,0.320000
1PG3,0.219600,0.275200,0.213200,0.275100,0.222200,0.276000,2.300028,0.640000,0.010000,-0.260000,-0.080000
1AJ6,0.282900,0.310700,0.279200,0.335200,0.318900,0.333600,2.300033,0.370000,-2.450000,-3.600000,-2.290000
5H5Y,0.309500,0.368500,0.309000,0.358700,0.303000,0.349500,2.300037,0.050000,0.980000,0.650000,1.900000
4PQZ,0.266600,0.288000,0.275300,0.291800,0.282000,0.286700,2.300042,-0.870000,-0.380000,-1.540000,0.130000
1BIA,0.288700,0.359300,0.278400,0.351900,0.287300,0.351500,2.300049,1.030000,0.740000,0.140000,0.780000
2Y9W,0.273900,0.337500,0.268600,0.335100,0.270700,0.331600,2.300059,0.530000,0.240000,0.320000,0.590000
2D0T,0.225300,0.273100,0.230400,0.273600,0.224900,0.263800,2.300066,-0.510000,-0.050000,0.040000,0.930000
6JC4,0.242400,0.299700,0.242200,0.294300,0.246200,0.292700,2.300078,0.020000,0.540000,-0.380000,0.700000
1AK5,0.201100,0.220600,0.213800,0.231100,0.208400,0.227600,2.300098,-1.270000,-1.050000,-0.730000,-0.700000
5XUK,0.266000,0.306900,0.274200,0.314800,0.311000,0.393000,2.300100,-0.820000,-0.790000,-4.500000,-8.610000
2GD9,0.312100,0.353800,0.310100,0.350400,0.311000,0.353100,2.300228,0.200000,0.340000,0.110000,0.070000
2VZB,0.224800,0.289100,0.223700,0.281700,0.226800,0.286500,2.300266,0.110000,0.740000,-0.200000,0.260000
6JZA,0.289700,0.382900,0.280100,0.336100,0.270500,0.327800,2.300281,0.960000,4.680000,1.920000,5.510000
2AQ4,0.312000,0.346300,0.314100,0.350200,0.325500,0.348400,2.300425,-0.210000,-0.390000,-1.350000,-0.210000
2Z7E,0.304600,0.352000,0.319200,0.371600,0.300000,0.354300,2.300671,-1.460000,-1.960000,0.460000,-0.230000
3PPU,0.223200,0.264400,0.221000,0.266300,0.222400,0.260900,2.301516,0.220000,-0.190000,0.080000,0.350000
1RZN,0.230000,0.269400,0.232600,0.262400,0.237600,0.274000,2.301586,-0.260000,0.700000,-0.760000,-0.460000
3HTK,0.375200,0.423200,0.382800,0.450200,0.395000,0.447000,2.305730,-0.760000,-2.700000,-1.980000,-2.380000
2GA9,0.247700,0.321400,0.233000,0.318300,0.248700,0.323000,2.306743,1.470000,0.310000,-0.100000,-0.160000
3UNG,0.291500,0.337500,0.296800,0.345100,0.261100,0.321100,2.309640,-0.530000,-0.760000,3.040000,1.640000
2P8Q,0.313900,0.360100,0.301300,0.348200,0.280700,0.331600,2.313724,1.260000,1.190000,3.320000,2.850000
3CQO,0.219000,0.270700,0.219800,0.275000,0.222500,0.270700,2.320756,-0.080000,-0.430000,-0.350000,0.000000
5DAY,0.341100,0.408200,0.340300,0.414000,0.315300,0.381200,2.329002,0.080000,-0.580000,2.580000,2.700000
2QKL,0.306000,0.394900,0.315200,0.422700,0.327500,0.412600,2.330042,-0.920000,-2.780000,-2.150000,-1.770000
3T0Q,0.291100,0.351700,0.291900,0.351600,0.290600,0.338100,2.341774,-0.080000,0.010000,0.050000,1.360000
6L8E,0.456300,0.485500,0.455600,0.498900,0.447200,0.471100,2.346019,0.070000,-1.340000,0.910000,1.440000
5C5V,0.367400,0.391300,0.371700,0.387400,0.358800,0.388200,2.347882,-0.430000,0.390000,0.860000,0.310000
5I47,0.277800,0.329900,0.256900,0.306200,0.299800,0.329900,2.349610,2.090000,2.370000,-2.200000,0.000000
3DLA,0.209700,0.260900,0.208400,0.250000,0.210600,0.248100,2.350032,0.130000,1.090000,-0.090000,1.280000
3EC1,0.324200,0.384200,0.330000,0.375800,0.323700,0.374300,2.352630,-0.580000,0.840000,0.050000,0.990000
3RST,0.210700,0.251400,0.214200,0.248200,0.210700,0.246900,2.366721,-0.350000,0.320000,0.000000,0.450000
5TLD,0.244400,0.303400,0.247200,0.311800,0.253100,0.319600,2.373732,-0.280000,-0.840000,-0.870000,-1.620000
1QJV,0.221500,0.272100,0.211900,0.268100,0.223000,0.266000,2.377253,0.960000,0.400000,-0.150000,0.610000
2P1L,0.280500,0.337200,0.288500,0.341000,0.272400,0.324900,2.391001,-0.800000,-0.380000,0.810000,1.230000
6JJW,0.499800,0.548700,0.480100,0.508600,0.550800,0.538500,2.393315,1.970000,4.010000,-5.100000,1.020000
2B5E,0.389100,0.407600,0.391000,0.439700,0.348500,0.371600,2.398087,-0.190000,-3.210000,4.060000,3.600000
2Z1Z,0.205400,0.248200,0.205300,0.252000,0.206800,0.245400,2.398485,0.010000,-0.380000,-0.140000,0.280000
5UQP,0.469600,0.519800,0.457300,0.506300,0.458400,0.491600,2.398661,1.230000,1.350000,1.120000,2.820000
1E79,0.337300,0.366800,0.312200,0.362000,0.302700,0.348800,2.399897,2.510000,0.480000,3.460000,1.800000
1SO2,0.241700,0.281200,0.246600,0.281100,0.241300,0.276600,2.399966,-0.490000,0.010000,0.040000,0.460000
4EX5,0.239000,0.277300,0.255100,0.289900,0.244500,0.275500,2.399980,-1.610000,-1.260000,-0.550000,0.180000
6CQL,0.371100,0.398800,0.366400,0.410800,0.373400,0.415700,2.400001,0.470000,-1.200000,-0.230000,-1.690000
4ALY,0.228100,0.261100,0.225000,0.266800,0.229600,0.257200,2.400006,0.310000,-0.570000,-0.150000,0.390000
4FC4,0.212300,0.249700,0.213900,0.242300,0.212300,0.243300,2.400013,-0.160000,0.740000,0.000000,0.640000
3IC8,0.285200,0.348900,0.268800,0.340300,0.267900,0.333300,2.400036,1.640000,0.860000,1.730000,1.560000
7KQ0,0.285400,0.348600,0.277700,0.340100,0.287100,0.350200,2.400066,0.770000,0.850000,-0.170000,-0.160000
1OY5,0.310900,0.351900,0.314100,0.364900,0.306600,0.352800,2.400091,-0.320000,-1.300000,0.430000,-0.090000
6F1S,0.263500,0.269500,0.255900,0.302800,0.268500,0.289800,2.400097,0.760000,-3.330000,-0.500000,-2.030000
2AP2,0.509300,0.536000,0.479300,0.540000,0.497900,0.533500,2.400123,3.000000,-0.400000,1.140000,0.250000
3R6B,0.500300,0.520400,0.485300,0.530300,0.549900,0.539500,2.400189,1.500000,-0.990000,-4.960000,-1.910000
3E8V,0.243500,0.257700,0.238500,0.254600,0.306100,0.358100,2.400430,0.500000,0.310000,-6.260000,-10.040000
2F9Z,0.258600,0.321700,0.254700,0.335200,0.264200,0.326500,2.401122,0.390000,-1.350000,-0.560000,-0.480000
5UZU,0.243500,0.306700,0.247600,0.313700,0.242500,0.311100,2.402722,-0.410000,-0.700000,0.100000,-0.440000
4GMV,0.260900,0.322800,0.246500,0.312600,0.247600,0.311000,2.402827,1.440000,1.020000,1.330000,1.180000
7JN9,0.560800,0.531400,0.549300,0.545900,0.561200,0.586300,2.403713,1.150000,-1.450000,-0.040000,-5.490000
5GOX,0.475200,0.552400,0.470100,0.588800,0.485100,0.564000,2.405085,0.510000,-3.640000,-0.990000,-1.160000
6WT6,0.272000,0.323500,0.234900,0.289800,0.274100,0.312200,2.405941,3.710000,3.370000,-0.210000,1.130000
3KXR,0.372100,0.439200,0.368900,0.476600,0.366900,0.459800,2.413830,0.320000,-3.740000,0.520000,-2.060000
3MB2,0.419700,0.442500,0.418000,0.453000,0.398700,0.426200,2.414079,0.170000,-1.050000,2.100000,1.630000
5IYX,0.259900,0.325600,0.260000,0.324100,0.246200,0.306200,2.426943,-0.010000,0.150000,1.370000,1.940000
3E98,0.348200,0.394800,0.338000,0.392200,0.336000,0.388800,2.430022,1.020000,0.260000,1.220000,0.600000
3CAX,0.218200,0.234500,0.225800,0.236600,0.221800,0.244000,2.432614,-0.760000,-0.210000,-0.360000,-0.950000
3OFJ,0.270200,0.347100,0.229600,0.323200,0.280200,0.360900,2.434069,4.060000,2.390000,-1.000000,-1.380000
1JAC,0.253500,0.306700,0.245400,0.307100,0.245100,0.303400,2.438061,0.810000,-0.040000,0.840000,0.330000
4PSI,0.390000,0.464200,0.396500,0.466900,0.373100,0.431000,2.450007,-0.650000,-0.270000,1.690000,3.320000
4FIX,0.230000,0.275400,0.230600,0.272800,0.243900,0.289000,2.450655,-0.060000,0.260000,-1.390000,-1.360000
1OQE,0.225700,0.259600,0.234700,0.269400,0.215900,0.246000,2.453912,-0.900000,-0.980000,0.980000,1.360000
6VHI,0.211400,0.253100,0.203500,0.227700,0.210200,0.238000,2.458940,0.790000,2.540000,0.120000,1.510000
6K6R,0.253500,0.282200,0.255100,0.291900,0.265000,0.276200,2.470881,-0.160000,-0.970000,-1.150000,0.600000
6S2P,0.318800,0.391500,0.329100,0.406200,0.332800,0.405600,2.475763,-1.030000,-1.470000,-1.400000,-1.410000
1R3U,0.212300,0.272100,0.218400,0.273600,0.215700,0.270300,2.483102,-0.610000,-0.150000,-0.340000,0.180000
2NLY,0.216600,0.236600,0.208000,0.236600,0.212000,0.231500,2.485034,0.860000,0.000000,0.460000,0.510000
1X1Q,0.380200,0.405000,0.306200,0.378500,0.284500,0.338200,2.489373,7.400000,2.650000,9.570000,6.680000
3TU7,0.443600,0.515600,0.336100,0.444900,0.347000,0.449500,2.494743,10.750000,7.070000,9.660000,6.610000
3SF5,0.218000,0.299000,0.206600,0.287900,0.217400,0.290000,2.495086,1.140000,1.110000,0.060000,0.900000
3P86,0.242500,0.288500,0.244700,0.288800,0.233000,0.279000,2.495321,-0.220000,-0.030000,0.950000,0.950000
1VDD,0.260200,0.307400,0.259100,0.304100,0.242100,0.292200,2.495882,0.110000,0.330000,1.810000,1.520000
3KFW,0.322300,0.366400,0.325600,0.380500,0.320400,0.375900,2.496041,-0.330000,-1.410000,0.190000,-0.950000
5AA5,0.282100,0.341600,0.258800,0.332000,0.266700,0.329300,2.496605,2.330000,0.960000,1.540000,1.230000
1UEF,0.357100,0.399500,0.363500,0.435800,0.332400,0.388500,2.497232,-0.640000,-3.630000,2.470000,1.100000
2CB4,0.245600,0.293000,0.240800,0.289100,0.243900,0.285200,2.499953,0.480000,0.390000,0.170000,0.780000
4NWZ,0.263200,0.313900,0.256400,0.306900,0.261900,0.325700,2.500007,0.680000,0.700000,0.130000,-1.180000
2YGK,0.308900,0.346500,0.311200,0.380500,0.302300,0.356800,2.500012,-0.230000,-3.400000,0.660000,-1.030000
3H6E,0.261200,0.318400,0.243700,0.313500,0.246800,0.306500,2.500013,1.750000,0.490000,1.440000,1.190000
3VYN,0.211400,0.258600,0.198300,0.251400,0.206400,0.251900,2.500014,1.310000,0.720000,0.500000,0.670000
5LTD,0.264500,0.315700,0.250700,0.316400,0.254500,0.292200,2.500026,1.380000,-0.070000,1.000000,2.350000
5LU2,0.270100,0.335300,0.281500,0.351800,0.257500,0.319500,2.500029,-1.140000,-1.650000,1.260000,1.580000
5OU8,0.346400,0.385600,0.379700,0.429200,0.348100,0.390900,2.500032,-3.330000,-4.360000,-0.170000,-0.530000
2IVM,0.192100,0.223900,0.198100,0.231600,0.312600,0.317900,2.500035,-0.600000,-0.770000,-12.050000,-9.400000
7K3J,0.296000,0.325900,0.415800,0.471200,0.296700,0.324700,2.500048,-11.980000,-14.530000,-0.070000,0.120000
5XRW,0.397900,0.475400,0.288600,0.367600,0.351200,0.401900,2.500056,10.930000,10.780000,4.670000,7.350000
6PJQ,0.306600,0.401800,0.283800,0.367500,0.295400,0.373800,2.500062,2.280000,3.430000,1.120000,2.800000
1FSI,0.270200,0.320500,0.275600,0.327000,0.266500,0.304600,2.500125,-0.540000,-0.650000,0.370000,1.590000
5TM9,0.257800,0.331600,0.265000,0.352400,0.254500,0.313100,2.500129,-0.720000,-2.080000,0.330000,1.850000
4ME9,0.280900,0.323100,0.264800,0.306000,0.255200,0.293600,2.500178,1.610000,1.710000,2.570000,2.950000
3VEP,0.513200,0.521400,0.526500,0.549500,0.518700,0.537500,2.500252,-1.330000,-2.810000,-0.550000,-1.610000
3LOC,0.287300,0.326700,0.289700,0.337000,0.276400,0.315700,2.500386,-0.240000,-1.030000,1.090000,1.100000
1HNO,0.219400,0.257500,0.222900,0.265000,0.220500,0.259100,2.500386,-0.350000,-0.750000,-0.110000,-0.160000
1Y7O,0.304600,0.345100,0.291100,0.354700,0.300600,0.349500,2.500453,1.350000,-0.960000,0.400000,-0.440000
1F97,0.227800,0.256600,0.205300,0.255300,0.215400,0.232500,2.500748,2.250000,0.130000,1.240000,2.410000
1PJR,0.319900,0.352100,0.322700,0.348400,0.303800,0.332300,2.500937,-0.280000,0.370000,1.610000,1.980000
3MML,0.273100,0.315900,0.267900,0.310400,0.260200,0.300500,2.501158,0.520000,0.550000,1.290000,1.540000
4L7Z,0.286000,0.331400,0.290900,0.336100,0.280200,0.320200,2.501610,-0.490000,-0.470000,0.580000,1.120000
1OMW,0.268500,0.336600,0.279300,0.362200,0.252500,0.326100,2.501853,-1.080000,-2.560000,1.600000,1.050000
3TSZ,0.261300,0.313800,0.261500,0.324700,0.255800,0.296100,2.502024,-0.020000,-1.090000,0.550000,1.770000
2NVN,0.272700,0.289700,0.299400,0.324900,0.279600,0.292600,2.502891,-2.670000,-3.520000,-0.690000,-0.290000
6HFG,0.275000,0.309800,0.274100,0.311900,0.262700,0.300000,2.503104,0.090000,-0.210000,1.230000,0.980000
1O5T,0.305200,0.382000,0.286100,0.364500,0.282400,0.367100,2.503524,1.910000,1.750000,2.280000,1.490000
3N39,0.225800,0.288700,0.225600,0.291100,0.222100,0.284800,2.504823,0.020000,-0.240000,0.370000,0.390000
5WRR,0.302200,0.342100,0.324600,0.364000,0.289200,0.327600,2.505960,-2.240000,-2.190000,1.300000,1.450000
4O92,0.438000,0.471800,0.415700,0.472400,0.407400,0.444600,2.508673,2.230000,-0.060000,3.060000,2.720000
5GHR,0.301900,0.352800,0.294000,0.356200,0.284700,0.346200,2.509007,0.790000,-0.340000,1.720000,0.660000
2ZIU,0.462000,0.499100,0.465000,0.500900,0.460700,0.500200,2.511469,-0.300000,-0.180000,0.130000,-0.110000
6RPT,0.347200,0.398900,0.342100,0.395400,0.335800,0.381800,2.517931,0.510000,0.350000,1.140000,1.710000
4B18,0.223000,0.268200,0.233400,0.271500,0.259200,0.302800,2.519944,-1.040000,-0.330000,-3.620000,-3.460000
5D5H,0.221200,0.270400,0.208400,0.259400,0.214700,0.261500,2.520025,1.280000,1.100000,0.650000,0.890000
6R6T,0.229500,0.295200,0.228800,0.290700,0.224300,0.284500,2.534542,0.070000,0.450000,0.520000,1.070000
2B3X,0.374300,0.411800,0.323200,0.389000,0.311100,0.378100,2.540323,5.110000,2.280000,6.320000,3.370000
5J9K,0.323600,0.374700,0.319500,0.384000,0.315300,0.365900,2.550018,0.410000,-0.930000,0.830000,0.880000
6L9F,0.324400,0.379400,0.304800,0.373000,0.308700,0.362100,2.554628,1.960000,0.640000,1.570000,1.730000
5IAW,0.304000,0.366400,0.282500,0.359700,0.297400,0.374100,2.580052,2.150000,0.670000,0.660000,-0.770000
1TML,0.203100,0.247600,0.144700,0.230300,0.167900,0.224100,2.582427,5.840000,1.730000,3.520000,2.350000
2AG0,0.224600,0.284400,0.217400,0.278100,0.222500,0.276900,2.583379,0.720000,0.630000,0.210000,0.750000
1UTB,0.225800,0.265200,0.232100,0.270500,0.222400,0.256900,2.587790,-0.630000,-0.530000,0.340000,0.830000
1ZJ8,0.237400,0.289900,0.224700,0.299500,0.257300,0.321400,2.589994,1.270000,-0.960000,-1.990000,-3.150000
2E1M,0.486700,0.562700,0.450000,0.532100,0.449500,0.541400,2.593267,3.670000,3.060000,3.720000,2.130000
3FVE,0.254100,0.289600,0.255800,0.290000,0.255000,0.290800,2.593823,-0.170000,-0.040000,-0.090000,-0.120000
5U6K,0.232900,0.282200,0.258700,0.304900,0.288900,0.326100,2.594510,-2.580000,-2.270000,-5.600000,-4.390000
6M20,0.423300,0.466900,0.415400,0.470200,0.394800,0.449000,2.595396,0.790000,-0.330000,2.850000,1.790000
5SVE,0.314100,0.359800,0.286200,0.335900,0.267000,0.319700,2.596018,2.790000,2.390000,4.710000,4.010000
3MKR,0.230800,0.269700,0.231400,0.268000,0.223700,0.261400,2.597412,-0.060000,0.170000,0.710000,0.830000
3A58,0.329600,0.359500,0.325800,0.368500,0.311300,0.352700,2.597802,0.380000,-0.900000,1.830000,0.680000
3HHC,0.345500,0.415900,0.328500,0.439000,0.329600,0.432600,2.598829,1.700000,-2.310000,1.590000,-1.670000
4H9D,0.328500,0.395200,0.332500,0.379800,0.303600,0.372000,2.598890,-0.400000,1.540000,2.490000,2.320000
4HJW,0.247700,0.296200,0.248800,0.290100,0.233600,0.284900,2.599973,-0.110000,0.610000,1.410000,1.130000
1GQ9,0.401200,0.394400,0.258200,0.333300,0.277200,0.302300,2.600001,14.300000,6.110000,12.400000,9.210000
2XPI,0.235500,0.282500,0.222300,0.273800,0.223800,0.287100,2.600004,1.320000,0.870000,1.170000,-0.460000
5ETA,0.290400,0.339600,0.269200,0.332800,0.266000,0.313100,2.600006,2.120000,0.680000,2.440000,2.650000
6B8Q,0.429300,0.473900,0.409600,0.478700,0.405700,0.472300,2.600014,1.970000,-0.480000,2.360000,0.160000
5CVR,0.315700,0.325800,0.256200,0.312300,0.263200,0.310300,2.600036,5.950000,1.350000,5.250000,1.550000
4BX9,0.258200,0.307400,0.252900,0.305400,0.246500,0.296100,2.600043,0.530000,0.200000,1.170000,1.130000
4CSO,0.228300,0.314400,0.215900,0.313700,0.215200,0.304200,2.600044,1.240000,0.070000,1.310000,1.020000
1LNZ,0.451700,0.479900,0.407400,0.471700,0.408300,0.460400,2.600085,4.430000,0.820000,4.340000,1.950000
5EBB,0.320000,0.385600,0.289400,0.344200,0.294800,0.344900,2.600093,3.060000,4.140000,2.520000,4.070000
5VQG,0.358400,0.395900,0.269100,0.360000,0.370200,0.392800,2.600104,8.930000,3.590000,-1.180000,0.310000
1BYW,0.244500,0.247300,0.237700,0.259800,0.226500,0.225900,2.600198,0.680000,-1.250000,1.800000,2.140000
2ACJ,0.449000,0.484700,0.422900,0.511000,0.463300,0.524300,2.600296,2.610000,-2.630000,-1.430000,-3.960000
2FH9,0.340500,0.379300,0.324300,0.405900,0.321900,0.380800,2.601253,1.620000,-2.660000,1.860000,-0.150000
1S1C,0.303100,0.377600,0.294100,0.379600,0.296900,0.371500,2.602965,0.900000,-0.200000,0.620000,0.610000
4QQR,0.249400,0.305400,0.245700,0.311900,0.234000,0.291100,2.602990,0.370000,-0.650000,1.540000,1.430000
6Z3U,0.436200,0.462000,0.361400,0.431000,0.458000,0.485700,2.604033,7.480000,3.100000,-2.180000,-2.370000
7DUF,0.437300,0.504600,0.423300,0.505200,0.502100,0.487700,2.605150,1.400000,-0.060000,-6.480000,1.690000
3R0Q,0.266800,0.330300,0.236500,0.314300,0.262900,0.332900,2.606486,3.030000,1.600000,0.390000,-0.260000
6U75,0.251700,0.295200,0.238600,0.293800,0.239300,0.281700,2.631794,1.310000,0.140000,1.240000,1.350000
3U66,0.337400,0.437800,0.308400,0.401100,0.322300,0.412700,2.632760,2.900000,3.670000,1.510000,2.510000
4JX2,0.373200,0.422600,0.307300,0.371600,0.285800,0.319000,2.650007,6.590000,5.100000,8.740000,10.360000
3UN9,0.344900,0.394100,0.334300,0.412300,0.310700,0.394500,2.650017,1.060000,-1.820000,3.420000,-0.040000
4MJG,0.262700,0.330500,0.254100,0.319800,0.254700,0.320300,2.650048,0.860000,1.070000,0.800000,1.020000
6N5U,0.237800,0.302100,0.224300,0.298000,0.240500,0.311100,2.660577,1.350000,0.410000,-0.270000,-0.900000
4WIP,0.270000,0.319900,0.252400,0.313500,0.300300,0.349000,2.691123,1.760000,0.640000,-3.030000,-2.910000
3SUZ,0.411100,0.456400,0.406800,0.440900,0.396600,0.442400,2.693661,0.430000,1.550000,1.450000,1.400000
3THF,0.269700,0.303000,0.280200,0.312000,0.258800,0.275500,2.695052,-1.050000,-0.900000,1.090000,2.750000
4HKA,0.260900,0.291100,0.274500,0.314000,0.253300,0.286500,2.699767,-1.360000,-2.290000,0.760000,0.460000
5ME9,0.279700,0.347800,0.267800,0.348800,0.247700,0.327400,2.700001,1.190000,-0.100000,3.200000,2.040000
5UX5,0.243700,0.300200,0.242500,0.299400,0.238700,0.290700,2.700005,0.120000,0.080000,0.500000,0.950000
6XZ6,0.243200,0.301500,0.234700,0.302200,0.240600,0.305700,2.700024,0.850000,-0.070000,0.260000,-0.420000
5C7F,0.285500,0.339200,0.291300,0.357300,0.273200,0.312500,2.700048,-0.580000,-1.810000,1.230000,2.670000
7E2E,0.421100,0.510300,0.362000,0.487500,0.385800,0.446800,2.700286,5.910000,2.280000,3.530000,6.350000
6R0L,0.387900,0.386800,0.209200,0.349000,0.266000,0.378000,2.700563,17.870000,3.780000,12.190000,0.880000
2IO7,0.219200,0.278500,0.205000,0.280100,0.212900,0.278500,2.701319,1.420000,-0.160000,0.630000,0.000000
7CFD,0.384700,0.455900,0.413100,0.491800,0.306600,0.378100,2.703675,-2.840000,-3.590000,7.810000,7.780000
1CI0,0.240700,0.288300,0.234500,0.282100,0.232800,0.284400,2.703708,0.620000,0.620000,0.790000,0.390000
5JTA,0.214700,0.251200,0.217100,0.253500,0.205600,0.237600,2.717681,-0.240000,-0.230000,0.910000,1.360000
6VPT,0.258300,0.309300,0.228900,0.318400,0.249900,0.322300,2.718242,2.940000,-0.910000,0.840000,-1.300000
5K6S,0.270000,0.291900,0.309200,0.335700,0.265900,0.292300,2.718681,-3.920000,-4.380000,0.410000,-0.040000
5J0A,0.387700,0.421300,0.378700,0.432100,0.362900,0.395600,2.739012,0.900000,-1.080000,2.480000,2.570000
3AQG,0.257700,0.331600,0.224500,0.282400,0.252400,0.299000,2.744165,3.320000,4.920000,0.530000,3.260000
2BTY,0.282700,0.343900,0.260500,0.332400,0.249500,0.315000,2.750067,2.220000,1.150000,3.320000,2.890000
6YFV,0.418700,0.451100,0.406500,0.454000,0.379400,0.445500,2.750181,1.220000,-0.290000,3.930000,0.560000
6SXW,0.282900,0.382000,0.280800,0.360500,0.291800,0.350500,2.750638,0.210000,2.150000,-0.890000,3.150000
3AV4,0.321600,0.367500,0.291300,0.348700,0.285900,0.336900,2.752139,3.030000,1.880000,3.570000,3.060000
7BW1,0.277900,0.307200,0.272800,0.308100,0.285000,0.315500,2.782573,0.510000,-0.090000,-0.710000,-0.830000
5WJQ,0.562400,0.573800,0.503400,0.577200,0.534200,0.600100,2.793988,5.900000,-0.340000,2.820000,-2.630000
4NUF,0.379900,0.429100,0.367000,0.429700,0.368400,0.430500,2.796104,1.290000,-0.060000,1.150000,-0.140000
2A3V,0.438600,0.466600,0.397800,0.454000,0.397600,0.438300,2.798933,4.080000,1.260000,4.100000,2.830000
3BVQ,0.325900,0.375000,0.296900,0.361700,0.287000,0.344300,2.799061,2.900000,1.330000,3.890000,3.070000
6AGI,0.269300,0.315500,0.240900,0.307600,0.245500,0.305000,2.799413,2.840000,0.790000,2.380000,1.050000
6I1R,0.238100,0.281000,0.241600,0.286000,0.223700,0.276400,2.799924,-0.350000,-0.500000,1.440000,0.460000
5I9E,0.311400,0.369000,0.287100,0.362500,0.308700,0.384200,2.800000,2.430000,0.650000,0.270000,-1.520000
3B2D,0.286600,0.358600,0.228300,0.320400,0.236300,0.313500,2.800014,5.830000,3.820000,5.030000,4.510000
1HTN,0.187200,0.214300,0.170300,0.215200,0.178300,0.217400,2.800026,1.690000,-0.090000,0.890000,-0.310000
5XUQ,0.264000,0.354500,0.241200,0.367300,0.276900,0.361600,2.800031,2.280000,-1.280000,-1.290000,-0.710000
1W8A,0.211400,0.278700,0.197500,0.254800,0.211400,0.275800,2.800037,1.390000,2.390000,0.000000,0.290000
4PDE,0.245800,0.300600,0.215200,0.290600,0.222600,0.282200,2.800053,3.060000,1.000000,2.320000,1.840000
1WD8,0.232700,0.277400,0.224100,0.292500,0.214500,0.277900,2.800085,0.860000,-1.510000,1.820000,-0.050000
3FBI,0.306400,0.345800,0.325100,0.369700,0.295400,0.344200,2.800135,-1.870000,-2.390000,1.100000,0.160000
2OD8,0.277800,0.349700,0.314700,0.376500,0.269800,0.365900,2.800199,-3.690000,-2.680000,0.800000,-1.620000
1V8Q,0.261800,0.317600,0.209400,0.284900,0.217500,0.271100,2.800227,5.240000,3.270000,4.430000,4.650000
7BV5,0.317800,0.366200,0.297400,0.368000,0.284400,0.342700,2.801004,2.040000,-0.180000,3.340000,2.350000
5JHO,0.256700,0.310800,0.269900,0.330400,0.246400,0.307300,2.801317,-1.320000,-1.960000,1.030000,0.350000
6AF3,0.432800,0.458100,0.418100,0.484100,0.382400,0.453300,2.803475,1.470000,-2.600000,5.040000,0.480000
4W2R,0.259700,0.313200,0.246700,0.312600,0.238700,0.310000,2.807286,1.300000,0.060000,2.100000,0.320000
2YGB,0.284000,0.321600,0.246400,0.306700,0.322500,0.356900,2.810016,3.760000,1.490000,-3.850000,-3.530000
1VER,0.238200,0.268300,0.221200,0.257500,0.203000,0.236300,2.820304,1.700000,1.080000,3.520000,3.200000
4LD7,0.274500,0.323800,0.239200,0.314300,0.246400,0.323100,2.829964,3.530000,0.950000,2.810000,0.070000
5AD0,0.407500,0.439100,0.234000,0.356700,0.276200,0.344400,2.838758,17.350000,8.240000,13.130000,9.470000
7EWF,0.339500,0.376000,0.321700,0.381000,0.304000,0.373500,2.850030,1.780000,-0.500000,3.550000,0.250000
7LF4,0.266200,0.309500,0.258500,0.312900,0.270500,0.327500,2.850077,0.770000,-0.340000,-0.430000,-1.800000
3PZ8,0.281700,0.319200,0.277400,0.326000,0.258500,0.310300,2.873268,0.430000,-0.680000,2.320000,0.890000
4OC8,0.413200,0.453900,0.385000,0.437300,0.378100,0.440600,2.883917,2.820000,1.660000,3.510000,1.330000
1R1K,0.282100,0.342700,0.252100,0.341900,0.238000,0.314100,2.896923,3.000000,0.080000,4.410000,2.860000
3TIX,0.336500,0.389600,0.324500,0.390300,0.319200,0.394800,2.900002,1.200000,-0.070000,1.730000,-0.520000
5N6H,0.248000,0.274300,0.229200,0.267400,0.226800,0.264200,2.900003,1.880000,0.690000,2.120000,1.010000
3W3T,0.285900,0.342500,0.260700,0.336900,0.233200,0.306500,2.900030,2.520000,0.560000,5.270000,3.600000
2YJT,0.276400,0.338200,0.190000,0.261400,0.216300,0.272500,2.900150,8.640000,7.680000,6.010000,6.570000
2ZME,0.310500,0.352500,0.300200,0.373800,0.282400,0.345700,2.900152,1.030000,-2.130000,2.810000,0.680000
1M6E,0.226900,0.249000,0.209700,0.246100,0.212800,0.250300,2.900392,1.720000,0.290000,1.410000,-0.130000
3SHW,0.254800,0.291900,0.225600,0.306300,0.229600,0.284100,2.901063,2.920000,-1.440000,2.520000,0.780000
7F9M,0.297800,0.340500,0.296000,0.340300,0.287000,0.323300,2.901076,0.180000,0.020000,1.080000,1.720000
3MV2,0.252500,0.302800,0.232700,0.304400,0.279000,0.335800,2.904930,1.980000,-0.160000,-2.650000,-3.300000
5GJM,0.349200,0.384200,0.196100,0.277100,0.202800,0.264800,2.905603,15.310000,10.710000,14.640000,11.940000
2PK9,0.311000,0.363100,0.300900,0.360400,0.291600,0.353200,2.906443,1.010000,0.270000,1.940000,0.990000
3W0L,0.337100,0.386200,0.286900,0.364100,0.286600,0.361200,2.920262,5.020000,2.210000,5.050000,2.500000
5IY4,0.339200,0.381800,0.331400,0.388200,0.261700,0.325200,2.945057,0.780000,-0.640000,7.750000,5.660000
6T80,0.296300,0.366500,0.262000,0.343600,0.253100,0.326900,2.990346,3.430000,2.290000,4.320000,3.960000
2XD0,0.426200,0.458200,0.380400,0.460500,0.382000,0.441400,2.999488,4.580000,-0.230000,4.420000,1.680000
6A93,0.478300,0.497000,0.449500,0.488400,0.477500,0.506600,3.000016,2.880000,0.860000,0.080000,-0.960000
4CKT,0.379700,0.337100,0.272800,0.311900,0.328700,0.339800,3.000176,10.690000,2.520000,5.100000,-0.270000
