code,rwork_torchref,rfree_torchref,rwork_phenix,rfree_phenix,d_min,n_atoms,delta_rwork,delta_rfree
6A0C,0.212800,0.262000,0.205300,0.226200,1.150818,702,0.750000,3.580000
6GPZ,0.203400,0.233100,0.211200,0.221500,1.242466,1125,-0.780000,1.160000
2EU9,0.227200,0.260900,0.216000,0.240400,1.399979,3195,1.120000,2.050000
5JD9,0.201200,0.242900,0.192400,0.221000,1.400773,3391,0.880000,2.190000
6N7O,0.205600,0.243800,0.205700,0.225000,1.469941,729,-0.010000,1.880000
1Z3X,0.197200,0.228700,0.183800,0.207000,1.499852,2370,1.340000,2.170000
5K2X,0.184600,0.214300,0.160700,0.184900,1.499946,3620,2.390000,2.940000
5LW0,0.173800,0.199100,0.175900,0.192800,1.499985,3664,-0.210000,0.630000
3RPD,0.224300,0.243700,0.178500,0.194600,1.500001,6494,4.580000,4.910000
1P3C,0.160700,0.200800,0.163900,0.197900,1.500004,1813,-0.320000,0.290000
3CXM,0.190600,0.220300,0.184400,0.195900,1.500005,2288,0.620000,2.440000
2DQ6,0.228000,0.256400,0.173700,0.185200,1.500006,8066,5.430000,7.120000
5IQM,0.185800,0.233000,0.169900,0.205100,1.500007,2693,1.590000,2.790000
5G4I,0.218400,0.240000,0.180600,0.196500,1.500008,7107,3.780000,4.350000
4V15,0.202100,0.219700,0.162500,0.183300,1.500009,6789,3.960000,3.640000
3OC7,0.192400,0.239700,0.186100,0.205100,1.500012,2103,0.630000,3.460000
3CH0,0.178600,0.211500,0.169800,0.198300,1.500012,2775,0.880000,1.320000
2I53,0.190900,0.222100,0.201400,0.229100,1.500012,2337,-1.050000,-0.700000
2YN0,0.212100,0.241900,0.198400,0.215000,1.500022,2381,1.370000,2.690000
3ER7,0.197300,0.241200,0.196300,0.221300,1.500051,2283,0.100000,1.990000
5NTB,0.167000,0.213100,0.170600,0.200300,1.500053,1976,-0.360000,1.280000
1A4I,0.203700,0.244800,0.196300,0.220500,1.500611,4899,0.740000,2.430000
3BGU,0.258200,0.284300,0.227000,0.250700,1.500741,1951,3.120000,3.360000
3D49,0.215800,0.242600,0.208100,0.224600,1.501934,2578,0.770000,1.800000
4QXL,0.212600,0.272800,0.215700,0.237300,1.511846,941,-0.310000,3.550000
2GUH,0.187700,0.227500,0.176300,0.201400,1.519005,3571,1.140000,2.610000
6K93,0.182500,0.222600,0.193000,0.216800,1.530017,2347,-1.050000,0.580000
6Z1S,0.192600,0.232200,0.182700,0.241100,1.532468,3441,0.990000,-0.890000
2QML,0.183900,0.248900,0.190100,0.226100,1.548850,1872,-0.620000,2.280000
5EG2,0.191100,0.223700,0.197300,0.208100,1.548965,2282,-0.620000,1.560000
5YAY,0.208000,0.262100,0.229400,0.262700,1.549813,2111,-2.140000,-0.060000
1WTJ,0.199400,0.228400,0.183900,0.198600,1.550000,5674,1.550000,2.980000
3G39,0.165300,0.223700,0.171600,0.193500,1.550753,1416,-0.630000,3.020000
5I2H,0.225900,0.263000,0.206900,0.235300,1.550985,5998,1.900000,2.770000
2QHL,0.197200,0.236100,0.198900,0.220200,1.560241,5284,-0.170000,1.590000
3N55,0.190100,0.224700,0.195700,0.216700,1.568706,1110,-0.560000,0.800000
6WI4,0.275400,0.321700,0.240400,0.281500,1.570586,4404,3.500000,4.020000
1JU3,0.192200,0.238100,0.196700,0.225000,1.583364,4904,-0.450000,1.310000
2HXW,0.191200,0.226100,0.184300,0.198500,1.583993,4003,0.690000,2.760000
1WLZ,0.211700,0.250900,0.190900,0.220500,1.596113,3200,2.080000,3.040000
1ZZ0,0.194200,0.215400,0.165700,0.185700,1.596351,12316,2.850000,2.970000
7DVN,0.207700,0.284500,0.238500,0.251600,1.597146,1261,-3.080000,3.290000
3EIW,0.192100,0.216700,0.165700,0.189400,1.597813,2787,2.640000,2.730000
1GPQ,0.215600,0.261600,0.183300,0.222700,1.597966,4558,3.230000,3.890000
4RO5,0.223400,0.251800,0.199200,0.211200,1.598004,3174,2.420000,4.060000
5Z6D,0.197700,0.259500,0.215600,0.260800,1.598011,3488,-1.790000,-0.130000
2BUO,0.227700,0.335000,0.223400,0.298000,1.598183,894,0.430000,3.700000
5B5I,0.181300,0.202300,0.195200,0.200600,1.599271,1128,-1.390000,0.170000
3LW3,0.208500,0.258500,0.214200,0.236300,1.599408,2150,-0.570000,2.220000
1L9X,0.178200,0.223500,0.173000,0.198200,1.599637,10370,0.520000,2.530000
3QLA,0.195400,0.219900,0.170600,0.189900,1.599850,2630,2.480000,3.000000
3CB0,0.238300,0.261600,0.192000,0.217200,1.600001,6231,4.630000,4.440000
3NYY,0.176700,0.208900,0.164000,0.196500,1.600003,2453,1.270000,1.240000
4U7A,0.180400,0.218000,0.193500,0.214800,1.600006,3302,-1.310000,0.320000
2D68,0.194300,0.236100,0.207400,0.226900,1.600008,1399,-1.310000,0.920000
3FJU,0.202000,0.230200,0.170300,0.195400,1.600016,3587,3.170000,3.480000
3W56,0.246100,0.289700,0.261300,0.301500,1.600016,1033,-1.520000,-1.180000
4L9U,0.259700,0.293900,0.268400,0.297700,1.600038,879,-0.870000,-0.380000
1TYJ,0.178300,0.231900,0.185500,0.217300,1.600129,1577,-0.720000,1.460000
1X6O,0.182500,0.215900,0.202600,0.226700,1.600176,1402,-2.010000,-1.080000
4K36,0.193100,0.221600,0.181700,0.217700,1.619001,6793,1.140000,0.390000
3M1T,0.226300,0.261600,0.217800,0.237800,1.620274,2469,0.850000,2.380000
3FPR,0.197800,0.239100,0.229000,0.253000,1.630049,1418,-3.120000,-1.390000
2PQV,0.195200,0.257300,0.194600,0.224700,1.634705,2900,0.060000,3.260000
5E2V,0.191400,0.230600,0.179800,0.211900,1.638217,3879,1.160000,1.870000
4KYQ,0.182000,0.250100,0.176600,0.233700,1.643029,1885,0.540000,1.640000
2A65,0.190500,0.221200,0.191700,0.207100,1.647381,4366,-0.120000,1.410000
6FJU,0.178100,0.216300,0.192400,0.210000,1.647491,3044,-1.430000,0.630000
3RLE,0.176700,0.220600,0.190600,0.214800,1.648703,1842,-1.390000,0.580000
3AQ2,0.187400,0.229200,0.181100,0.196800,1.649005,3388,0.630000,3.240000
1EZW,0.190000,0.208400,0.190900,0.194100,1.649843,2959,-0.090000,1.430000
4UWX,0.197000,0.242800,0.199900,0.242300,1.650005,4337,-0.290000,0.050000
6SRB,0.314300,0.364500,0.329900,0.364300,1.650018,4022,-1.560000,0.020000
3VFU,0.220500,0.247700,0.212200,0.235000,1.650020,3861,0.830000,1.270000
2A9S,0.191200,0.227200,0.177700,0.200700,1.652399,2761,1.350000,2.650000
1O6D,0.206600,0.257300,0.222300,0.261700,1.662573,1393,-1.570000,-0.440000
1ZKL,0.180200,0.215700,0.184300,0.207200,1.669472,2891,-0.410000,0.850000
2R7G,0.213000,0.239500,0.205800,0.225700,1.671162,6267,0.720000,1.380000
4EPZ,0.183200,0.233600,0.187100,0.237500,1.680006,1649,-0.390000,-0.390000
2WNH,0.181400,0.215800,0.182100,0.207800,1.682018,7047,-0.070000,0.800000
2W9Y,0.208000,0.255100,0.194400,0.240600,1.682365,1278,1.360000,1.450000
3CBM,0.188800,0.231800,0.200000,0.231300,1.685541,2199,-1.120000,0.050000
3GF6,0.191200,0.229800,0.174700,0.218800,1.690009,4328,1.650000,1.100000
3MQ2,0.195800,0.230100,0.186300,0.214500,1.690016,3771,0.950000,1.560000
6I50,0.180200,0.213700,0.180600,0.210200,1.690076,1415,-0.040000,0.350000
138L,0.198600,0.216700,0.172600,0.195300,1.693655,1420,2.600000,2.140000
2ZON,0.189200,0.221800,0.163400,0.196200,1.696004,9364,2.580000,2.560000
4DOV,0.199600,0.253200,0.216800,0.249000,1.696091,2707,-1.720000,0.420000
5EUR,0.209200,0.261000,0.216800,0.239500,1.697523,2947,-0.760000,2.150000
2RH3,0.177000,0.213900,0.187500,0.223500,1.697875,1100,-1.050000,-0.960000
1PXZ,0.214200,0.242500,0.188900,0.215600,1.698273,5991,2.530000,2.690000
3EFY,0.178100,0.207900,0.195300,0.212000,1.698319,3667,-1.720000,-0.410000
5T0K,0.200800,0.231100,0.172400,0.199700,1.698405,5182,2.840000,3.140000
1WDV,0.187200,0.234600,0.174100,0.227000,1.698600,2767,1.310000,0.760000
6IIW,0.194200,0.236200,0.205000,0.254300,1.698696,699,-1.080000,-1.810000
2PN0,0.198700,0.246200,0.188300,0.219400,1.699004,4554,1.040000,2.680000
1BXE,0.187400,0.223200,0.203800,0.231500,1.699449,948,-1.640000,-0.830000
3ADO,0.169300,0.207000,0.174800,0.213200,1.699452,2823,-0.550000,-0.620000
1DUG,0.197500,0.232800,0.202100,0.228700,1.699485,4520,-0.460000,0.410000
3BFM,0.191400,0.230000,0.185900,0.215800,1.699847,1925,0.550000,1.420000
3VFO,0.371600,0.410600,0.372100,0.394100,1.699943,3695,-0.050000,1.650000
2CCH,0.207800,0.241100,0.189800,0.212800,1.699979,10526,1.800000,2.830000
4JHN,0.192300,0.228300,0.168700,0.201000,1.700004,12042,2.360000,2.730000
3D1M,0.192300,0.238200,0.203300,0.241900,1.700011,4327,-1.100000,-0.370000
3QNM,0.181600,0.218000,0.187400,0.207000,1.700013,2190,-0.580000,1.100000
2FTX,0.205800,0.298600,0.224700,0.300800,1.700024,1267,-1.890000,-0.220000
6RSN,0.185800,0.240400,0.215700,0.254800,1.700026,808,-2.990000,-1.440000
5B5Q,0.209000,0.222500,0.190700,0.217700,1.700037,4477,1.830000,0.480000
4OX3,0.238200,0.293000,0.238000,0.284300,1.700041,1912,0.020000,0.870000
2R6R,0.183300,0.232800,0.183500,0.212900,1.700069,2759,-0.020000,1.990000
2NW3,0.202600,0.247400,0.202800,0.227100,1.700075,3637,-0.020000,2.030000
4CLF,0.183200,0.221600,0.191000,0.216500,1.700099,4036,-0.780000,0.510000
3U2A,0.174600,0.219100,0.176700,0.204200,1.700111,1037,-0.210000,1.490000
6V5J,0.197200,0.261300,0.179400,0.220300,1.700123,634,1.780000,4.100000
2VXZ,0.188000,0.235300,0.181100,0.213800,1.700128,1425,0.690000,2.150000
3THK,0.234300,0.343300,0.276500,0.346800,1.700189,1152,-4.220000,-0.350000
2FEX,0.189700,0.242500,0.174100,0.204800,1.700716,4945,1.560000,3.770000
2V62,0.216800,0.248800,0.219800,0.242300,1.700954,5183,-0.300000,0.650000
2PY2,0.215200,0.257000,0.206800,0.235900,1.703674,6557,0.840000,2.110000
5UXG,0.200800,0.245300,0.209500,0.240200,1.720241,3741,-0.870000,0.510000
4OXW,0.195700,0.259800,0.222500,0.273500,1.730039,972,-2.680000,-1.370000
4YYH,0.211700,0.253200,0.231900,0.249500,1.736708,1925,-2.020000,0.370000
3GMV,0.178800,0.223500,0.172500,0.202600,1.747812,1433,0.630000,2.090000
4N39,0.192800,0.234500,0.190800,0.226200,1.748001,6174,0.200000,0.830000
1J8B,0.200200,0.270300,0.204500,0.254200,1.748015,904,-0.430000,1.610000
3WNV,0.208000,0.247400,0.210100,0.249400,1.750002,5625,-0.210000,-0.200000
4RQM,0.244100,0.265700,0.265800,0.277600,1.750004,1481,-2.170000,-1.190000
1GQ8,0.185500,0.210400,0.165100,0.197200,1.750021,2807,2.040000,1.320000
2F1F,0.186600,0.234300,0.214400,0.239200,1.750030,2784,-2.780000,-0.490000
6IST,0.214700,0.244800,0.197300,0.237500,1.750030,3791,1.740000,0.730000
2X26,0.266500,0.324700,0.238400,0.284900,1.750044,5274,2.810000,3.980000
4PND,0.194800,0.248400,0.204300,0.246500,1.750074,1319,-0.950000,0.190000
3DJD,0.197400,0.240500,0.163800,0.200300,1.750215,7626,3.360000,4.020000
3VST,0.200100,0.212700,0.152700,0.170700,1.750499,23783,4.740000,4.200000
4QN8,0.206000,0.253700,0.210100,0.250800,1.750647,3945,-0.410000,0.290000
4OBJ,0.164800,0.217100,0.161400,0.202300,1.751004,1836,0.340000,1.480000
3IVB,0.205500,0.255500,0.212200,0.266700,1.751139,1307,-0.670000,-1.120000
5T6J,0.246700,0.296600,0.267300,0.305100,1.751743,1359,-2.060000,-0.850000
5EZA,0.205500,0.219200,0.197400,0.211400,1.760029,1903,0.810000,0.780000
4LZ2,0.194400,0.249800,0.215900,0.247100,1.760154,968,-2.150000,0.270000
4PV4,0.223400,0.256100,0.229500,0.255900,1.764006,8426,-0.610000,0.020000
5VIA,0.265900,0.294500,0.274000,0.283100,1.764029,2435,-0.810000,1.140000
4HUJ,0.195900,0.243200,0.195600,0.225900,1.766539,3157,0.030000,1.730000
6TCT,0.228300,0.269200,0.241000,0.270900,1.767038,4155,-1.270000,-0.170000
1O4V,0.156000,0.183600,0.165900,0.174200,1.770020,1429,-0.990000,0.940000
2DX6,0.192500,0.253100,0.197000,0.252900,1.778863,2671,-0.450000,0.020000
3JZS,0.191500,0.248200,0.213300,0.242200,1.779426,860,-2.180000,0.600000
4XLG,0.182800,0.228400,0.191000,0.216400,1.780034,3006,-0.820000,1.200000
3D1E,0.231800,0.278200,0.235400,0.285500,1.785766,6205,-0.360000,-0.730000
6QUR,0.212400,0.278000,0.226900,0.278500,1.792291,1632,-1.450000,-0.050000
1WP5,0.168600,0.218200,0.179400,0.228700,1.793334,2952,-1.080000,-1.050000
2OO2,0.231100,0.328200,0.235700,0.321800,1.794654,668,-0.460000,0.640000
1J53,0.205300,0.259700,0.178800,0.215000,1.794693,1641,2.650000,4.470000
2DRY,0.196900,0.292200,0.216500,0.275500,1.795981,2332,-1.960000,1.670000
5WWW,0.171400,0.179300,0.176300,0.170500,1.797950,977,-0.490000,0.880000
2QH9,0.214900,0.268000,0.218900,0.245100,1.798456,2920,-0.400000,2.290000
4RK2,0.183700,0.241100,0.198900,0.237100,1.798967,6760,-1.520000,0.400000
3EUS,0.212300,0.288700,0.224300,0.303900,1.799012,1376,-1.200000,-1.520000
4GAG,0.174400,0.215600,0.185000,0.201700,1.799020,3770,-1.060000,1.390000
6GXS,0.188100,0.225300,0.157900,0.188900,1.799947,12196,3.020000,3.640000
4F0F,0.192800,0.246200,0.204900,0.226500,1.799957,2456,-1.210000,1.970000
1J5W,0.209500,0.244500,0.212600,0.245300,1.800001,4829,-0.310000,-0.080000
2PAV,0.183600,0.237100,0.170000,0.217000,1.800001,4763,1.360000,2.010000
2XVS,0.225800,0.273200,0.181800,0.247800,1.800005,1380,4.400000,2.540000
4ZSF,0.172400,0.213100,0.180400,0.197400,1.800006,2847,-0.800000,1.570000
2CCM,0.176700,0.227200,0.187200,0.234500,1.800007,3811,-1.050000,-0.730000
3KGR,0.186500,0.231900,0.185100,0.240900,1.800008,2843,0.140000,-0.900000
3GLR,0.193400,0.222100,0.203400,0.219900,1.800012,2483,-1.000000,0.220000
1TGS,0.200600,0.248600,0.177200,0.211200,1.800015,2230,2.340000,3.740000
3U1D,0.189200,0.240900,0.200400,0.234800,1.800016,2723,-1.120000,0.610000
3BCI,0.179000,0.234300,0.192900,0.232100,1.800020,1623,-1.390000,0.220000
2VEF,0.221700,0.274200,0.217600,0.264000,1.800020,4794,0.410000,1.020000
1RJD,0.202600,0.231300,0.188300,0.224000,1.800033,8873,1.430000,0.730000
4KVU,0.221200,0.234900,0.226100,0.240700,1.800040,725,-0.490000,-0.580000
2G9W,0.219000,0.257100,0.215200,0.255300,1.800051,2124,0.380000,0.180000
2P38,0.194300,0.242100,0.213800,0.235600,1.800052,2691,-1.950000,0.650000
4DA2,0.229200,0.287100,0.239400,0.269300,1.800057,3844,-1.020000,1.780000
5HRJ,0.194200,0.220000,0.200100,0.228100,1.800059,809,-0.590000,-0.810000
3G6L,0.196200,0.242600,0.197300,0.231300,1.800069,3405,-0.110000,1.130000
6CW5,0.161100,0.209100,0.174400,0.204900,1.800076,2553,-1.330000,0.420000
3FY2,0.170200,0.218800,0.180600,0.212700,1.800126,2595,-1.040000,0.610000
3LS0,0.193400,0.237800,0.182800,0.204200,1.800145,1014,1.060000,3.360000
3ZH5,0.425600,0.435700,0.438600,0.431000,1.800729,2311,-1.300000,0.470000
6UB7,0.191900,0.208200,0.199500,0.210300,1.801869,2211,-0.760000,-0.210000
2EO4,0.172000,0.232500,0.196000,0.228200,1.801961,1371,-2.400000,0.430000
3M91,0.209900,0.235900,0.230700,0.245000,1.802052,1303,-2.080000,-0.910000
2ZUL,0.178100,0.221700,0.182500,0.214600,1.802856,3173,-0.440000,0.710000
3SOL,0.215800,0.265800,0.215800,0.221300,1.804158,808,0.000000,4.450000
2QOS,0.184500,0.242200,0.200000,0.244900,1.805731,1601,-1.550000,-0.270000
5OF9,0.186800,0.213000,0.190700,0.212800,1.806897,9495,-0.390000,0.020000
2GCT,0.196900,0.231200,0.164000,0.198800,1.809783,1907,3.290000,3.240000
4QJ9,0.165500,0.215100,0.167400,0.214400,1.827026,1935,-0.190000,0.070000
7D86,0.195400,0.213700,0.195100,0.196300,1.838036,1535,0.030000,1.740000
7FHR,0.175200,0.226900,0.182600,0.223900,1.839707,3875,-0.740000,0.300000
4CH9,0.178900,0.214100,0.168500,0.201100,1.839999,5096,1.040000,1.300000
6VHT,0.242200,0.297400,0.260000,0.300000,1.841026,2888,-1.780000,-0.260000
3G85,0.172100,0.224200,0.184200,0.217400,1.843307,2331,-1.210000,0.680000
2PJS,0.183300,0.252300,0.203300,0.248800,1.847826,1839,-2.000000,0.350000
5XMZ,0.179400,0.250500,0.209000,0.256000,1.848046,1056,-2.960000,-0.550000
5XVW,0.182500,0.234500,0.193500,0.241900,1.848861,4892,-1.100000,-0.740000
2F2E,0.180700,0.247900,0.194200,0.257600,1.848980,2576,-1.350000,-0.970000
5F46,0.202300,0.271700,0.228400,0.269300,1.849304,2920,-2.610000,0.240000
3NJE,0.195800,0.250400,0.205000,0.246600,1.849700,2865,-0.920000,0.380000
5CWK,0.392200,0.382700,0.400500,0.377300,1.849895,1386,-0.830000,0.540000
3ATQ,0.184100,0.240100,0.201000,0.245300,1.849899,3753,-1.690000,-0.520000
5G23,0.192700,0.228900,0.193400,0.227000,1.850003,6264,-0.070000,0.190000
4PRA,0.306500,0.349200,0.301900,0.334400,1.850003,3626,0.460000,1.480000
3H7O,0.193400,0.232200,0.198300,0.227700,1.850005,3853,-0.490000,0.450000
3VFP,0.486000,0.503800,0.488200,0.506200,1.850008,3711,-0.220000,-0.240000
5ZOO,0.174100,0.189900,0.181600,0.188900,1.850035,3317,-0.750000,0.100000
5TTA,0.210300,0.273100,0.216500,0.275100,1.850061,3785,-0.620000,-0.200000
6SM4,0.179200,0.225600,0.206900,0.228300,1.850089,1359,-2.770000,-0.270000
1BX0,0.200900,0.229800,0.191600,0.229400,1.850417,2638,0.930000,0.040000
3V2X,0.174400,0.212700,0.183900,0.214200,1.850433,1426,-0.950000,-0.150000
2QM7,0.182700,0.221600,0.193000,0.222600,1.854048,5190,-1.030000,-0.100000
2JIG,0.198900,0.235100,0.183800,0.229400,1.854412,3687,1.510000,0.570000
6P2A,0.177700,0.200600,0.162800,0.188400,1.858141,8284,1.490000,1.220000
4UYI,0.183400,0.232200,0.201000,0.209700,1.860002,1071,-1.760000,2.250000
1RJ1,0.192900,0.233000,0.201600,0.229000,1.870259,1228,-0.870000,0.400000
5Z6V,0.173300,0.215800,0.171500,0.208200,1.874019,1313,0.180000,0.760000
3TAX,0.226900,0.245900,0.223800,0.247500,1.875006,12326,0.310000,-0.160000
6PUP,0.214300,0.252000,0.200600,0.261400,1.879211,1424,1.370000,-0.940000
3QDO,0.144900,0.192800,0.150900,0.181200,1.880897,906,-0.600000,1.160000
1DLM,0.226500,0.250000,0.182300,0.210700,1.883898,5085,4.420000,3.930000
1QB5,0.186400,0.225700,0.184300,0.230200,1.885664,3938,0.210000,-0.450000
4OFF,0.199300,0.262300,0.197400,0.254400,1.888218,1112,0.190000,0.790000
6COK,0.197900,0.245400,0.194100,0.249000,1.888497,2358,0.380000,-0.360000
4EVW,0.186600,0.227400,0.194200,0.218200,1.894006,4383,-0.760000,0.920000
2VUN,0.168600,0.200200,0.170000,0.190900,1.894204,12417,-0.140000,0.930000
3M6J,0.183900,0.237800,0.176800,0.214400,1.896299,4785,0.710000,2.340000
5T0M,0.197800,0.251700,0.193700,0.247100,1.896471,4891,0.410000,0.460000
3WAI,0.196600,0.230700,0.202300,0.229800,1.897020,6197,-0.570000,0.090000
4ZHM,0.205500,0.241900,0.228200,0.277500,1.897026,2090,-2.270000,-3.560000
6RFG,0.233300,0.249300,0.223300,0.256400,1.897302,4584,1.000000,-0.710000
1AT0,0.205100,0.293300,0.211200,0.266800,1.897364,1237,-0.610000,2.650000
4TR3,0.216000,0.246200,0.182900,0.220700,1.897382,1555,3.310000,2.550000
4REV,0.212400,0.251500,0.236100,0.250000,1.898098,2132,-2.370000,0.150000
1YMQ,0.175600,0.236100,0.185600,0.218000,1.898398,2207,-1.000000,1.810000
3OAP,0.183800,0.224800,0.201700,0.216500,1.898491,1955,-1.790000,0.830000
1RKG,0.181200,0.246200,0.196600,0.250600,1.898545,2156,-1.540000,-0.440000
6OAE,0.181700,0.234800,0.197600,0.224300,1.898836,1795,-1.590000,1.050000
1K6D,0.187000,0.231400,0.200800,0.236700,1.899683,3470,-1.380000,-0.530000
1H8V,0.205000,0.231600,0.176700,0.223900,1.899692,11228,2.830000,0.770000
1NU2,0.200900,0.289300,0.188500,0.240800,1.899943,1477,1.240000,4.850000
1B9K,0.178700,0.215900,0.162800,0.203000,1.899949,2177,1.590000,1.290000
3UTN,0.171900,0.218900,0.187200,0.219500,1.899974,2784,-1.530000,-0.060000
6EWJ,0.245100,0.288900,0.238600,0.291700,1.899985,13277,0.650000,-0.280000
2CV3,0.195300,0.236800,0.171100,0.214100,1.899995,2208,2.420000,2.270000
1FKM,0.175300,0.218000,0.185200,0.216300,1.900003,2925,-0.990000,0.170000
2JH3,0.202500,0.233500,0.191800,0.231700,1.900003,14998,1.070000,0.180000
5XHW,0.231000,0.275400,0.239300,0.268300,1.900006,1899,-0.830000,0.710000
4AUP,0.238100,0.303000,0.233900,0.303000,1.900007,2198,0.420000,0.000000
2P0U,0.172800,0.210500,0.170000,0.205600,1.900009,6667,0.280000,0.490000
5O6B,0.227700,0.266800,0.229900,0.273300,1.900010,9104,-0.220000,-0.650000
4UDP,0.199400,0.235500,0.195600,0.241500,1.900018,8311,0.380000,-0.600000
2QE9,0.192900,0.238100,0.199300,0.220500,1.900029,3009,-0.640000,1.760000
3E99,0.208100,0.272400,0.198200,0.249300,1.900033,1422,0.990000,2.310000
2BON,0.225900,0.279300,0.268600,0.310600,1.900037,4215,-4.270000,-3.130000
3QKL,0.192500,0.244100,0.200800,0.248400,1.900058,2959,-0.830000,-0.430000
1QMY,0.184000,0.226900,0.194000,0.232700,1.900084,4189,-1.000000,-0.580000
1P4X,0.271900,0.301700,0.251200,0.298800,1.900143,2221,2.070000,0.290000
1XHD,0.169400,0.209900,0.169400,0.198600,1.900155,1516,0.000000,1.130000
5MXY,0.168600,0.202900,0.185500,0.207700,1.900308,773,-1.690000,-0.480000
1UJK,0.194700,0.248600,0.201300,0.232300,1.900332,2705,-0.660000,1.630000
3E7P,0.182300,0.230900,0.184800,0.231500,1.900468,2245,-0.250000,-0.060000
4IDI,0.249900,0.282300,0.242800,0.277200,1.900478,4190,0.710000,0.510000
5GKV,0.168900,0.218400,0.172800,0.202900,1.900732,3120,-0.390000,1.550000
3TCO,0.186500,0.211500,0.184200,0.209200,1.900841,2808,0.230000,0.230000
6D2V,0.181700,0.215500,0.178500,0.214100,1.900905,5456,0.320000,0.140000
5Y9I,0.173800,0.221600,0.163800,0.206000,1.901023,2825,1.000000,1.560000
1QZN,0.195300,0.253900,0.204900,0.246400,1.901173,1382,-0.960000,0.750000
3KOL,0.184700,0.251600,0.195200,0.217200,1.901453,1238,-1.050000,3.440000
4OF8,0.189400,0.226500,0.192900,0.230600,1.902004,7448,-0.350000,-0.410000
4WD1,0.169800,0.201600,0.163200,0.183900,1.903011,5598,0.660000,1.770000
1HN0,0.163200,0.209900,0.160100,0.202100,1.904553,9426,0.310000,0.780000
2GT1,0.200300,0.256600,0.207500,0.243800,1.905254,5322,-0.720000,1.280000
4F27,0.215800,0.274400,0.237300,0.262200,1.916559,2754,-2.150000,1.220000
3IHU,0.241500,0.287800,0.213800,0.273700,1.920022,3411,2.770000,1.410000
4YXP,0.191300,0.242700,0.198700,0.235100,1.920034,4512,-0.740000,0.760000
6IQJ,0.227100,0.278700,0.195100,0.262500,1.921816,2352,3.200000,1.620000
3N9U,0.233000,0.267700,0.234500,0.267500,1.924023,5214,-0.150000,0.020000
6M3Y,0.259900,0.271200,0.257200,0.280000,1.925934,6279,0.270000,-0.880000
1Y08,0.186300,0.229500,0.185000,0.219300,1.928106,2491,0.130000,1.020000
3P1V,0.221000,0.261800,0.208100,0.270400,1.930009,7406,1.290000,-0.860000
5MLK,0.202700,0.237000,0.198700,0.220300,1.938580,6780,0.400000,1.670000
4AOM,0.205300,0.259600,0.183800,0.239700,1.938590,1511,2.150000,1.990000
6PNP,0.207500,0.222300,0.223000,0.228000,1.940062,2656,-1.550000,-0.570000
3U9L,0.198800,0.249600,0.203000,0.239800,1.941693,2355,-0.420000,0.980000
4P3C,0.178700,0.220500,0.159800,0.211900,1.942630,3992,1.890000,0.860000
5OMB,0.207100,0.265400,0.209400,0.259600,1.944037,3915,-0.230000,0.580000
3KWL,0.186500,0.233700,0.185100,0.231200,1.945010,4388,0.140000,0.250000
4ICH,0.196500,0.281700,0.216500,0.272400,1.947004,3372,-2.000000,0.930000
6A0E,0.178600,0.232300,0.179600,0.231900,1.947093,5612,-0.100000,0.040000
6LKG,0.198100,0.243800,0.204000,0.241400,1.947851,8224,-0.590000,0.240000
3H6R,0.168300,0.248000,0.186900,0.243700,1.947933,2666,-1.860000,0.430000
6PEU,0.209900,0.234700,0.203200,0.236500,1.948002,13853,0.670000,-0.180000
3W8W,0.210800,0.245100,0.196300,0.245400,1.949993,7744,1.450000,-0.030000
6GP7,0.229200,0.247300,0.229600,0.247300,1.950004,1120,-0.040000,0.000000
1SOT,0.221300,0.261800,0.232100,0.279000,1.950005,6617,-1.080000,-1.720000
3OEC,0.201100,0.229500,0.184000,0.229700,1.950032,9051,1.710000,-0.020000
4AK1,0.274400,0.303500,0.272800,0.292400,1.950036,5247,0.160000,1.110000
3V4A,0.173400,0.220000,0.177200,0.219200,1.950040,2374,-0.380000,0.080000
1WW9,0.173600,0.210600,0.188400,0.213700,1.950060,3461,-1.480000,-0.310000
2IUC,0.188300,0.243600,0.175600,0.228700,1.950060,5544,1.270000,1.490000
4Q63,0.176200,0.212900,0.196900,0.214500,1.950143,862,-2.070000,-0.160000
3HTV,0.198500,0.265400,0.201500,0.248600,1.950279,2300,-0.300000,1.680000
3MYU,0.208200,0.243900,0.215800,0.249500,1.950503,5761,-0.760000,-0.560000
1FIO,0.252600,0.306300,0.244400,0.283700,1.951112,1708,0.820000,2.260000
3VXN,0.189900,0.220700,0.207100,0.232200,1.952009,3347,-1.720000,-1.150000
3K7M,0.180000,0.226600,0.186700,0.220500,1.952113,4048,-0.670000,0.610000
4HIA,0.178100,0.226300,0.181200,0.230000,1.952271,3150,-0.310000,-0.370000
3GQU,0.323300,0.361100,0.322200,0.342800,1.957053,881,0.110000,1.830000
1BQG,0.216500,0.226800,0.190800,0.221600,1.958299,3178,2.570000,0.520000
1NO4,0.310900,0.367400,0.329600,0.380000,1.963742,2527,-1.870000,-1.260000
7BN2,0.197000,0.219600,0.191600,0.224100,1.969805,6323,0.540000,-0.450000
6FOK,0.217300,0.246200,0.232000,0.252400,1.970004,10757,-1.470000,-0.620000
6ILR,0.226100,0.272100,0.242200,0.266500,1.971972,4720,-1.610000,0.560000
1G1F,0.192500,0.245000,0.186600,0.236000,1.972686,2732,0.590000,0.900000
3UJ6,0.158800,0.203100,0.154300,0.202500,1.973830,2494,0.450000,0.060000
6J17,0.215600,0.255800,0.221400,0.270500,1.975030,2135,-0.580000,-1.470000
5KTK,0.191900,0.235400,0.204500,0.226100,1.975488,3763,-1.260000,0.930000
3GXQ,0.227500,0.276700,0.230300,0.262900,1.980040,1324,-0.280000,1.380000
2F9I,0.258700,0.290000,0.260400,0.287800,1.981854,9270,-0.170000,0.220000
1T74,0.189700,0.250000,0.204500,0.248000,1.988210,2221,-1.480000,0.200000
1APX,0.240700,0.267300,0.195300,0.253300,1.991004,8481,4.540000,1.400000
2XN4,0.211700,0.243000,0.171000,0.227900,1.992976,4897,4.070000,1.510000
2UZ8,0.197100,0.268400,0.203100,0.258900,1.996475,2793,-0.600000,0.950000
3KZP,0.222700,0.279400,0.203400,0.258300,1.996583,4243,1.930000,2.110000
2AE0,0.203200,0.249900,0.211000,0.241400,1.996942,2923,-0.780000,0.850000
4BQK,0.317500,0.330600,0.313200,0.326800,1.997468,7163,0.430000,0.380000
6J72,0.197200,0.239200,0.222000,0.245300,1.998964,4719,-2.480000,-0.610000
1Z05,0.187300,0.245300,0.191000,0.226400,1.998994,3641,-0.370000,1.890000
2OO3,0.178600,0.231300,0.165100,0.209800,1.999022,2381,1.350000,2.150000
1DYK,0.197800,0.239200,0.203200,0.233000,1.999636,3113,-0.540000,0.620000
3VSM,0.153900,0.209700,0.160400,0.204000,1.999962,5699,-0.650000,0.570000
3CGG,0.191900,0.237300,0.176100,0.220500,1.999997,3296,1.580000,1.680000
4MAA,0.163300,0.218300,0.170900,0.214000,2.000001,3090,-0.760000,0.430000
4ZV9,0.218900,0.244600,0.206200,0.240000,2.000003,12803,1.270000,0.460000
3QTA,0.195400,0.216100,0.178600,0.204200,2.000004,3579,1.680000,1.190000
3RBQ,0.193000,0.235600,0.191100,0.229500,2.000005,9360,0.190000,0.610000
4FYU,0.182400,0.231800,0.193800,0.223800,2.000007,3765,-1.140000,0.800000
5WB4,0.228800,0.267400,0.226600,0.273700,2.000012,12043,0.220000,-0.630000
6CGO,0.220900,0.256800,0.221000,0.260000,2.000017,9033,-0.010000,-0.320000
4JPR,0.214100,0.292400,0.230400,0.245500,2.000028,564,-1.630000,4.690000
3ZIE,0.195100,0.244200,0.193100,0.233600,2.000031,4331,0.200000,1.060000
2DOB,0.196100,0.307400,0.205000,0.296700,2.000038,686,-0.890000,1.070000
2CKL,0.219800,0.257600,0.205000,0.236300,2.000038,1691,1.480000,2.130000
3GM5,0.206300,0.280700,0.213000,0.273900,2.000038,1399,-0.670000,0.680000
3ML3,0.184900,0.216900,0.192600,0.220100,2.000050,1236,-0.770000,-0.320000
2I8B,0.196500,0.239700,0.193000,0.232400,2.000059,2253,0.350000,0.730000
3RAZ,0.202400,0.262600,0.227500,0.239400,2.000070,1088,-2.510000,2.320000
5L33,0.194800,0.279900,0.190700,0.257400,2.000070,987,0.410000,2.250000
3FKK,0.175700,0.230800,0.173400,0.201200,2.000075,5137,0.230000,2.960000
1ZEJ,0.189500,0.238800,0.199800,0.227300,2.000079,2406,-1.030000,1.150000
5MLZ,0.220800,0.271500,0.247700,0.271700,2.000085,3071,-2.690000,-0.020000
1BM7,0.183100,0.238100,0.194500,0.234100,2.000117,1896,-1.140000,0.400000
1TE5,0.217000,0.272100,0.212600,0.260200,2.000175,4165,0.440000,1.190000
2GA1,0.191500,0.236100,0.190500,0.237400,2.000214,1838,0.100000,-0.130000
3CU3,0.208000,0.250500,0.164600,0.220500,2.000309,1459,4.340000,3.000000
5U9Z,0.335300,0.356200,0.333700,0.356600,2.001004,6381,0.160000,-0.040000
1CSM,0.224600,0.249800,0.205800,0.241600,2.001227,4275,1.880000,0.820000
2P8J,0.192800,0.232800,0.200900,0.237300,2.001420,3761,-0.810000,-0.450000
2CZV,0.205500,0.253000,0.212200,0.253400,2.001442,5769,-0.670000,-0.040000
6V7M,0.284700,0.349400,0.206700,0.291200,2.001712,1316,7.800000,5.820000
4OH5,0.197200,0.278700,0.211900,0.271400,2.002000,2187,-1.470000,0.730000
1RFX,0.184600,0.208000,0.185500,0.205300,2.002449,2279,-0.090000,0.270000
4JLX,0.196700,0.240600,0.205400,0.239200,2.003626,3058,-0.870000,0.140000
5J4A,0.196300,0.260000,0.209100,0.261400,2.004131,3537,-1.280000,-0.140000
5Z8L,0.201000,0.264500,0.212600,0.251100,2.005004,1784,-1.160000,1.340000
3BJ6,0.175500,0.227500,0.159400,0.210200,2.005860,2983,1.610000,1.730000
1XVS,0.206100,0.244700,0.200700,0.232400,2.009778,2226,0.540000,1.230000
5O51,0.224500,0.270300,0.245600,0.286900,2.010005,2539,-2.110000,-1.660000
1J3P,0.202900,0.259600,0.212600,0.255900,2.020038,3252,-0.970000,0.370000
1A0F,0.180500,0.214300,0.177400,0.201100,2.024354,3444,0.310000,1.320000
4UDA,0.203000,0.233700,0.198800,0.228300,2.030116,2215,0.420000,0.540000
1IDQ,0.168600,0.204200,0.167300,0.202900,2.034380,4938,0.130000,0.130000
2JAC,0.187700,0.268600,0.189200,0.234300,2.035985,940,-0.150000,3.430000
3UZE,0.231100,0.269700,0.220000,0.273100,2.037003,5202,1.110000,-0.340000
3DXI,0.226600,0.252300,0.172400,0.214100,2.041435,5201,5.420000,3.820000
1KDD,0.240700,0.343200,0.281000,0.365400,2.045116,1706,-4.030000,-2.220000
7C7E,0.237100,0.297200,0.241000,0.266500,2.046512,1157,-0.390000,3.070000
3CB5,0.240000,0.271400,0.227500,0.265900,2.048835,7487,1.250000,0.550000
2XGG,0.196500,0.243200,0.216000,0.254300,2.050010,2361,-1.950000,-1.110000
4BVE,0.191200,0.226400,0.168500,0.202500,2.050067,2545,2.270000,2.390000
3LLI,0.233300,0.274900,0.263500,0.284000,2.050071,2178,-3.020000,-0.910000
1DAW,0.220100,0.283700,0.211600,0.269000,2.050077,3051,0.850000,1.470000
4C6R,0.200900,0.242800,0.203100,0.252300,2.050088,5616,-0.220000,-0.950000
3VUQ,0.200200,0.253800,0.210300,0.258900,2.050280,6063,-1.010000,-0.510000
3GR5,0.212000,0.272100,0.227500,0.266800,2.050552,1329,-1.550000,0.530000
1T6A,0.196400,0.266100,0.194300,0.247700,2.052940,1101,0.210000,1.840000
7CG9,0.240400,0.293200,0.243100,0.284400,2.053836,1511,-0.270000,0.880000
3BNK,0.201900,0.236800,0.200300,0.230600,2.054219,3059,0.160000,0.620000
4ZHL,0.217800,0.281600,0.226200,0.278300,2.057270,2080,-0.840000,0.330000
3OOQ,0.196200,0.222100,0.175100,0.215000,2.059855,31584,2.110000,0.710000
1TFR,0.203100,0.266800,0.198300,0.244100,2.060132,2506,0.480000,2.270000
1T76,0.194200,0.271200,0.197700,0.266100,2.066489,2236,-0.350000,0.510000
1C3F,0.228200,0.295500,0.207700,0.290900,2.068051,2270,2.050000,0.460000
2Z1D,0.173100,0.216600,0.162900,0.210600,2.070496,6383,1.020000,0.600000
6TWJ,0.239500,0.280200,0.233800,0.278300,2.072443,6432,0.570000,0.190000
5JZI,0.319000,0.346400,0.307100,0.352300,2.075034,13325,1.190000,-0.590000
5W4J,0.184100,0.258900,0.198800,0.254200,2.080042,789,-1.470000,0.470000
3AMH,0.170400,0.212700,0.173300,0.218900,2.082708,4542,-0.290000,-0.620000
3VHL,0.181500,0.233600,0.191000,0.233200,2.084851,3781,-0.950000,0.040000
6EYS,0.259400,0.287000,0.242700,0.297000,2.090855,15767,1.670000,-1.000000
1DQ3,0.200800,0.258900,0.184000,0.248900,2.091197,4088,1.680000,1.000000
1VR4,0.289000,0.314900,0.211100,0.271100,2.094001,3756,7.790000,4.380000
3G3O,0.200700,0.243900,0.201200,0.227700,2.097846,2564,-0.050000,1.620000
5V8W,0.188300,0.231400,0.193600,0.229800,2.097882,6055,-0.530000,0.160000
4N5X,0.189900,0.239200,0.189900,0.253600,2.098813,1390,0.000000,-1.440000
3C7J,0.200200,0.263400,0.199200,0.255900,2.099008,4037,0.100000,0.750000
3WTQ,0.217800,0.257500,0.224000,0.268100,2.099768,2159,-0.620000,-1.060000
1VK0,0.184100,0.229700,0.192000,0.232500,2.099998,10215,-0.790000,-0.280000
4MG6,0.171800,0.223300,0.168000,0.223100,2.100001,4376,0.380000,0.020000
3DEE,0.244800,0.317000,0.211600,0.292500,2.100003,1735,3.320000,2.450000
1VCE,0.191800,0.233100,0.196700,0.231800,2.100006,4676,-0.490000,0.130000
4C1S,0.210600,0.240700,0.206600,0.237200,2.100033,6437,0.400000,0.350000
5JI5,0.205400,0.259200,0.185100,0.243100,2.100034,2497,2.030000,1.610000
2WP1,0.215100,0.231200,0.221700,0.248800,2.100049,2247,-0.660000,-1.760000
4BU1,0.317900,0.358000,0.311400,0.372300,2.100054,3613,0.650000,-1.430000
2R5F,0.189900,0.227200,0.192200,0.231800,2.100055,1763,-0.230000,-0.460000
2QSV,0.186100,0.228800,0.191800,0.233900,2.100075,1937,-0.570000,-0.510000
4L92,0.182100,0.224000,0.184400,0.222400,2.100077,6959,-0.230000,0.160000
3FVV,0.209400,0.239500,0.189800,0.226100,2.100114,3641,1.960000,1.340000
3E8S,0.164600,0.198000,0.170700,0.192400,2.100117,2000,-0.610000,0.560000
3ZH9,0.224000,0.259800,0.240300,0.275300,2.100129,2908,-1.630000,-1.550000
3QVJ,0.194800,0.232000,0.190700,0.216100,2.100161,3719,0.410000,1.590000
3AJW,0.304000,0.374000,0.313400,0.377600,2.100184,1265,-0.940000,-0.360000
3AX3,0.220300,0.292600,0.245000,0.286100,2.100295,2488,-2.470000,0.650000
4NPJ,0.235000,0.275800,0.260700,0.291000,2.100528,4797,-2.570000,-1.520000
3DIW,0.243800,0.306300,0.221500,0.287400,2.100704,2002,2.230000,1.890000
1GYJ,0.221700,0.274100,0.213500,0.284900,2.101841,1351,0.820000,-1.080000
3JST,0.190700,0.228400,0.172000,0.194100,2.101960,1728,1.870000,3.430000
3L6F,0.196700,0.243300,0.208500,0.247200,2.102096,3340,-1.180000,-0.390000
2NN4,0.226800,0.284900,0.222900,0.278900,2.102617,1637,0.390000,0.600000
5E15,0.216100,0.249300,0.212000,0.250400,2.102812,3875,0.410000,-0.110000
3M1G,0.186700,0.212900,0.179400,0.199800,2.103159,8134,0.730000,1.310000
1JAD,0.267800,0.301100,0.253100,0.318400,2.103641,4154,1.470000,-1.730000
1TVL,0.186500,0.233400,0.200600,0.227100,2.103770,3299,-1.410000,0.630000
5TDY,0.206600,0.263400,0.181900,0.243900,2.104842,2263,2.470000,1.950000
7K2C,0.247300,0.288700,0.246200,0.286400,2.106962,4502,0.110000,0.230000
6U2D,0.225100,0.269100,0.235500,0.268300,2.109546,2316,-1.040000,0.080000
4D51,0.254000,0.289200,0.273100,0.288100,2.110018,2658,-1.910000,0.110000
3X0X,0.190800,0.228200,0.198500,0.249800,2.114062,25802,-0.770000,-2.160000
1A46,0.168700,0.213400,0.149000,0.188600,2.128069,2503,1.970000,2.480000
3JSB,0.200500,0.248200,0.211000,0.245500,2.130021,3259,-1.050000,0.270000
4FUV,0.219500,0.292900,0.240000,0.290400,2.144392,1859,-2.050000,0.250000
2PQN,0.203400,0.233900,0.214300,0.227500,2.147261,1231,-1.090000,0.640000
3TVA,0.181100,0.212300,0.175600,0.202000,2.148162,5060,0.550000,1.030000
1I3A,0.231200,0.275400,0.196300,0.268600,2.149450,1707,3.490000,0.680000
3CSV,0.180500,0.207900,0.175600,0.205600,2.150032,2807,0.490000,0.230000
1OSC,0.191500,0.250800,0.207900,0.243100,2.150035,5495,-1.640000,0.770000
3CY3,0.190200,0.226500,0.184600,0.233300,2.150056,2509,0.560000,-0.680000
1ANU,0.175000,0.218700,0.173200,0.212400,2.150230,1067,0.180000,0.630000
6EC7,0.220200,0.262200,0.234400,0.271300,2.151002,6480,-1.420000,-0.910000
4CGB,0.227300,0.276200,0.214500,0.262100,2.154159,2083,1.280000,1.410000
2QYA,0.238300,0.283100,0.231300,0.296100,2.170056,3630,0.700000,-1.300000
2QCO,0.223300,0.283900,0.227700,0.267800,2.173924,1686,-0.440000,1.610000
4WAL,0.177800,0.213200,0.186700,0.243600,2.178206,1248,-0.890000,-3.040000
7F9K,0.198900,0.279700,0.209600,0.287300,2.180016,1191,-1.070000,-0.760000
3I38,0.242300,0.299200,0.234100,0.276500,2.193238,9501,0.820000,2.270000
4WWM,0.216100,0.266300,0.216400,0.267800,2.196848,1424,-0.030000,-0.150000
6ZH1,0.247300,0.322600,0.236600,0.310900,2.199020,2543,1.070000,1.170000
1WV8,0.232900,0.339900,0.242000,0.331200,2.199249,579,-0.910000,0.870000
5N8R,0.207700,0.226800,0.197800,0.236900,2.199505,14846,0.990000,-1.010000
1WTY,0.218400,0.247000,0.215800,0.246600,2.199907,3939,0.260000,0.040000
6EUS,0.251200,0.280800,0.236700,0.278800,2.200002,16600,1.450000,0.200000
3KKE,0.201300,0.252200,0.207000,0.254000,2.200003,8251,-0.570000,-0.180000
4X3E,0.205700,0.232400,0.187400,0.222600,2.200005,3147,1.830000,0.980000
2NTX,0.231300,0.282000,0.225900,0.258600,2.200005,4849,0.540000,2.340000
3TZY,0.214300,0.247100,0.222100,0.246200,2.200005,7427,-0.780000,0.090000
6PSK,0.224600,0.273800,0.234300,0.269800,2.200016,1891,-0.970000,0.400000
1YK3,0.216700,0.261300,0.210100,0.259200,2.200020,13515,0.660000,0.210000
1VLM,0.231000,0.269900,0.208500,0.259200,2.200026,3370,2.250000,1.070000
3NA7,0.241200,0.295300,0.263600,0.298900,2.200027,1994,-2.240000,-0.360000
4G3H,0.191100,0.239600,0.193200,0.244300,2.200029,10439,-0.210000,-0.470000
3W3W,0.255000,0.284500,0.257400,0.282300,2.200033,8039,-0.240000,0.220000
2IJE,0.202200,0.228200,0.192900,0.228200,2.200036,2103,0.930000,0.000000
4JGX,0.190400,0.235800,0.202000,0.240100,2.200037,2020,-1.160000,-0.430000
3NO8,0.199000,0.261900,0.206400,0.252100,2.200039,2514,-0.740000,0.980000
2A25,0.228200,0.348700,0.228500,0.287800,2.200046,1320,-0.030000,6.090000
5Q1H,0.199200,0.233800,0.207400,0.248800,2.200047,8281,-0.820000,-1.500000
2F8L,0.184900,0.215400,0.188900,0.208700,2.200051,2767,-0.400000,0.670000
3N74,0.202800,0.225200,0.173400,0.217800,2.200057,7154,2.940000,0.740000
3T9O,0.198200,0.204800,0.197600,0.222100,2.200096,1905,0.060000,-1.730000
3GUV,0.239600,0.283200,0.243200,0.273500,2.200450,1173,-0.360000,0.970000
3QC1,0.237300,0.289800,0.255600,0.298200,2.200494,1585,-1.830000,-0.840000
3DJN,0.204800,0.257400,0.187500,0.244500,2.200570,1021,1.730000,1.290000
3JWH,0.215400,0.280400,0.229700,0.273700,2.202012,3188,-1.430000,0.670000
3UVO,0.218400,0.282900,0.225700,0.304300,2.202578,2438,-0.730000,-2.140000
6J7Y,0.202000,0.254100,0.215600,0.247000,2.202589,2665,-1.360000,0.710000
1ETE,0.244000,0.304600,0.242800,0.319400,2.203287,4494,0.120000,-1.480000
3V70,0.214700,0.254800,0.211800,0.266100,2.206465,3292,0.290000,-1.130000
7DQG,0.200500,0.243800,0.208700,0.242500,2.208967,1435,-0.820000,0.130000
5LEA,0.262200,0.308100,0.260500,0.321600,2.209413,2424,0.170000,-1.350000
4UCI,0.188100,0.219600,0.198300,0.210200,2.210001,6525,-1.020000,0.940000
5CX2,0.292900,0.353800,0.267100,0.374200,2.210030,1696,2.580000,-2.040000
1Y8Q,0.202600,0.223200,0.193100,0.226800,2.217328,13817,0.950000,-0.360000
4EOY,0.248700,0.285800,0.218300,0.296100,2.222293,3648,3.040000,-1.030000
2EXU,0.177900,0.249000,0.196100,0.233300,2.225396,1628,-1.820000,1.570000
2FFF,0.206200,0.256100,0.191600,0.247800,2.225953,3849,1.460000,0.830000
6FX6,0.216500,0.269100,0.213100,0.261400,2.228005,1953,0.340000,0.770000
2Q1Z,0.373100,0.438800,0.273100,0.356500,2.239024,10368,10.000000,8.230000
5DRM,0.182000,0.224400,0.177300,0.220100,2.240542,4199,0.470000,0.430000
4Q13,0.229600,0.279100,0.218700,0.281700,2.241193,3784,1.090000,-0.260000
2XPL,0.208000,0.295800,0.221800,0.307100,2.248756,2324,-1.380000,-1.130000
2P62,0.195900,0.245200,0.209500,0.236700,2.249991,4019,-1.360000,0.850000
4RHO,0.259200,0.295500,0.237800,0.304500,2.250007,4082,2.140000,-0.900000
2C90,0.252100,0.278800,0.227600,0.289300,2.250094,2646,2.450000,-1.050000
1IKN,0.229500,0.271800,0.230500,0.285800,2.250901,4979,-0.100000,-1.400000
3HBC,0.187000,0.241000,0.194600,0.253000,2.269217,2650,-0.760000,-1.200000
1JN9,0.198200,0.232900,0.176000,0.225700,2.270042,4526,2.220000,0.720000
6OHI,0.216400,0.244700,0.211300,0.247000,2.272001,2960,0.510000,-0.230000
1A7V,0.247700,0.329600,0.149500,0.234400,2.272762,2123,9.820000,9.520000
5DI9,0.211300,0.245700,0.205200,0.248000,2.278605,11370,0.610000,-0.230000
1OC0,0.205400,0.275600,0.196100,0.241700,2.280005,3324,0.930000,3.390000
4EWI,0.207400,0.271000,0.221200,0.273600,2.280053,1650,-1.380000,-0.260000
5A0T,0.179600,0.215300,0.182600,0.216300,2.282618,7742,-0.300000,-0.100000
1WU2,0.214800,0.265800,0.200800,0.256400,2.283683,6401,1.400000,0.940000
4RIS,0.192200,0.222700,0.180800,0.224400,2.284132,3694,1.140000,-0.170000
2I7H,0.188500,0.218500,0.164600,0.217000,2.288015,10972,2.390000,0.150000
4QXA,0.197300,0.257300,0.205900,0.247500,2.292019,2696,-0.860000,0.980000
1YRX,0.233300,0.287200,0.262300,0.303400,2.294037,2962,-2.900000,-1.620000
6VD8,0.237400,0.277100,0.223400,0.259500,2.295029,1259,1.400000,1.760000
3H1T,0.214500,0.251900,0.210300,0.259200,2.296760,4519,0.420000,-0.730000
2FQM,0.231400,0.283800,0.249700,0.298200,2.298056,3277,-1.830000,-1.440000
3BSD,0.221300,0.273200,0.218600,0.302300,2.298702,3481,0.270000,-2.910000
5TJA,0.241000,0.317500,0.244200,0.320200,2.299038,1629,-0.320000,-0.270000
2B7O,0.176300,0.219000,0.185600,0.220200,2.299122,7329,-0.930000,-0.120000
1Q15,0.195600,0.239000,0.188800,0.233800,2.299922,15613,0.680000,0.520000
4PFS,0.203500,0.271800,0.191500,0.268300,2.299984,3708,1.200000,0.350000
6RFT,0.252300,0.273300,0.222200,0.286800,2.299988,20077,3.010000,-1.350000
4R10,0.181200,0.213100,0.187300,0.207500,2.299991,4653,-0.610000,0.560000
6ELU,0.201700,0.232600,0.204700,0.245100,2.299996,19153,-0.300000,-1.250000
6IR8,0.219600,0.261400,0.218300,0.265900,2.300010,1257,0.130000,-0.450000
5O4Y,0.254800,0.296800,0.242100,0.311300,2.300016,3210,1.270000,-1.450000
1OBR,0.180900,0.188600,0.140100,0.163500,2.300017,2709,4.080000,2.510000
5UV4,0.199900,0.250600,0.205400,0.230800,2.300025,2277,-0.550000,1.980000
5H5Y,0.212300,0.266900,0.226000,0.267300,2.300037,4776,-1.370000,-0.040000
4PQZ,0.223800,0.259400,0.249700,0.266400,2.300042,1173,-2.590000,-0.700000
1BIA,0.194800,0.250000,0.179200,0.249100,2.300049,2244,1.560000,0.090000
2Y9W,0.219600,0.240900,0.195500,0.249000,2.300059,8962,2.410000,-0.810000
2D0T,0.192100,0.228300,0.192500,0.240100,2.300066,6218,-0.040000,-1.180000
1AM7,0.190900,0.237700,0.154900,0.204500,2.300067,3816,3.600000,3.320000
6JC4,0.203000,0.258500,0.184000,0.225900,2.300078,6715,1.900000,3.260000
1AK5,0.225700,0.218400,0.192800,0.208200,2.300098,2582,3.290000,1.020000
2GD9,0.230500,0.265200,0.207900,0.249700,2.300228,3026,2.260000,1.550000
2VZB,0.188300,0.233800,0.179700,0.232100,2.300266,5830,0.860000,0.170000
6JZA,0.197300,0.282600,0.210300,0.265800,2.300281,652,-1.300000,1.680000
2Z7E,0.203500,0.271600,0.216600,0.276900,2.300671,3273,-1.310000,-0.530000
3PPU,0.181600,0.215100,0.183000,0.214900,2.301516,5264,-0.140000,0.020000
1RZN,0.197700,0.219600,0.205600,0.223500,2.301586,2607,-0.790000,-0.390000
3HTK,0.252600,0.284200,0.268200,0.299300,2.305730,3222,-1.560000,-1.510000
6LJ9,0.210600,0.265700,0.198700,0.261900,2.306523,4429,1.190000,0.380000
2GA9,0.211100,0.268200,0.200400,0.261500,2.306743,6333,1.070000,0.670000
3UNG,0.236900,0.296000,0.254300,0.316600,2.309640,4534,-1.740000,-2.060000
2P8Q,0.221800,0.256500,0.210400,0.257500,2.313724,7471,1.140000,-0.100000
3CQO,0.183800,0.225900,0.175300,0.212300,2.320756,7315,0.850000,1.360000
3VU6,0.221800,0.298200,0.227400,0.305100,2.324472,588,-0.560000,-0.690000
5DAY,0.220100,0.313100,0.243300,0.304200,2.329002,2945,-2.320000,0.890000
2QKL,0.212700,0.274500,0.223700,0.265900,2.330042,1812,-1.100000,0.860000
3T0Q,0.212500,0.260000,0.218300,0.274000,2.341774,2441,-0.580000,-1.400000
4J2N,0.282100,0.356600,0.292400,0.360800,2.347622,2301,-1.030000,-0.420000
5C5V,0.195700,0.230400,0.204700,0.225600,2.347882,5766,-0.900000,0.480000
5I47,0.260000,0.311400,0.257800,0.325900,2.349610,3921,0.220000,-1.450000
1A4E,0.155900,0.187700,0.144100,0.175800,2.350540,16879,1.180000,1.190000
6I1J,0.281200,0.324900,0.347400,0.548600,2.350752,233,-6.620000,-22.370000
3IO5,0.222000,0.282500,0.221900,0.266400,2.350814,4287,0.010000,1.610000
3EC1,0.223900,0.270400,0.238100,0.284300,2.352630,5245,-1.420000,-1.390000
3RST,0.190900,0.244500,0.203300,0.241800,2.366721,13957,-1.240000,0.270000
5TLD,0.224000,0.252300,0.202100,0.262300,2.373732,3897,2.190000,-1.000000
3W6K,0.216200,0.266500,0.241400,0.267200,2.373794,2860,-2.520000,-0.070000
1QJV,0.183000,0.234400,0.160600,0.224800,2.377253,5846,2.240000,0.960000
7F7G,0.251800,0.268100,0.222500,0.280900,2.389888,3408,2.930000,-1.280000
2P1L,0.220000,0.269100,0.230600,0.272300,2.391001,5300,-1.060000,-0.320000
6JJW,0.225700,0.275900,0.222200,0.277700,2.393315,960,0.350000,-0.180000
6DWX,0.168200,0.222100,0.172600,0.210200,2.394943,3966,-0.440000,1.190000
2B5E,0.212300,0.261900,0.230000,0.269900,2.398087,3975,-1.770000,-0.800000
2Z1Z,0.203600,0.234500,0.192000,0.243800,2.398485,6550,1.160000,-0.930000
5UQP,0.182900,0.234500,0.204300,0.248500,2.398661,1849,-2.140000,-1.400000
2Q3Y,0.179300,0.227700,0.185200,0.231400,2.399281,2196,-0.590000,-0.370000
4EX5,0.203800,0.218600,0.192200,0.220700,2.399980,8090,1.160000,-0.210000
6HR7,0.210700,0.261500,0.213300,0.275400,2.400000,6160,-0.260000,-1.390000
6CQL,0.219500,0.246200,0.215700,0.257900,2.400001,7018,0.380000,-1.170000
4ALY,0.233700,0.262000,0.223900,0.258100,2.400006,3370,0.980000,0.390000
4FC4,0.215600,0.231700,0.210200,0.240800,2.400013,19016,0.540000,-0.910000
1D9E,0.192000,0.222800,0.197100,0.226400,2.400020,8618,-0.510000,-0.360000
3IC8,0.223200,0.262100,0.200000,0.252800,2.400036,8579,2.320000,0.930000
7KQ0,0.224400,0.304700,0.237400,0.296700,2.400066,6086,-1.300000,0.800000
1OY5,0.278600,0.346200,0.278600,0.325800,2.400091,5379,0.000000,2.040000
6F1S,0.169000,0.222100,0.184600,0.192500,2.400097,1183,-1.560000,2.960000
3B23,0.208400,0.256700,0.215800,0.269400,2.400099,2515,-0.740000,-1.270000
2AP2,0.225600,0.278500,0.208500,0.266800,2.400123,3954,1.710000,1.170000
3R6B,0.238000,0.275300,0.233900,0.256900,2.400189,981,0.410000,1.840000
3E8V,0.215000,0.266600,0.220200,0.212500,2.400430,606,-0.520000,5.410000
2OWQ,0.255100,0.314500,0.233300,0.287300,2.400581,3725,2.180000,2.720000
2F9Z,0.199500,0.263500,0.208800,0.306100,2.401122,5552,-0.930000,-4.260000
4GMV,0.254000,0.294100,0.227900,0.300000,2.402827,4458,2.610000,-0.590000
7JN9,0.252300,0.304200,0.220500,0.297500,2.403713,1674,3.180000,0.670000
5GOX,0.255700,0.316300,0.260500,0.319000,2.405085,2980,-0.480000,-0.270000
6WT6,0.295700,0.336700,0.275400,0.341600,2.405941,2531,2.030000,-0.490000
3KXR,0.201800,0.257800,0.202100,0.235800,2.413830,1396,-0.030000,2.200000
6GBQ,0.248300,0.313500,0.248300,0.307000,2.429864,4006,0.000000,0.650000
3E98,0.220900,0.283300,0.216400,0.269000,2.430022,2791,0.450000,1.430000
3CAX,0.196600,0.210900,0.204700,0.207500,2.432614,3034,-0.810000,0.340000
3OFJ,0.248000,0.296900,0.213500,0.290200,2.434069,1344,3.450000,0.670000
1JAC,0.199000,0.255300,0.166000,0.229700,2.438061,4955,3.300000,2.560000
4PSI,0.253700,0.282300,0.237100,0.307400,2.450007,2142,1.660000,-2.510000
4FIX,0.218200,0.252300,0.217100,0.252400,2.450655,10408,0.110000,-0.010000
1OQE,0.249500,0.261500,0.217500,0.245900,2.453912,13240,3.200000,1.560000
6VHI,0.221000,0.238500,0.204000,0.232400,2.458940,840,1.700000,0.610000
6K6R,0.220400,0.239900,0.204000,0.255200,2.470881,2017,1.640000,-1.530000
6S2P,0.284800,0.388600,0.292900,0.368600,2.475763,2081,-0.810000,2.000000
5T1L,0.185900,0.242600,0.172100,0.234600,2.480028,7401,1.380000,0.800000
1R3U,0.197200,0.258600,0.180400,0.245300,2.483102,2953,1.680000,1.330000
6DT7,0.217800,0.258100,0.222700,0.263400,2.484139,5638,-0.490000,-0.530000
2NLY,0.224100,0.278800,0.218500,0.259900,2.485034,1684,0.560000,1.890000
6ANW,0.239000,0.254000,0.236100,0.260800,2.486031,2305,0.290000,-0.680000
1X1Q,0.214000,0.253900,0.183800,0.245400,2.489373,5984,3.020000,0.850000
6LZ4,0.266100,0.307600,0.259700,0.314200,2.492011,5175,0.640000,-0.660000
5CFF,0.242700,0.291900,0.250800,0.294800,2.492871,4632,-0.810000,-0.290000
3TU7,0.198700,0.243500,0.163800,0.225000,2.494743,2414,3.490000,1.850000
3SF5,0.180500,0.230800,0.171300,0.234000,2.495086,8053,0.920000,-0.320000
3P86,0.208700,0.239400,0.216000,0.243000,2.495321,4034,-0.730000,-0.360000
1VDD,0.245400,0.310100,0.234300,0.300100,2.495882,6126,1.110000,1.000000
3KFW,0.266500,0.340300,0.249200,0.313000,2.496041,1794,1.730000,2.730000
1UEF,0.271800,0.318400,0.237200,0.342100,2.497232,1836,3.460000,-2.370000
5WX8,0.257600,0.315300,0.222300,0.300900,2.499665,5634,3.530000,1.440000
4NWZ,0.258000,0.282600,0.251400,0.293500,2.500007,12454,0.660000,-1.090000
2YGK,0.258100,0.292800,0.241000,0.304600,2.500012,5250,1.710000,-1.180000
3H6E,0.207100,0.283200,0.204500,0.265900,2.500013,7469,0.260000,1.730000
3VYN,0.218800,0.257200,0.187500,0.237900,2.500014,5555,3.130000,1.930000
5LTD,0.240200,0.275000,0.232800,0.294900,2.500026,4888,0.740000,-1.990000
5LU2,0.247500,0.286300,0.230500,0.299800,2.500029,3880,1.700000,-1.350000
5OU8,0.239200,0.290700,0.222000,0.277200,2.500032,3114,1.720000,1.350000
2IVM,0.300400,0.309600,0.303400,0.303800,2.500035,2278,-0.300000,0.580000
7K3J,0.230300,0.259000,0.248900,0.289100,2.500048,4519,-1.860000,-3.010000
5XRW,0.236400,0.262000,0.203200,0.254700,2.500056,2486,3.320000,0.730000
6PJQ,0.286500,0.402800,0.266900,0.389400,2.500062,1424,1.960000,1.340000
1FSI,0.212800,0.242300,0.215200,0.252700,2.500125,4413,-0.240000,-1.040000
4ME9,0.225200,0.249300,0.203300,0.251700,2.500178,3058,2.190000,-0.240000
3LOC,0.247900,0.261100,0.212100,0.246400,2.500386,6366,3.580000,1.470000
1HNO,0.175200,0.208100,0.175200,0.209900,2.500386,2165,0.000000,-0.180000
1Y7O,0.217500,0.249200,0.188200,0.245800,2.500453,9601,2.930000,0.340000
1F97,0.196700,0.234000,0.143300,0.182100,2.500748,1637,5.340000,5.190000
1PJR,0.192800,0.234500,0.188400,0.226900,2.500937,5278,0.440000,0.760000
3MML,0.187800,0.217900,0.182200,0.220800,2.501158,15919,0.560000,-0.290000
4L7Z,0.210000,0.229900,0.185600,0.228300,2.501610,16961,2.440000,0.160000
1OMW,0.278600,0.327100,0.227500,0.291100,2.501853,8151,5.110000,3.600000
3TSZ,0.253500,0.307200,0.221400,0.302600,2.502024,2849,3.210000,0.460000
1Y98,0.223800,0.250100,0.230700,0.254400,2.502342,1840,-0.690000,-0.430000
2NVN,0.218400,0.268100,0.212000,0.245200,2.502891,987,0.640000,2.290000
6HFG,0.249000,0.270800,0.258900,0.275900,2.503104,899,-0.990000,-0.510000
1O5T,0.232600,0.283200,0.235400,0.289600,2.503524,3163,-0.280000,-0.640000
4OIL,0.192400,0.255800,0.200000,0.260600,2.504745,2072,-0.760000,-0.480000
3N39,0.231200,0.281800,0.206900,0.279500,2.504823,6680,2.430000,0.230000
4O92,0.225900,0.295300,0.227200,0.286400,2.508673,1538,-0.130000,0.890000
5GHR,0.229900,0.259000,0.219600,0.261600,2.509007,7174,1.030000,-0.260000
2ZIU,0.240000,0.276400,0.235800,0.287700,2.511469,4296,0.420000,-1.130000
4ZUT,0.220500,0.256500,0.231800,0.251400,2.512019,3197,-1.130000,0.510000
6RPT,0.288300,0.308100,0.256800,0.304400,2.517931,4658,3.150000,0.370000
4B18,0.194500,0.249800,0.210500,0.253800,2.519944,3464,-1.600000,-0.400000
4UW7,0.240200,0.267000,0.231200,0.282000,2.520001,6271,0.900000,-1.500000
5D5H,0.221900,0.250600,0.212900,0.256900,2.520025,5453,0.900000,-0.630000
6R6T,0.225100,0.279000,0.218700,0.279900,2.534542,6998,0.640000,-0.090000
2B3X,0.187000,0.229900,0.168200,0.236700,2.540323,7109,1.880000,-0.680000
5J9K,0.241300,0.283100,0.240800,0.310800,2.550018,3640,0.050000,-2.770000
6L9F,0.228400,0.287600,0.204200,0.263200,2.554628,3847,2.420000,2.440000
5IAW,0.214500,0.253900,0.204500,0.267300,2.580052,4000,1.000000,-1.340000
1TML,0.159300,0.195500,0.115600,0.176700,2.582427,2218,4.370000,1.880000
2AG0,0.212600,0.244500,0.196500,0.245900,2.583379,16902,1.610000,-0.140000
1UTB,0.216800,0.247600,0.216400,0.241100,2.587790,3598,0.040000,0.650000
1ZJ8,0.263200,0.290700,0.233600,0.303600,2.589994,8798,2.960000,-1.290000
2E1M,0.233700,0.301900,0.225000,0.299400,2.593267,4807,0.870000,0.250000
3WIM,0.231700,0.273700,0.191200,0.255300,2.593392,1099,4.050000,1.840000
3FVE,0.228500,0.267500,0.222300,0.273700,2.593823,2061,0.620000,-0.620000
5U6K,0.280300,0.306100,0.285300,0.318500,2.594510,11899,-0.500000,-1.240000
6M20,0.257600,0.297000,0.248900,0.294700,2.595396,15304,0.870000,0.230000
5SVE,0.235500,0.267000,0.211900,0.272700,2.596018,4339,2.360000,-0.570000
3MKR,0.210400,0.233800,0.210800,0.239700,2.597412,4908,-0.040000,-0.590000
3A58,0.214700,0.259800,0.219100,0.264800,2.597802,8792,-0.440000,-0.500000
4H9D,0.229000,0.288700,0.221700,0.294400,2.598890,2245,0.730000,-0.570000
4HJW,0.197300,0.218400,0.190900,0.226800,2.599973,8976,0.640000,-0.840000
1GQ9,0.237500,0.272000,0.192100,0.280500,2.600001,3990,4.540000,-0.850000
2XPI,0.227700,0.276900,0.216600,0.283900,2.600004,8679,1.110000,-0.700000
5ETA,0.245800,0.278200,0.224200,0.267400,2.600006,5685,2.160000,1.080000
1P16,0.198800,0.250400,0.187800,0.254100,2.600012,7016,1.100000,-0.370000
5CVR,0.224500,0.256700,0.220500,0.269700,2.600036,1626,0.400000,-1.300000
4CSO,0.220500,0.271400,0.185900,0.275500,2.600044,6948,3.460000,-0.410000
3VXU,0.345500,0.360300,0.312100,0.373100,2.600070,13256,3.340000,-1.280000
5EBB,0.294800,0.335100,0.265100,0.327500,2.600093,10414,2.970000,0.760000
3DOH,0.215100,0.239400,0.195900,0.253500,2.600097,6188,1.920000,-1.410000
5VQG,0.297600,0.330700,0.265800,0.311900,2.600104,1629,3.180000,1.880000
1BYW,0.227200,0.314700,0.217000,0.267200,2.600198,841,1.020000,4.750000
2ACJ,0.238800,0.289000,0.239900,0.286200,2.600296,2579,-0.110000,0.280000
2FH9,0.246900,0.297400,0.242800,0.304300,2.601253,2162,0.410000,-0.690000
1S1C,0.221900,0.294400,0.200000,0.285100,2.602965,4072,2.190000,0.930000
4QQR,0.208300,0.278000,0.205100,0.257900,2.602990,4352,0.320000,2.010000
6Z3U,0.373100,0.389400,0.341200,0.388400,2.604033,11398,3.190000,0.100000
7DUF,0.231300,0.267500,0.236100,0.263300,2.605150,847,-0.480000,0.420000
3R0Q,0.277900,0.320100,0.254400,0.340100,2.606486,11025,2.350000,-2.000000
5OXW,0.229600,0.279800,0.189200,0.244700,2.610079,2845,4.040000,3.510000
6U75,0.253800,0.265400,0.222300,0.258200,2.631794,4237,3.150000,0.720000
6QAJ,0.423200,0.444500,0.378900,0.447200,2.631951,6963,4.430000,-0.270000
3U66,0.228100,0.299600,0.207800,0.302400,2.632760,1325,2.030000,-0.280000
3UN9,0.222900,0.274500,0.223100,0.291600,2.650017,6679,-0.020000,-1.710000
4MJG,0.245300,0.263900,0.214700,0.270200,2.650048,2742,3.060000,-0.630000
6N5U,0.242700,0.282400,0.219100,0.282900,2.660577,3952,2.360000,-0.050000
4WIP,0.329700,0.395700,0.304600,0.364900,2.691123,1994,2.510000,3.080000
3SUZ,0.240500,0.289100,0.257500,0.313400,2.693661,2185,-1.700000,-2.430000
3THF,0.237600,0.259000,0.246300,0.275800,2.695052,2749,-0.870000,-1.680000
3KG6,0.216700,0.264700,0.206800,0.258600,2.696005,8859,0.990000,0.610000
6A57,0.223200,0.276300,0.210900,0.259300,2.698095,1746,1.230000,1.700000
4E8U,0.253700,0.278800,0.260500,0.280900,2.699338,2660,-0.680000,-0.210000
4HKA,0.208800,0.246800,0.219300,0.243500,2.699767,2940,-1.050000,0.330000
5ME9,0.227300,0.259200,0.212600,0.262300,2.700001,9216,1.470000,-0.310000
6XZ6,0.238600,0.246100,0.205800,0.239500,2.700024,4371,3.280000,0.660000
5C7F,0.249900,0.270600,0.237100,0.283200,2.700048,6841,1.280000,-1.260000
3OCB,0.217700,0.244600,0.195800,0.247600,2.700051,5519,2.190000,-0.300000
6R0L,0.279700,0.277100,0.195700,0.321100,2.700563,1376,8.400000,-4.400000
2IO7,0.229500,0.262000,0.190200,0.264200,2.701319,9983,3.930000,-0.220000
7CFD,0.268100,0.307200,0.246900,0.320300,2.703675,12199,2.120000,-1.310000
1CI0,0.227800,0.276900,0.208700,0.280700,2.703708,3441,1.910000,-0.380000
5JTA,0.225100,0.252200,0.215100,0.241300,2.717681,4400,1.000000,1.090000
6VPT,0.241800,0.258800,0.211100,0.277300,2.718242,3789,3.070000,-1.850000
5K6S,0.209800,0.241800,0.208500,0.230700,2.718681,2783,0.130000,1.110000
5J0A,0.215800,0.242200,0.218800,0.251800,2.739012,4975,-0.300000,-0.960000
3AQG,0.232500,0.290700,0.203800,0.307900,2.744165,2192,2.870000,-1.720000
5DA1,0.227000,0.280700,0.230900,0.305700,2.750053,3400,-0.390000,-2.500000
2BTY,0.221100,0.254500,0.213100,0.251200,2.750067,6503,0.800000,0.330000
6YFV,0.245200,0.289400,0.240000,0.303600,2.750181,4599,0.520000,-1.420000
6SXW,0.259300,0.316600,0.276500,0.318600,2.750638,570,-1.720000,-0.200000
3AV4,0.244700,0.299400,0.234900,0.295000,2.752139,9156,0.980000,0.440000
4GKN,0.260200,0.282400,0.234600,0.290900,2.753132,6422,2.560000,-0.850000
5WJQ,0.247200,0.295400,0.210600,0.301100,2.793988,3350,3.660000,-0.570000
2A3V,0.226000,0.267700,0.209100,0.262900,2.798933,13236,1.690000,0.480000
3BVQ,0.230900,0.277200,0.239600,0.274200,2.799061,5160,-0.870000,0.300000
6AGI,0.266800,0.291900,0.220400,0.278500,2.799413,5061,4.640000,1.340000
6I1R,0.252100,0.281500,0.213800,0.256900,2.799924,4897,3.830000,2.460000
1AQ3,0.505800,0.520000,0.510500,0.533400,2.800000,3702,-0.470000,-1.340000
5I9E,0.313800,0.334600,0.296400,0.362400,2.800000,12666,1.740000,-2.780000
1HTN,0.187200,0.214200,0.157000,0.199500,2.800026,1250,3.020000,1.470000
5XUQ,0.218100,0.267800,0.175100,0.259200,2.800031,1959,4.300000,0.860000
1W8A,0.213200,0.267200,0.173800,0.218700,2.800037,1470,3.940000,4.850000
4PDE,0.224800,0.270000,0.204800,0.279900,2.800053,1935,2.000000,-0.990000
1WD8,0.224600,0.282400,0.240000,0.296000,2.800085,4382,-1.540000,-1.360000
3FBI,0.195500,0.229500,0.215000,0.229400,2.800135,2436,-1.950000,0.010000
2OD8,0.259100,0.332700,0.239200,0.315500,2.800199,2113,1.990000,1.720000
1V8Q,0.203800,0.201900,0.174600,0.226300,2.800227,2142,2.920000,-2.440000
6FAD,0.244200,0.270800,0.234300,0.283700,2.800545,12099,0.990000,-1.290000
1F2N,0.488900,0.492500,0.530100,0.529900,2.800867,4730,-4.120000,-3.740000
7BV5,0.238600,0.255700,0.206500,0.249000,2.801004,8209,3.210000,0.670000
7CQL,0.201600,0.244800,0.213700,0.236400,2.801007,9663,-1.210000,0.840000
5JHO,0.231300,0.289800,0.239800,0.280200,2.801317,3784,-0.850000,0.960000
5C11,0.306400,0.366400,0.269700,0.311400,2.802717,457,3.670000,5.500000
6AF3,0.289500,0.317200,0.260900,0.361400,2.803475,6717,2.860000,-4.420000
3SGN,0.206200,0.230700,0.218100,0.229900,2.806951,172,-1.190000,0.080000
2YGB,0.242600,0.240100,0.232300,0.235300,2.810016,12864,1.030000,0.480000
1VER,0.216800,0.257200,0.187300,0.232700,2.820304,867,2.950000,2.450000
3OPB,0.265800,0.296100,0.252400,0.309600,2.828549,12015,1.340000,-1.350000
5AD0,0.278900,0.335900,0.203900,0.333200,2.838758,3063,7.500000,0.270000
7EWF,0.238900,0.263700,0.224900,0.271600,2.850030,6123,1.400000,-0.790000
7LF4,0.296200,0.305500,0.252300,0.295800,2.850077,6859,4.390000,0.970000
3PZ8,0.225100,0.271500,0.234100,0.289000,2.873268,5409,-0.900000,-1.750000
4OC8,0.239700,0.283900,0.231700,0.293500,2.883917,9516,0.800000,-0.960000
6AF0,0.251200,0.276700,0.233700,0.272600,2.884015,8372,1.750000,0.410000
1R1K,0.226300,0.292300,0.219700,0.289800,2.896923,3887,0.660000,0.250000
3TIX,0.234800,0.271900,0.208500,0.273400,2.900002,9309,2.630000,-0.150000
4WD7,0.239000,0.268600,0.221700,0.242800,2.900006,10651,1.730000,2.580000
5VLP,0.209400,0.234200,0.188300,0.226300,2.900014,7814,2.110000,0.790000
3W3T,0.239300,0.275800,0.229300,0.284100,2.900030,7845,1.000000,-0.830000
2YJT,0.239600,0.251600,0.209900,0.248300,2.900150,4993,2.970000,0.330000
2ZME,0.225100,0.278000,0.232800,0.308300,2.900152,5127,-0.770000,-3.030000
3SHW,0.253100,0.303200,0.216700,0.286200,2.901063,2759,3.640000,1.700000
7F9M,0.282800,0.303000,0.291700,0.316100,2.901076,3896,-0.890000,-1.310000
3MV2,0.289200,0.309800,0.266500,0.321400,2.904930,14273,2.270000,-1.160000
5GJM,0.189700,0.231800,0.159900,0.234500,2.905603,5913,2.980000,-0.270000
2PK9,0.278700,0.315700,0.275800,0.335500,2.906443,8018,0.290000,-1.980000
5IL5,0.263900,0.322200,0.182200,0.334600,2.910089,4140,8.170000,-1.240000
5IY4,0.264100,0.286900,0.221700,0.286800,2.945057,6099,4.240000,0.010000
6T80,0.288500,0.326200,0.245200,0.306800,2.990346,7240,4.330000,1.940000
1N3N,0.242700,0.257600,0.212400,0.261800,2.995397,12803,3.030000,-0.420000
6A93,0.298800,0.325000,0.240200,0.320100,3.000016,5889,5.860000,0.490000
6URI,0.282300,0.309600,0.259300,0.331000,3.000026,12263,2.300000,-2.140000
4CKT,0.361500,0.361700,0.300400,0.354900,3.000176,2052,6.110000,0.680000
