program,code,wall_s
torchref,1A0F,115.942
torchref,1A46,87.937
torchref,1A4I,590.106
torchref,1A7V,83.003
torchref,1AJ6,74.146
torchref,1AK5,157.068
torchref,1ANU,74.198
torchref,1APX,206.466
torchref,1AQZ,119.055
torchref,1B9K,466.838
torchref,1BIA,99.318
torchref,1BM7,427.252
torchref,1BX0,109.722
torchref,1BXE,432.354
torchref,1BYW,66.332
torchref,1C3F,457.586
torchref,1CI0,471.159
torchref,1CSM,518.885
torchref,1DAW,472.207
torchref,1DLM,505.945
torchref,1DQ3,119.396
torchref,1DQ8,498.528
torchref,1E79,694.938
torchref,1EJ1,278.936
torchref,1EJH,363.293
torchref,1ETE,315.008
torchref,1EZW,393.947
torchref,1F97,254.422
torchref,1FG3,87.215
torchref,1FIO,89.209
torchref,1FKM,133.582
torchref,1FSI,351.503
torchref,1GHW,310.717
torchref,1GPQ,391.609
torchref,1GQ8,88.735
torchref,1GQ9,281.229
torchref,1GUI,85.650
torchref,1GYJ,66.103
torchref,1H8V,421.283
torchref,1HN0,427.024
torchref,1HNO,284.224
torchref,1HTN,241.365
torchref,1I1N,91.831
torchref,1I3A,90.704
torchref,1IDQ,253.643
torchref,1IKN,170.799
torchref,1ITK,394.868
torchref,1J3P,185.869
torchref,1J53,164.928
torchref,1J5W,167.599
torchref,1J8B,63.902
torchref,1JAC,134.192
torchref,1JAD,213.902
torchref,1JN9,221.399
torchref,1JU3,334.859
torchref,1K6D,227.444
torchref,1K7T,190.878
torchref,1L9X,371.378
torchref,1LNZ,212.854
torchref,1M6E,181.868
torchref,1N0L,225.575
torchref,1N6J,164.491
torchref,1O4V,103.721
torchref,1O5T,160.719
torchref,1O6D,86.333
torchref,1OBR,143.870
torchref,1OC0,114.185
torchref,1OE4,135.262
torchref,1OMW,282.162
torchref,1OSC,190.648
torchref,1OY5,193.879
torchref,1P3C,151.014
torchref,1P4X,158.537
torchref,1PG3,234.202
torchref,1PJR,191.152
torchref,1PXZ,199.258
torchref,1Q15,322.730
torchref,1QB5,133.899
torchref,1QD9,163.896
torchref,1QJV,154.567
torchref,1QZN,106.914
torchref,1R1K,139.681
torchref,1R3U,119.196
torchref,1RFX,148.158
torchref,1RHC,154.914
torchref,1RJ1,107.992
torchref,1RJD,343.430
torchref,1RKG,125.159
torchref,1RZN,134.374
torchref,1S1C,119.947
torchref,1SO2,289.220
torchref,1SOT,265.911
torchref,1T3I,255.258
torchref,1TE5,173.681
torchref,1TGS,123.379
torchref,1TML,103.467
torchref,1TVL,188.080
torchref,1U1I,427.457
torchref,1UEF,104.786
torchref,1UJK,97.620
torchref,1UKV,255.157
torchref,1UTB,170.014
torchref,1UVQ,164.348
torchref,1V8Q,102.795
torchref,1VB3,121.961
torchref,1VCE,158.438
torchref,1VDD,185.916
torchref,1VER,53.284
torchref,1VK0,313.260
torchref,1VLM,121.222
torchref,1VR4,136.058
torchref,1W2Y,185.976
torchref,1W8A,91.908
torchref,1WD8,160.337
torchref,1WDV,129.008
torchref,1WLZ,159.819
torchref,1WTJ,314.220
torchref,1WTY,122.122
torchref,1WU2,193.285
torchref,1WV8,59.417
torchref,1WW9,201.223
torchref,1X1Q,156.545
torchref,1X6O,127.252
torchref,1XVS,111.051
torchref,1XX1,663.101
torchref,1Y7O,550.469
torchref,1Y8Q,711.978
torchref,1YEM,436.352
torchref,1YK3,657.521
torchref,1YMQ,450.369
torchref,1Z05,501.582
torchref,1Z3X,494.099
torchref,1ZEJ,483.577
torchref,1ZJ8,513.306
torchref,1ZKL,478.653
torchref,1ZZ0,776.448
torchref,2A25,438.430
torchref,2A3V,584.214
torchref,2A9S,472.753
torchref,2ACJ,445.967
torchref,2AE0,505.492
torchref,2AG0,667.395
torchref,2AHR,613.533
torchref,2AP2,439.877
torchref,2AQ4,473.402
torchref,2B2N,649.514
torchref,2B3X,1080.149
torchref,2B5E,747.787
torchref,2B7O,1012.989
torchref,2BON,1072.978
torchref,2BTY,572.102
torchref,2C8X,616.276
torchref,2C90,1011.576
torchref,2CB4,1315.358
torchref,2CCH,1342.556
torchref,2CCM,1057.375
torchref,2CKL,1006.203
torchref,2CZV,836.082
torchref,2D0T,860.558
torchref,2D68,1010.629
torchref,2DOB,47.191
torchref,2DQ6,1354.326
torchref,2DRY,836.727
torchref,2DX6,519.463
torchref,2E1M,1041.318
torchref,2EO4,129.988
torchref,2EU9,233.476
torchref,2EXU,104.605
torchref,2F1F,211.034
torchref,2F2E,152.975
torchref,2F8L,162.871
torchref,2F9I,359.237
torchref,2F9Z,206.947
torchref,2FEX,255.379
torchref,2FFF,175.829
torchref,2FH9,136.442
torchref,2FTX,133.429
torchref,2G9W,133.496
torchref,2GA1,142.164
torchref,2GA9,207.834
torchref,2GD9,157.179
torchref,2GT1,231.842
torchref,2GUH,185.103
torchref,2HXW,224.011
torchref,2I53,150.214
torchref,2I7H,275.233
torchref,2IJE,138.426
torchref,2IO7,233.635
torchref,2IUC,215.688
torchref,2IVF,459.268
torchref,2IVM,141.723
torchref,2JAC,109.384
torchref,2JFN,173.530
torchref,2JH3,458.562
torchref,2NLY,126.216
torchref,2NN4,146.311
torchref,2NTX,291.327
torchref,2NVN,107.295
torchref,2OD8,161.830
torchref,2OO2,109.200
torchref,2OO3,129.042
torchref,2P0U,238.980
torchref,2P1L,197.385
torchref,2P38,189.117
torchref,2P62,195.364
torchref,2P8J,185.324
torchref,2P8Q,595.017
torchref,2PAV,1068.702
torchref,2PJS,1009.364
torchref,2PK9,1113.255
torchref,2PN0,1098.898
torchref,2PQN,1004.428
torchref,2PQV,991.130
torchref,2PY2,1137.946
torchref,2Q1Z,1036.581
torchref,2QCO,753.610
torchref,2QE9,1038.766
torchref,2QH9,856.791
torchref,2QHL,1188.803
torchref,2QKL,996.574
torchref,2QL3,1306.273
torchref,2QM7,616.182
torchref,2QML,1026.346
torchref,2QOS,856.486
torchref,2QSV,689.553
torchref,2QYA,486.906
torchref,2R5F,751.322
torchref,2R6R,259.493
torchref,2RCC,435.269
torchref,2RH3,217.311
torchref,2V62,349.614
torchref,2VEF,327.424
torchref,2VUN,505.718
torchref,2VZB,341.298
torchref,2W3X,448.408
torchref,2W9Y,213.513
torchref,2WDZ,409.884
torchref,2WNH,427.198
torchref,2WP1,234.892
torchref,2X1C,570.398
torchref,2X26,322.618
torchref,2XD0,277.138
torchref,2XDO,450.045
torchref,2XN4,267.049
torchref,2XPI,324.107
torchref,2XPL,227.228
torchref,2XVS,224.526
torchref,2Y9W,339.784
torchref,2YEU,418.120
torchref,2YFA,390.909
torchref,2YGB,535.047
torchref,2YGK,362.777
torchref,2YJT,315.313
torchref,2YN0,309.024
torchref,2Z1D,401.773
torchref,2Z1Z,410.051
torchref,2Z7E,329.224
torchref,2ZIU,337.743
torchref,2ZME,359.995
torchref,2ZON,469.779
torchref,2ZUL,371.403
torchref,3A58,466.998
torchref,3ADO,356.555
torchref,3AMH,369.847
torchref,3AQG,277.208
torchref,3ATQ,374.481
torchref,3AV4,428.897
torchref,3B2D,440.939
torchref,3B8I,781.951
torchref,3BCI,423.393
torchref,3BGU,443.589
torchref,3BJ6,431.339
torchref,3BNK,440.208
torchref,3BVQ,459.579
torchref,3C7J,478.147
torchref,3CAX,458.977
torchref,3CB0,619.170
torchref,3CB5,632.406
torchref,3CBM,445.176
torchref,3CGG,448.282
torchref,3CMQ,449.820
torchref,3CQO,498.768
torchref,3CU3,425.472
torchref,3CXM,497.337
torchref,3D1M,511.686
torchref,3D49,467.631
torchref,3DEE,428.184
torchref,3DIW,421.765
torchref,3DJD,546.354
torchref,3DJN,407.445
torchref,3DLA,797.281
torchref,3DXI,461.851
torchref,3E7P,450.666
torchref,3E8S,440.343
torchref,3E8V,294.813
torchref,3E98,329.944
torchref,3E99,324.029
torchref,3EC1,366.112
torchref,3ED4,741.375
torchref,3EFY,416.744
torchref,3EUS,90.650
torchref,3FBI,148.806
torchref,3FJU,145.712
torchref,3FKK,387.013
torchref,3FPR,334.369
torchref,3FVE,325.966
torchref,3G39,326.989
torchref,3G3O,322.173
torchref,3G6L,345.031
torchref,3G85,340.457
torchref,3GF6,375.806
torchref,3GLR,366.552
torchref,3GM5,315.768
torchref,3GMV,312.745
torchref,3GQU,326.302
torchref,3GR5,341.132
torchref,3GXQ,305.669
torchref,3H1T,348.278
torchref,3H6E,226.909
torchref,3H6R,167.246
torchref,3H7O,203.869
torchref,3HBC,178.068
torchref,3HHC,219.173
torchref,3HL0,301.253
torchref,3HST,256.225
torchref,3HTK,209.632
torchref,3HTV,182.701
torchref,3I38,562.308
torchref,3IC8,269.005
torchref,3IHU,211.125
torchref,3IUG,214.134
torchref,3IVB,169.394
torchref,3JST,152.788
torchref,3JWH,464.888
torchref,3KFW,153.830
torchref,3KGR,182.170
torchref,3KKD,264.167
torchref,3KKE,372.718
torchref,3KOL,155.878
torchref,3KXR,180.267
torchref,3KZP,296.614
torchref,3L1W,578.749
torchref,3L2H,353.224
torchref,3L6F,294.022
torchref,3LLI,287.210
torchref,3LOC,332.999
torchref,3LS0,244.664
torchref,3LW3,300.773
torchref,3M1T,317.866
torchref,3M91,277.798
torchref,3MB2,343.528
torchref,3MKR,376.168
torchref,3ML3,280.174
torchref,3MML,473.567
torchref,3MQ2,302.897
torchref,3MV2,455.881
torchref,3MYU,377.175
torchref,3N39,334.300
torchref,3N55,289.021
torchref,3N5L,349.715
torchref,3N74,328.956
torchref,3N9U,323.844
torchref,3NJE,296.957
torchref,3NO8,259.516
torchref,3OAP,272.131
torchref,3OC7,346.673
torchref,3OEC,511.712
torchref,3OFJ,338.885
torchref,3OOQ,824.499
torchref,3P86,408.246
torchref,3PFY,352.655
torchref,3PPU,414.583
torchref,3PZ8,408.847
torchref,3QC1,364.629
torchref,3QKL,386.882
torchref,3QLA,408.013
torchref,3QNM,368.119
torchref,3QTA,410.923
torchref,3QVJ,434.822
torchref,3R0Q,538.217
torchref,3R6B,342.784
torchref,3RAZ,334.439
torchref,3RLE,383.374
torchref,3RQ4,373.403
torchref,3RST,593.693
torchref,3SF5,438.463
torchref,3SHW,179.692
torchref,3SOL,171.445
torchref,3SUZ,181.472
torchref,3T0Q,184.812
torchref,3T9O,178.845
torchref,3TCO,193.662
torchref,3THF,204.990
torchref,3TIX,473.506
torchref,3TSZ,409.937
torchref,3TU7,174.980
torchref,3TVA,257.610
torchref,3U1D,217.105
torchref,3U2A,157.719
torchref,3U66,167.899
torchref,3U9L,203.270
torchref,3UN9,253.500
torchref,3UNG,237.831
torchref,3UTN,197.699
torchref,3UVO,193.406
torchref,3V70,229.396
torchref,3VD8,188.196
torchref,3VEP,163.902
torchref,3VFO,211.321
torchref,3VFP,208.609
torchref,3VHL,541.571
torchref,3VPB,1183.028
torchref,3VRJ,945.216
torchref,3VSM,1023.080
torchref,3VST,1334.881
torchref,3VUQ,813.983
torchref,3VYN,752.617
torchref,3W0L,953.677
torchref,3W3T,555.011
torchref,3W3W,236.406
torchref,3W56,73.057
torchref,3W8W,223.279
torchref,3WNV,193.517
torchref,3WTQ,92.355
torchref,3WW1,202.153
torchref,3X0X,608.424
torchref,3ZH9,184.761
torchref,3ZIE,206.662
torchref,4AK1,303.103
torchref,4ALY,160.221
torchref,4AOM,641.582
torchref,4AUP,761.557
torchref,4B18,610.564
torchref,4BU1,657.200
torchref,4BVE,450.439
torchref,4BX9,1014.146
torchref,4C1S,175.305
torchref,4C6R,380.749
torchref,4CE5,234.913
torchref,4CGB,53.763
torchref,4CH9,156.056
torchref,4CKT,76.611
torchref,4CLF,179.169
torchref,4CSO,287.336
torchref,4D51,113.389
torchref,4DA2,462.508
torchref,4DOV,420.500
torchref,4EOY,438.641
torchref,4EWI,416.296
torchref,4EX5,359.788
torchref,4F0F,346.965
torchref,4F27,373.840
torchref,4FC4,504.581
torchref,4FE9,344.631
torchref,4FIX,389.682
torchref,4FYU,227.553
torchref,4G3H,1145.927
torchref,4GMV,351.092
torchref,4H9D,601.447
torchref,4HIA,1006.725
torchref,4HJW,441.241
torchref,4HKA,188.491
torchref,4HUJ,354.485
torchref,4ICH,233.892
torchref,4IDI,795.532
torchref,4JGX,992.299
torchref,4JHN,502.064
torchref,4JX2,276.880
torchref,4K36,464.497
torchref,4KH9,1112.653
torchref,4KYQ,460.984
torchref,4L7Z,462.036
torchref,4L9U,289.261
torchref,4LD7,1358.677
torchref,4LZ2,247.269
torchref,4MAA,429.071
torchref,4ME9,319.958
torchref,4MG5,691.070
torchref,4MG6,1035.214
torchref,4MJG,163.521
torchref,4N39,1152.824
torchref,4N5X,287.609
torchref,4NPJ,1053.200
torchref,4NUF,240.622
torchref,4NWZ,338.964
torchref,4O62,454.809
torchref,4O92,124.693
torchref,4OC8,425.251
torchref,4OF8,205.197
torchref,4OFF,386.367
torchref,4OX3,95.774
torchref,4PDE,348.268
torchref,4PFS,119.005
torchref,4PQZ,295.721
torchref,4PRA,148.853
torchref,4PSI,222.365
torchref,4PV4,369.309
torchref,4Q13,327.997
torchref,4Q63,202.205
torchref,4QH8,213.043
torchref,4QKO,227.095
torchref,4QN8,400.359
torchref,4QQR,440.919
torchref,4QTP,368.439
torchref,4QXA,119.407
torchref,4R10,484.222
torchref,4RHO,362.164
torchref,4RK2,312.419
torchref,4RO5,1002.143
torchref,4RQM,143.842
torchref,4TWL,309.587
torchref,4U7A,339.246
torchref,4UCI,181.070
torchref,4UDA,983.613
torchref,4UDP,373.511
torchref,4UWX,411.561
torchref,4UYI,245.241
torchref,4V15,451.248
torchref,4W2R,422.429
torchref,4WAL,78.182
torchref,4WIP,126.056
torchref,4WWM,966.014
torchref,4X3E,88.795
torchref,4XLG,237.868
torchref,4ZSF,351.083
torchref,4ZV9,512.564
torchref,5A0T,283.637
torchref,5AA5,962.278
torchref,5AD0,682.514
torchref,5B5I,88.272
torchref,5B5Q,293.832
torchref,5BOV,438.355
torchref,5BV6,275.628
torchref,5C5V,506.863
torchref,5C7F,350.635
torchref,5C8H,106.440
torchref,5CVR,226.451
torchref,5D5H,443.171
torchref,5DAY,406.962
torchref,5DBE,400.620
torchref,5DRM,282.005
torchref,5E15,468.812
torchref,5EBB,230.403
torchref,5EG2,267.656
torchref,5EGE,490.243
torchref,5ETA,238.092
torchref,5G09,1170.479
torchref,5G23,492.452
torchref,5G4I,307.386
torchref,5GHR,371.316
torchref,5GJM,212.638
torchref,5GKV,94.177
torchref,5GOX,184.314
torchref,5GZI,398.873
torchref,5H5Y,160.641
torchref,5HRJ,359.415
torchref,5I2H,212.179
torchref,5I47,413.305
torchref,5I9E,291.207
torchref,5IAW,232.606
torchref,5IQM,349.846
torchref,5IY4,144.083
torchref,5IYX,321.627
torchref,5J0A,341.850
torchref,5J4A,426.667
torchref,5J9K,283.360
torchref,5JD9,276.922
torchref,5JHO,400.896
torchref,5JI5,952.986
torchref,5JTA,346.618
torchref,5K2X,275.129
torchref,5K6S,268.585
torchref,5LTD,410.613
torchref,5LU2,360.105
torchref,5LW0,130.256
torchref,5ME9,356.050
torchref,5MLK,349.300
torchref,5MLZ,429.873
torchref,5MXY,280.810
torchref,5N6H,345.646
torchref,5N8R,558.417
torchref,5NTB,308.272
torchref,5O6B,475.078
torchref,5OF1,415.853
torchref,5OF9,643.966
torchref,5OMB,288.580
torchref,5OU8,288.991
torchref,5Q1D,344.442
torchref,5Q1H,300.340
torchref,5SVE,814.462
torchref,5T0K,435.266
torchref,5T0M,261.140
torchref,5T1G,241.077
torchref,5TDY,336.080
torchref,5TJA,253.933
torchref,5TLD,251.589
torchref,5TM9,392.389
torchref,5TTA,917.709
torchref,5TV7,160.603
torchref,5U6K,481.496
torchref,5UQP,209.566
torchref,5UV4,255.221
torchref,5UX5,762.770
torchref,5UXG,376.791
torchref,5UZU,192.268
torchref,5V8W,394.252
torchref,5VIA,377.529
torchref,5VLB,1197.417
torchref,5VQG,92.291
torchref,5WB4,418.239
torchref,5WJQ,876.329
torchref,5WRR,353.685
torchref,5WWW,138.218
torchref,5X6S,302.849
torchref,5XG9,250.623
torchref,5XHW,301.250
torchref,5XMZ,501.168
torchref,5XRW,798.149
torchref,5XUK,128.056
torchref,5XUQ,569.406
torchref,5XVW,246.356
torchref,5Y9I,876.023
torchref,5YAY,581.057
torchref,5Z6D,139.777
torchref,5Z6V,671.508
torchref,5Z8L,442.635
torchref,5ZOO,576.715
torchref,6A0E,273.799
torchref,6A93,148.118
torchref,6AF3,290.756
torchref,6AGI,165.157
torchref,6B8Q,174.127
torchref,6CGO,300.999
torchref,6COK,279.347
torchref,6CQL,142.697
torchref,6CW5,233.449
torchref,6D2V,507.381
torchref,6D97,540.106
torchref,6DDT,254.376
torchref,6DF3,284.151
torchref,6E0M,227.864
torchref,6EC7,266.261
torchref,6EUS,408.447
torchref,6EWJ,606.740
torchref,6EYS,399.702
torchref,6F1S,651.568
torchref,6FJU,909.400
torchref,6FOK,451.692
torchref,6FX6,273.771
torchref,6GBS,456.896
torchref,6GP7,204.039
torchref,6GXS,361.840
torchref,6HFG,369.245
torchref,6I1R,159.143
torchref,6I50,157.955
torchref,6IIW,472.813
torchref,6IQJ,413.021
torchref,6IR8,95.406
torchref,6J17,98.264
torchref,6J72,738.575
torchref,6J7Y,330.956
torchref,6JC4,340.528
torchref,6JJW,252.223
torchref,6JZA,419.326
torchref,6K6R,158.869
torchref,6L8E,275.287
torchref,6L9F,662.758
torchref,6LKG,284.919
torchref,6M20,721.608
torchref,6N5U,292.110
torchref,6O6N,587.674
torchref,6OHI,221.037
torchref,6PEU,359.835
torchref,6PJQ,80.896
torchref,6PNP,299.183
torchref,6PUP,120.243
torchref,6R0L,419.329
torchref,6R6T,567.463
torchref,6RFT,840.573
torchref,6RPT,227.139
torchref,6RR0,395.849
torchref,6RSN,529.140
torchref,6S2P,545.624
torchref,6SRB,232.504
torchref,6SXW,104.484
torchref,6T80,166.560
torchref,6TCT,395.290
torchref,6TT5,170.739
torchref,6TWJ,233.842
torchref,6U2D,151.497
torchref,6U75,729.882
torchref,6UB7,259.428
torchref,6V7M,386.668
torchref,6VD8,797.679
torchref,6VHI,334.013
torchref,6VPT,281.111
torchref,6VS7,594.885
torchref,6W9K,176.519
torchref,6WT6,374.400
torchref,6XZ6,114.788
torchref,6YFV,217.611
torchref,6Z1S,463.161
torchref,6Z3U,151.062
torchref,6ZH1,176.374
torchref,6ZUW,428.982
torchref,7AUI,240.588
torchref,7BV5,658.618
torchref,7BW1,58.585
torchref,7C7E,99.714
torchref,7CFD,449.621
torchref,7CWW,337.979
torchref,7D86,131.946
torchref,7DUF,66.233
torchref,7E2E,163.956
torchref,7EWF,413.989
torchref,7F9K,202.891
torchref,7F9M,376.726
torchref,7FHR,408.527
torchref,7JI4,62.744
torchref,7JN9,92.011
torchref,7K3J,126.322
torchref,7KQ0,188.276
torchref,7LF4,885.689
phenix,1A0F,243.598
phenix,1A46,201.599
phenix,1A4I,374.241
phenix,1A7V,182.867
phenix,1AJ6,175.058
phenix,1AK5,322.216
phenix,1ANU,162.576
phenix,1APX,435.504
phenix,1AQZ,231.315
phenix,1B9K,189.516
phenix,1BIA,213.096
phenix,1BM7,191.051
phenix,1BX0,234.636
phenix,1BXE,173.553
phenix,1BYW,152.056
phenix,1C3F,206.352
phenix,1CI0,231.704
phenix,1CSM,295.163
phenix,1DAW,234.905
phenix,1DLM,308.322
phenix,1DQ3,227.832
phenix,1DQ8,559.044
phenix,1E79,1011.780
phenix,1EJ1,210.498
phenix,1EJH,364.470
phenix,1ETE,266.123
phenix,1EZW,421.273
phenix,1F97,157.839
phenix,1FG3,198.582
phenix,1FIO,171.566
phenix,1FKM,295.157
phenix,1FSI,310.876
phenix,1GHW,215.183
phenix,1GPQ,309.970
phenix,1GQ8,228.599
phenix,1GQ9,216.841
phenix,1GUI,187.903
phenix,1GYJ,150.273
phenix,1H8V,489.385
phenix,1HN0,455.800
phenix,1HNO,195.839
phenix,1HTN,139.291
phenix,1I1N,200.010
phenix,1I3A,178.667
phenix,1IDQ,355.249
phenix,1IKN,300.423
phenix,1ITK,646.693
phenix,1J3P,228.172
phenix,1J53,181.112
phenix,1J5W,330.506
phenix,1J8B,138.928
phenix,1JAC,289.802
phenix,1JAD,236.252
phenix,1JN9,289.186
phenix,1JU3,590.700
phenix,1K6D,272.191
phenix,1K7T,192.834
phenix,1L9X,689.157
phenix,1LNZ,242.934
phenix,1M6E,207.611
phenix,1N0L,260.397
phenix,1N6J,189.437
phenix,1O4V,207.679
phenix,1O5T,242.731
phenix,1O6D,176.811
phenix,1OBR,274.260
phenix,1OC0,224.917
phenix,1OE4,304.446
phenix,1OMW,383.956
phenix,1OSC,319.111
phenix,1OY5,302.573
phenix,1P3C,246.474
phenix,1P4X,268.369
phenix,1PG3,427.278
phenix,1PJR,335.450
phenix,1PXZ,402.437
phenix,1Q15,612.047
phenix,1QB5,274.682
phenix,1QD9,280.378
phenix,1QJV,282.407
phenix,1QZN,176.227
phenix,1R1K,218.659
phenix,1R3U,207.695
phenix,1RFX,220.831
phenix,1RHC,266.784
phenix,1RJ1,165.747
phenix,1RJD,585.194
phenix,1RKG,196.284
phenix,1RZN,211.986
phenix,1S1C,199.597
phenix,1SO2,557.847
phenix,1SOT,421.458
phenix,1T3I,455.540
phenix,1TE5,273.031
phenix,1TGS,209.539
phenix,1TML,158.669
phenix,1TVL,288.100
phenix,1U1I,588.842
phenix,1UEF,170.851
phenix,1UJK,218.679
phenix,1UKV,441.563
phenix,1UTB,286.161
phenix,1UVQ,265.371
phenix,1V8Q,185.168
phenix,1VB3,265.362
phenix,1VCE,327.923
phenix,1VDD,363.195
phenix,1VER,146.542
phenix,1VK0,560.915
phenix,1VLM,235.784
phenix,1VR4,242.674
phenix,1W2Y,329.956
phenix,1W8A,156.434
phenix,1WD8,266.438
phenix,1WDV,226.871
phenix,1WLZ,277.212
phenix,1WTJ,480.095
phenix,1WTY,271.667
phenix,1WU2,342.173
phenix,1WV8,143.379
phenix,1WW9,388.720
phenix,1X1Q,317.152
phenix,1X6O,218.246
phenix,1XVS,200.147
phenix,1XX1,627.916
phenix,1Y7O,409.026
phenix,1Y8Q,610.872
phenix,1YEM,221.298
phenix,1YK3,562.043
phenix,1YMQ,169.396
phenix,1Z05,227.953
phenix,1Z3X,201.338
phenix,1ZEJ,221.948
phenix,1ZJ8,340.194
phenix,1ZKL,292.252
phenix,1ZZ0,885.845
phenix,2A25,141.928
phenix,2A3V,477.291
phenix,2A9S,201.415
phenix,2ACJ,155.644
phenix,2AE0,263.681
phenix,2AG0,676.111
phenix,2AHR,457.874
phenix,2AP2,150.020
phenix,2AQ4,260.590
phenix,2B2N,355.880
phenix,2B3X,314.664
phenix,2B5E,235.072
phenix,2B7O,399.891
phenix,2BON,259.567
phenix,2BTY,284.063
phenix,2C8X,157.316
phenix,2C90,156.096
phenix,2CB4,932.413
phenix,2CCH,684.990
phenix,2CCM,235.202
phenix,2CKL,166.495
phenix,2CZV,301.272
phenix,2D0T,311.472
phenix,2D68,153.343
phenix,2DOB,112.457
phenix,2DQ6,879.765
phenix,2DRY,170.700
phenix,2DX6,187.792
phenix,2E1M,209.543
phenix,2EO4,173.279
phenix,2EU9,324.378
phenix,2EXU,129.432
phenix,2F1F,252.256
phenix,2F2E,190.991
phenix,2F8L,215.967
phenix,2F9I,483.067
phenix,2F9Z,253.174
phenix,2FEX,361.551
phenix,2FFF,229.207
phenix,2FH9,159.085
phenix,2FTX,188.157
phenix,2G9W,179.060
phenix,2GA1,160.190
phenix,2GA9,445.657
phenix,2GD9,196.784
phenix,2GT1,309.385
phenix,2GUH,277.964
phenix,2HXW,293.070
phenix,2I53,217.150
phenix,2I7H,441.074
phenix,2IJE,181.672
phenix,2IO7,374.947
phenix,2IUC,320.815
phenix,2IVF,595.727
phenix,2IVM,198.705
phenix,2JAC,132.574
phenix,2JFN,207.092
phenix,2JH3,782.750
phenix,2NLY,157.681
phenix,2NN4,154.830
phenix,2NTX,423.977
phenix,2NVN,137.121
phenix,2OD8,206.745
phenix,2OO2,125.793
phenix,2OO3,183.065
phenix,2P0U,413.408
phenix,2P1L,292.014
phenix,2P38,237.492
phenix,2P62,297.811
phenix,2P8J,272.237
phenix,2P8Q,333.716
phenix,2PAV,264.881
phenix,2PJS,157.931
phenix,2PK9,389.323
phenix,2PN0,298.970
phenix,2PQN,148.996
phenix,2PQV,210.344
phenix,2PY2,429.872
phenix,2Q1Z,236.611
phenix,2QCO,155.699
phenix,2QE9,221.594
phenix,2QH9,198.164
phenix,2QHL,417.547
phenix,2QKL,154.826
phenix,2QL3,817.334
phenix,2QM7,280.733
phenix,2QML,203.372
phenix,2QOS,159.406
phenix,2QSV,184.006
phenix,2QYA,201.203
phenix,2R5F,153.154
phenix,2R6R,170.865
phenix,2RCC,449.331
phenix,2RH3,115.355
phenix,2V62,349.627
phenix,2VEF,289.002
phenix,2VUN,825.328
phenix,2VZB,323.727
phenix,2W3X,450.638
phenix,2W9Y,123.672
phenix,2WDZ,427.168
phenix,2WNH,508.327
phenix,2WP1,160.247
phenix,2X1C,680.246
phenix,2X26,320.830
phenix,2XD0,327.030
phenix,2XDO,464.723
phenix,2XN4,213.647
phenix,2XPI,354.666
phenix,2XPL,139.714
phenix,2XVS,125.906
phenix,2Y9W,360.070
phenix,2YEU,397.279
phenix,2YFA,261.113
phenix,2YGB,899.918
phenix,2YGK,221.424
phenix,2YJT,222.252
phenix,2YN0,222.465
phenix,2Z1D,282.571
phenix,2Z1Z,310.886
phenix,2Z7E,199.177
phenix,2ZIU,175.177
phenix,2ZME,223.534
phenix,2ZON,536.737
phenix,2ZUL,207.465
phenix,3A58,423.075
phenix,3ADO,201.477
phenix,3AMH,242.596
phenix,3AQG,141.849
phenix,3ATQ,258.010
phenix,3AV4,371.997
phenix,3B2D,414.046
phenix,3B8I,736.832
phenix,3BCI,201.142
phenix,3BGU,192.477
phenix,3BJ6,203.865
phenix,3BNK,216.650
phenix,3BVQ,258.230
phenix,3C7J,268.560
phenix,3CAX,214.905
phenix,3CB0,431.689
phenix,3CB5,375.139
phenix,3CBM,205.994
phenix,3CGG,213.138
phenix,3CMQ,223.542
phenix,3CQO,330.383
phenix,3CU3,160.051
phenix,3CXM,285.881
phenix,3D1M,302.230
phenix,3D49,243.767
phenix,3DEE,159.036
phenix,3DIW,177.638
phenix,3DJD,367.877
phenix,3DJN,134.463
phenix,3DLA,928.160
phenix,3DXI,268.725
phenix,3E7P,205.331
phenix,3E8S,199.605
phenix,3E8V,130.542
phenix,3E98,187.250
phenix,3E99,187.716
phenix,3EC1,246.063
phenix,3ED4,800.326
phenix,3EFY,323.598
phenix,3EUS,154.460
phenix,3FBI,230.505
phenix,3FJU,271.716
phenix,3FKK,315.095
phenix,3FPR,174.769
phenix,3FVE,199.695
phenix,3G39,174.419
phenix,3G3O,197.152
phenix,3G6L,213.013
phenix,3G85,211.680
phenix,3GF6,273.357
phenix,3GLR,238.913
phenix,3GM5,154.932
phenix,3GMV,167.955
phenix,3GQU,167.911
phenix,3GR5,189.294
phenix,3GXQ,137.103
phenix,3H1T,236.484
phenix,3H6E,333.802
phenix,3H6R,197.645
phenix,3H7O,270.342
phenix,3HBC,228.603
phenix,3HHC,278.199
phenix,3HL0,397.275
phenix,3HST,371.252
phenix,3HTK,257.617
phenix,3HTV,219.428
phenix,3I38,452.447
phenix,3IC8,389.886
phenix,3IHU,244.020
phenix,3IUG,264.321
phenix,3IVB,203.565
phenix,3JST,168.319
phenix,3JWH,192.325
phenix,3KFW,166.022
phenix,3KGR,214.653
phenix,3KKD,291.807
phenix,3KKE,380.579
phenix,3KOL,168.754
phenix,3KXR,182.743
phenix,3KZP,255.302
phenix,3L1W,746.913
phenix,3L2H,364.331
phenix,3L6F,216.009
phenix,3LLI,193.515
phenix,3LOC,312.362
phenix,3LS0,139.727
phenix,3LW3,207.641
phenix,3M1T,246.181
phenix,3M91,173.162
phenix,3MB2,300.487
phenix,3MKR,342.458
phenix,3ML3,177.390
phenix,3MML,619.074
phenix,3MQ2,255.632
phenix,3MV2,541.565
phenix,3MYU,353.715
phenix,3N39,326.726
phenix,3N55,226.946
phenix,3N5L,407.770
phenix,3N74,349.964
phenix,3N9U,335.141
phenix,3NJE,200.500
phenix,3NO8,171.461
phenix,3OAP,181.102
phenix,3OC7,252.179
phenix,3OEC,436.809
phenix,3OFJ,135.485
phenix,3OOQ,1261.700
phenix,3P86,226.572
phenix,3PFY,150.424
phenix,3PPU,264.567
phenix,3PZ8,262.004
phenix,3QC1,151.144
phenix,3QKL,202.909
phenix,3QLA,246.038
phenix,3QNM,186.265
phenix,3QTA,235.353
phenix,3QVJ,266.710
phenix,3R0Q,408.470
phenix,3R6B,117.614
phenix,3RAZ,133.117
phenix,3RLE,189.424
phenix,3RQ4,182.709
phenix,3RST,616.504
phenix,3SF5,312.935
phenix,3SHW,171.896
phenix,3SOL,137.106
phenix,3SUZ,164.013
phenix,3T0Q,163.598
phenix,3T9O,157.853
phenix,3TCO,184.494
phenix,3THF,193.911
phenix,3TIX,316.946
phenix,3TSZ,169.442
phenix,3TU7,149.763
phenix,3TVA,311.376
phenix,3U1D,216.064
phenix,3U2A,121.840
phenix,3U66,118.900
phenix,3U9L,205.427
phenix,3UN9,288.219
phenix,3UNG,256.747
phenix,3UTN,205.945
phenix,3UVO,167.639
phenix,3V70,218.569
phenix,3VD8,168.117
phenix,3VEP,123.321
phenix,3VFO,240.547
phenix,3VFP,230.268
phenix,3VHL,198.321
phenix,3VPB,487.953
phenix,3VRJ,192.932
phenix,3VSM,417.146
phenix,3VST,1216.486
phenix,3VUQ,292.685
phenix,3VYN,226.406
phenix,3W0L,530.756
phenix,3W3T,292.185
phenix,3W3W,432.360
phenix,3W56,147.800
phenix,3W8W,375.754
phenix,3WNV,347.868
phenix,3WTQ,170.415
phenix,3WW1,268.258
phenix,3X0X,1028.976
phenix,3ZH9,235.303
phenix,3ZIE,250.080
phenix,4AK1,433.700
phenix,4ALY,205.203
phenix,4AOM,120.457
phenix,4AUP,153.914
phenix,4B18,172.784
phenix,4BU1,199.706
phenix,4BVE,177.502
phenix,4BX9,466.223
phenix,4C1S,339.252
phenix,4C6R,293.212
phenix,4CE5,516.944
phenix,4CGB,128.966
phenix,4CH9,317.884
phenix,4CKT,167.131
phenix,4CLF,319.215
phenix,4CSO,283.408
phenix,4D51,215.353
phenix,4DA2,266.216
phenix,4DOV,198.781
phenix,4EOY,191.090
phenix,4EWI,151.331
phenix,4EX5,394.880
phenix,4F0F,203.179
phenix,4F27,244.104
phenix,4FC4,842.474
phenix,4FE9,262.864
phenix,4FIX,460.626
phenix,4FYU,274.553
phenix,4G3H,454.756
phenix,4GMV,248.798
phenix,4H9D,171.918
phenix,4HIA,214.380
phenix,4HJW,418.305
phenix,4HKA,229.695
phenix,4HUJ,236.984
phenix,4ICH,204.237
phenix,4IDI,229.227
phenix,4JGX,156.090
phenix,4JHN,584.595
phenix,4JX2,302.171
phenix,4K36,421.667
phenix,4KH9,276.099
phenix,4KYQ,170.117
phenix,4L7Z,645.702
phenix,4L9U,126.452
phenix,4LD7,1412.237
phenix,4LZ2,129.945
phenix,4MAA,194.832
phenix,4ME9,185.242
phenix,4MG5,223.665
phenix,4MG6,246.229
phenix,4MJG,173.497
phenix,4N39,440.024
phenix,4N5X,112.786
phenix,4NPJ,245.875
phenix,4NUF,182.394
phenix,4NWZ,479.692
phenix,4O62,237.240
phenix,4O92,139.532
phenix,4OC8,394.280
phenix,4OF8,372.062
phenix,4OFF,131.840
phenix,4OX3,169.616
phenix,4PDE,151.777
phenix,4PFS,220.843
phenix,4PQZ,144.716
phenix,4PRA,252.053
phenix,4PSI,152.186
phenix,4PV4,478.687
phenix,4Q13,220.193
phenix,4Q63,126.665
phenix,4QH8,260.166
phenix,4QKO,394.154
phenix,4QN8,246.810
phenix,4QQR,209.725
phenix,4QTP,240.301
phenix,4QXA,190.338
phenix,4R10,267.634
phenix,4RHO,205.141
phenix,4RK2,395.691
phenix,4RO5,231.263
phenix,4RQM,155.174
phenix,4TWL,248.780
phenix,4U7A,317.890
phenix,4UCI,434.029
phenix,4UDA,152.358
phenix,4UDP,355.095
phenix,4UWX,344.017
phenix,4UYI,170.621
phenix,4V15,441.214
phenix,4W2R,563.573
phenix,4WAL,123.051
phenix,4WIP,137.181
phenix,4WWM,114.924
phenix,4X3E,178.085
phenix,4XLG,277.880
phenix,4ZSF,239.452
phenix,4ZV9,516.907
phenix,5A0T,478.907
phenix,5AA5,1455.917
phenix,5AD0,158.038
phenix,5B5I,126.243
phenix,5B5Q,239.275
phenix,5BOV,574.959
phenix,5BV6,117.254
phenix,5C5V,340.726
phenix,5C7F,297.049
phenix,5C8H,119.022
phenix,5CVR,133.484
phenix,5D5H,272.984
phenix,5DAY,165.813
phenix,5DBE,182.949
phenix,5DRM,213.575
phenix,5E15,186.429
phenix,5EBB,453.868
phenix,5EG2,259.732
phenix,5EGE,581.269
phenix,5ETA,233.928
phenix,5G09,710.777
phenix,5G23,341.936
phenix,5G4I,533.084
phenix,5GHR,366.024
phenix,5GJM,263.509
phenix,5GKV,202.989
phenix,5GOX,180.385
phenix,5GZI,290.411
phenix,5H5Y,244.558
phenix,5HRJ,105.473
phenix,5I2H,381.326
phenix,5I47,201.230
phenix,5I9E,467.898
phenix,5IAW,185.911
phenix,5IQM,187.415
phenix,5IY4,286.580
phenix,5IYX,296.106
phenix,5J0A,251.942
phenix,5J4A,190.625
phenix,5J9K,180.217
phenix,5JD9,238.116
phenix,5JHO,198.611
phenix,5JI5,163.319
phenix,5JTA,269.901
phenix,5K2X,266.403
phenix,5K6S,194.054
phenix,5LTD,214.569
phenix,5LU2,207.005
phenix,5LW0,230.595
phenix,5ME9,383.393
phenix,5MLK,399.639
phenix,5MLZ,250.292
phenix,5MXY,110.562
phenix,5N6H,327.323
phenix,5N8R,598.139
phenix,5NTB,169.459
phenix,5O6B,462.338
phenix,5OF1,194.559
phenix,5OF9,525.323
phenix,5OMB,212.856
phenix,5OU8,193.299
phenix,5Q1D,286.720
phenix,5Q1H,371.912
phenix,5SVE,216.009
phenix,5T0K,337.125
phenix,5T0M,275.434
phenix,5T1G,127.232
phenix,5TDY,132.451
phenix,5TJA,164.839
phenix,5TLD,215.487
phenix,5TM9,180.385
phenix,5TTA,199.546
phenix,5TV7,176.529
phenix,5U6K,520.643
phenix,5UQP,157.879
phenix,5UV4,164.897
phenix,5UX5,931.978
phenix,5UXG,240.116
phenix,5UZU,251.650
phenix,5V8W,271.867
phenix,5VIA,214.957
phenix,5VLB,735.699
phenix,5VQG,138.963
phenix,5WB4,498.455
phenix,5WJQ,165.654
phenix,5WRR,433.268
phenix,5WWW,107.374
phenix,5X6S,303.416
phenix,5XG9,277.046
phenix,5XHW,150.994
phenix,5XMZ,103.181
phenix,5XRW,138.741
phenix,5XUK,126.065
phenix,5XUQ,113.308
phenix,5XVW,239.156
phenix,5Y9I,165.967
phenix,5YAY,201.238
phenix,5Z6D,232.874
phenix,5Z6V,108.410
phenix,5Z8L,165.030
phenix,5ZOO,275.549
phenix,6A0E,279.830
phenix,6A93,141.616
phenix,6AF3,248.485
phenix,6AGI,228.466
phenix,6B8Q,275.589
phenix,6CGO,394.835
phenix,6COK,147.910
phenix,6CQL,280.109
phenix,6CW5,186.024
phenix,6D2V,296.662
phenix,6D97,614.343
phenix,6DDT,310.953
phenix,6DF3,224.189
phenix,6E0M,224.818
phenix,6EC7,273.110
phenix,6EUS,673.035
phenix,6EWJ,586.452
phenix,6EYS,563.388
phenix,6F1S,96.294
phenix,6FJU,217.918
phenix,6FOK,739.319
phenix,6FX6,121.165
phenix,6GBS,301.901
phenix,6GP7,99.155
phenix,6GXS,613.231
phenix,6HFG,104.908
phenix,6I1R,223.490
phenix,6I50,148.225
phenix,6IIW,109.248
phenix,6IQJ,138.311
phenix,6IR8,86.447
phenix,6J17,150.688
phenix,6J72,203.165
phenix,6J7Y,191.861
phenix,6JC4,267.313
phenix,6JJW,124.030
phenix,6JZA,74.007
phenix,6K6R,129.078
phenix,6L8E,411.325
phenix,6L9F,215.540
phenix,6LKG,392.837
phenix,6M20,540.627
phenix,6N5U,167.613
phenix,6O6N,152.967
phenix,6OHI,186.783
phenix,6PEU,611.801
phenix,6PJQ,106.513
phenix,6PNP,173.986
phenix,6PUP,124.584
phenix,6R0L,89.987
phenix,6R6T,306.552
phenix,6RFT,635.542
phenix,6RPT,228.713
phenix,6RR0,367.110
phenix,6RSN,103.746
phenix,6S2P,146.817
phenix,6SRB,267.547
phenix,6SXW,72.997
phenix,6T80,256.003
phenix,6TCT,234.104
phenix,6TT5,204.760
phenix,6TWJ,304.142
phenix,6U2D,154.452
phenix,6U75,196.482
phenix,6UB7,173.851
phenix,6V7M,109.919
phenix,6VD8,104.522
phenix,6VHI,97.654
phenix,6VPT,185.249
phenix,6VS7,338.964
phenix,6W9K,224.779
phenix,6WT6,167.110
phenix,6XZ6,174.277
phenix,6YFV,270.251
phenix,6Z1S,223.446
phenix,6Z3U,271.441
phenix,6ZH1,156.971
phenix,6ZUW,141.867
phenix,7AUI,134.701
phenix,7BV5,364.396
phenix,7BW1,113.251
phenix,7C7E,123.600
phenix,7CFD,521.829
phenix,7CWW,174.030
phenix,7D86,133.956
phenix,7DUF,95.963
phenix,7E2E,179.527
phenix,7EWF,217.909
phenix,7F9K,80.784
phenix,7F9M,206.179
phenix,7FHR,248.245
phenix,7JI4,84.026
phenix,7JN9,62.155
phenix,7K3J,281.913
phenix,7KQ0,254.133
phenix,7LF4,261.082
refmac,1A0F,13.048
refmac,1A46,11.824
refmac,1A4I,24.158
refmac,1A7V,6.768
refmac,1AJ6,6.678
refmac,1AK5,43.459
refmac,1ANU,6.935
refmac,1APX,35.219
refmac,1AQZ,11.185
refmac,1B9K,8.353
refmac,1BIA,8.913
refmac,1BM7,8.810
refmac,1BX0,12.492
refmac,1BXE,7.250
refmac,1BYW,5.407
refmac,1C3F,9.087
refmac,1CI0,11.147
refmac,1CSM,18.881
refmac,1DAW,12.288
refmac,1DLM,18.469
refmac,1DQ3,12.459
refmac,1DQ8,31.809
refmac,1E79,75.312
refmac,1EJ1,10.410
refmac,1EJH,19.837
refmac,1ETE,16.172
refmac,1EZW,36.935
refmac,1F97,7.819
refmac,1FG3,10.627
refmac,1FIO,8.165
refmac,1FKM,17.018
refmac,1FSI,18.974
refmac,1GHW,14.041
refmac,1GPQ,18.641
refmac,1GQ8,13.270
refmac,1GQ9,9.759
refmac,1GUI,9.579
refmac,1GYJ,6.189
refmac,1H8V,31.773
refmac,1HN0,31.730
refmac,1HNO,14.195
refmac,1HTN,7.751
refmac,1I1N,10.414
refmac,1I3A,8.563
refmac,1IDQ,28.793
refmac,1IKN,18.186
refmac,1ITK,47.342
refmac,1J3P,12.363
refmac,1J53,8.581
refmac,1J5W,20.706
refmac,1J8B,6.738
refmac,1JAC,14.367
refmac,1JAD,12.834
refmac,1JN9,17.031
refmac,1JU3,34.077
refmac,1K6D,18.446
refmac,1K7T,9.767
refmac,1L9X,63.251
refmac,1LNZ,12.141
refmac,1M6E,9.786
refmac,1N0L,14.510
refmac,1N6J,10.705
refmac,1O4V,11.986
refmac,1O5T,13.290
refmac,1O6D,8.975
refmac,1OBR,19.329
refmac,1OC0,11.100
refmac,1OE4,20.003
refmac,1OMW,30.818
refmac,1OSC,18.736
refmac,1OY5,19.145
refmac,1P3C,13.420
refmac,1P4X,15.707
refmac,1PG3,22.082
refmac,1PJR,21.716
refmac,1PXZ,26.740
refmac,1Q15,42.045
refmac,1QB5,15.920
refmac,1QD9,15.307
refmac,1QJV,14.140
refmac,1QZN,8.429
refmac,1R1K,12.426
refmac,1R3U,11.125
refmac,1RFX,13.229
refmac,1RHC,15.981
refmac,1RJ1,8.626
refmac,1RJD,43.946
refmac,1RKG,10.602
refmac,1RZN,11.761
refmac,1S1C,9.985
refmac,1SO2,42.972
refmac,1SOT,35.054
refmac,1T3I,31.369
refmac,1TE5,15.673
refmac,1TGS,10.644
refmac,1TML,6.297
refmac,1TVL,18.226
refmac,1U1I,37.552
refmac,1UEF,8.462
refmac,1UJK,12.170
refmac,1UKV,30.497
refmac,1UTB,17.371
refmac,1UVQ,17.955
refmac,1V8Q,7.365
refmac,1VB3,12.792
refmac,1VCE,18.870
refmac,1VDD,22.911
refmac,1VER,5.922
refmac,1VK0,37.411
refmac,1VLM,13.080
refmac,1VR4,13.435
refmac,1W2Y,18.656
refmac,1W8A,6.134
refmac,1WD8,15.649
refmac,1WDV,10.663
refmac,1WLZ,15.357
refmac,1WTJ,42.220
refmac,1WTY,13.748
refmac,1WU2,20.472
refmac,1WV8,5.975
refmac,1WW9,29.464
refmac,1X1Q,17.988
refmac,1X6O,10.273
refmac,1XVS,10.700
refmac,1XX1,44.295
refmac,1Y7O,26.695
refmac,1Y8Q,44.602
refmac,1YEM,13.149
refmac,1YK3,43.680
refmac,1YMQ,9.307
refmac,1Z05,15.214
refmac,1Z3X,12.790
refmac,1ZEJ,27.974
refmac,1ZJ8,19.402
refmac,1ZKL,18.196
refmac,1ZZ0,94.556
refmac,2A25,8.539
refmac,2A3V,41.999
refmac,2A9S,11.624
refmac,2ACJ,8.747
refmac,2AE0,17.757
refmac,2AG0,47.952
refmac,2AHR,40.457
refmac,2AP2,9.819
refmac,2AQ4,18.382
refmac,2B2N,25.519
refmac,2B3X,22.807
refmac,2B5E,21.435
refmac,2B7O,27.658
refmac,2BON,15.461
refmac,2BTY,20.906
refmac,2C8X,9.833
refmac,2C90,9.790
refmac,2CB4,68.628
refmac,2CCH,66.736
refmac,2CCM,15.237
refmac,2CKL,11.563
refmac,2CZV,19.698
refmac,2D0T,19.762
refmac,2D68,9.144
refmac,2DOB,5.032
refmac,2DQ6,124.921
refmac,2DRY,8.957
refmac,2DX6,11.713
refmac,2E1M,13.474
refmac,2EO4,9.799
refmac,2EU9,27.091
refmac,2EXU,7.624
refmac,2F1F,22.401
refmac,2F2E,11.735
refmac,2F8L,14.927
refmac,2F9I,42.983
refmac,2F9Z,14.610
refmac,2FEX,25.854
refmac,2FFF,14.636
refmac,2FH9,11.159
refmac,2FTX,10.131
refmac,2G9W,11.204
refmac,2GA1,8.873
refmac,2GA9,17.745
refmac,2GD9,11.677
refmac,2GT1,22.629
refmac,2GUH,18.377
refmac,2HXW,19.717
refmac,2I53,13.334
refmac,2I7H,34.675
refmac,2IJE,10.078
refmac,2IO7,18.804
refmac,2IUC,25.226
refmac,2IVF,48.426
refmac,2IVM,11.921
refmac,2JAC,6.798
refmac,2JFN,12.697
refmac,2JH3,64.495
refmac,2NLY,7.752
refmac,2NN4,7.333
refmac,2NTX,33.928
refmac,2NVN,6.719
refmac,2OD8,21.241
refmac,2OO2,5.958
refmac,2OO3,8.579
refmac,2P0U,26.143
refmac,2P1L,20.608
refmac,2P38,16.162
refmac,2P62,18.272
refmac,2P8J,17.404
refmac,2P8Q,21.635
refmac,2PAV,19.770
refmac,2PJS,7.970
refmac,2PK9,29.182
refmac,2PN0,26.832
refmac,2PQN,9.395
refmac,2PQV,13.129
refmac,2PY2,33.838
refmac,2Q1Z,16.858
refmac,2QCO,8.134
refmac,2QE9,14.485
refmac,2QH9,12.002
refmac,2QHL,30.505
refmac,2QKL,7.357
refmac,2QL3,69.593
refmac,2QM7,19.606
refmac,2QML,12.356
refmac,2QOS,9.435
refmac,2QSV,9.540
refmac,2QYA,12.391
refmac,2R5F,8.113
refmac,2R6R,10.755
refmac,2RCC,44.100
refmac,2RH3,6.838
refmac,2V62,26.188
refmac,2VEF,20.530
refmac,2VUN,66.009
refmac,2VZB,23.453
refmac,2W3X,38.616
refmac,2W9Y,7.442
refmac,2WDZ,37.197
refmac,2WNH,36.917
refmac,2WP1,11.064
refmac,2X1C,79.242
refmac,2X26,21.693
refmac,2XD0,23.209
refmac,2XDO,30.492
refmac,2XN4,13.342
refmac,2XPI,22.334
refmac,2XPL,7.756
refmac,2XVS,7.211
refmac,2Y9W,27.211
refmac,2YEU,31.767
refmac,2YFA,18.988
refmac,2YGB,44.471
refmac,2YGK,13.685
refmac,2YJT,12.830
refmac,2YN0,16.118
refmac,2Z1D,17.998
refmac,2Z1Z,20.001
refmac,2Z7E,13.309
refmac,2ZIU,11.230
refmac,2ZME,15.579
refmac,2ZON,40.093
refmac,2ZUL,12.861
refmac,3A58,31.378
refmac,3ADO,14.231
refmac,3AMH,14.130
refmac,3AQG,6.636
refmac,3ATQ,16.107
refmac,3AV4,29.594
refmac,3B2D,28.769
refmac,3B8I,70.766
refmac,3BCI,9.859
refmac,3BGU,10.772
refmac,3BJ6,11.470
refmac,3BNK,10.110
refmac,3BVQ,15.344
refmac,3C7J,22.513
refmac,3CAX,16.050
refmac,3CB0,31.868
refmac,3CB5,26.600
refmac,3CBM,14.599
refmac,3CGG,12.200
refmac,3CMQ,12.228
refmac,3CQO,21.544
refmac,3CU3,8.929
refmac,3CXM,17.008
refmac,3D1M,25.900
refmac,3D49,18.914
refmac,3DEE,9.877
refmac,3DIW,10.339
refmac,3DJD,27.033
refmac,3DJN,5.448
refmac,3DLA,68.712
refmac,3DXI,16.076
refmac,3E7P,13.691
refmac,3E8S,14.032
refmac,3E8V,5.258
refmac,3E98,10.385
refmac,3E99,12.259
refmac,3EC1,16.071
refmac,3ED4,74.835
refmac,3EFY,28.844
refmac,3EUS,7.305
refmac,3FBI,17.583
refmac,3FJU,14.706
refmac,3FKK,20.473
refmac,3FPR,8.988
refmac,3FVE,9.780
refmac,3G39,8.716
refmac,3G3O,10.269
refmac,3G6L,11.567
refmac,3G85,13.617
refmac,3GF6,15.178
refmac,3GLR,16.902
refmac,3GM5,7.095
refmac,3GMV,8.251
refmac,3GQU,9.146
refmac,3GR5,11.875
refmac,3GXQ,5.697
refmac,3H1T,14.609
refmac,3H6E,19.239
refmac,3H6R,9.348
refmac,3H7O,14.497
refmac,3HBC,19.243
refmac,3HHC,16.536
refmac,3HL0,33.055
refmac,3HST,20.373
refmac,3HTK,17.561
refmac,3HTV,12.515
refmac,3I38,30.974
refmac,3IC8,24.272
refmac,3IHU,16.124
refmac,3IUG,17.334
refmac,3IVB,12.484
refmac,3JST,7.801
refmac,3JWH,11.301
refmac,3KFW,8.637
refmac,3KGR,10.621
refmac,3KKD,19.778
refmac,3KKE,22.685
refmac,3KOL,7.564
refmac,3KXR,11.229
refmac,3KZP,14.070
refmac,3L1W,75.002
refmac,3L2H,26.593
refmac,3L6F,14.368
refmac,3LLI,13.296
refmac,3LOC,19.085
refmac,3LS0,6.610
refmac,3LW3,11.686
refmac,3M1T,16.031
refmac,3M91,9.591
refmac,3MB2,18.921
refmac,3MKR,29.724
refmac,3ML3,11.578
refmac,3MML,52.916
refmac,3MQ2,14.953
refmac,3MV2,43.055
refmac,3MYU,21.238
refmac,3N39,17.715
refmac,3N55,17.570
refmac,3N5L,27.890
refmac,3N74,20.377
refmac,3N9U,25.486
refmac,3NJE,11.550
refmac,3NO8,9.924
refmac,3OAP,9.446
refmac,3OC7,22.533
refmac,3OEC,36.548
refmac,3OFJ,6.672
refmac,3OOQ,140.773
refmac,3P86,16.319
refmac,3PFY,8.334
refmac,3PPU,18.061
refmac,3PZ8,23.521
refmac,3QC1,8.708
refmac,3QKL,14.305
refmac,3QLA,15.919
refmac,3QNM,10.391
refmac,3QTA,16.197
refmac,3QVJ,24.267
refmac,3R0Q,23.948
refmac,3R6B,5.587
refmac,3RAZ,6.602
refmac,3RLE,10.633
refmac,3RQ4,10.464
refmac,3RST,42.551
refmac,3SF5,19.403
refmac,3SHW,9.994
refmac,3SOL,6.924
refmac,3SUZ,9.442
refmac,3T0Q,9.414
refmac,3T9O,9.336
refmac,3TCO,10.731
refmac,3THF,11.370
refmac,3TIX,27.059
refmac,3TSZ,10.093
refmac,3TU7,8.353
refmac,3TVA,22.183
refmac,3U1D,13.790
refmac,3U2A,6.552
refmac,3U66,6.867
refmac,3U9L,13.789
refmac,3UN9,22.154
refmac,3UNG,18.411
refmac,3UTN,13.301
refmac,3UVO,8.909
refmac,3V70,20.475
refmac,3VD8,11.059
refmac,3VEP,8.764
refmac,3VFO,16.127
refmac,3VFP,15.413
refmac,3VHL,15.687
refmac,3VPB,39.636
refmac,3VRJ,14.723
refmac,3VSM,26.410
refmac,3VST,134.539
refmac,3VUQ,20.306
refmac,3VYN,13.493
refmac,3W0L,36.312
refmac,3W3T,20.542
refmac,3W3W,28.646
refmac,3W56,7.096
refmac,3W8W,23.406
refmac,3WNV,27.759
refmac,3WTQ,10.752
refmac,3WW1,19.987
refmac,3X0X,115.245
refmac,3ZH9,13.887
refmac,3ZIE,16.819
refmac,4AK1,41.453
refmac,4ALY,12.265
refmac,4AOM,6.625
refmac,4AUP,9.536
refmac,4B18,12.818
refmac,4BU1,13.227
refmac,4BVE,12.686
refmac,4BX9,38.538
refmac,4C1S,18.935
refmac,4C6R,18.279
refmac,4CE5,43.877
refmac,4CGB,5.895
refmac,4CH9,20.634
refmac,4CKT,7.862
refmac,4CLF,34.450
refmac,4CSO,21.704
refmac,4D51,13.097
refmac,4DA2,17.075
refmac,4DOV,12.766
refmac,4EOY,10.749
refmac,4EWI,8.083
refmac,4EX5,25.777
refmac,4F0F,14.150
refmac,4F27,18.546
refmac,4FC4,69.427
refmac,4FE9,18.903
refmac,4FIX,50.664
refmac,4FYU,28.236
refmac,4G3H,33.059
refmac,4GMV,17.871
refmac,4H9D,12.521
refmac,4HIA,11.121
refmac,4HJW,27.825
refmac,4HKA,17.417
refmac,4HUJ,15.036
refmac,4ICH,12.082
refmac,4IDI,14.378
refmac,4JGX,9.354
refmac,4JHN,45.235
refmac,4JX2,20.551
refmac,4K36,31.456
refmac,4KH9,20.548
refmac,4KYQ,10.057
refmac,4L7Z,44.677
refmac,4L9U,7.563
refmac,4LD7,100.682
refmac,4LZ2,7.622
refmac,4MAA,10.338
refmac,4ME9,10.251
refmac,4MG5,15.364
refmac,4MG6,14.295
refmac,4MJG,9.997
refmac,4N39,31.341
refmac,4N5X,6.778
refmac,4NPJ,20.626
refmac,4NUF,10.138
refmac,4NWZ,34.420
refmac,4O62,20.275
refmac,4O92,7.056
refmac,4OC8,28.110
refmac,4OF8,28.972
refmac,4OFF,6.235
refmac,4OX3,9.256
refmac,4PDE,7.404
refmac,4PFS,12.812
refmac,4PQZ,6.686
refmac,4PRA,16.892
refmac,4PSI,7.818
refmac,4PV4,41.993
refmac,4Q13,12.411
refmac,4Q63,6.530
refmac,4QH8,15.695
refmac,4QKO,30.288
refmac,4QN8,16.554
refmac,4QQR,12.883
refmac,4QTP,16.817
refmac,4QXA,9.455
refmac,4R10,19.653
refmac,4RHO,12.798
refmac,4RK2,31.064
refmac,4RO5,16.386
refmac,4RQM,8.885
refmac,4TWL,17.640
refmac,4U7A,21.488
refmac,4UCI,23.422
refmac,4UDA,9.751
refmac,4UDP,24.900
refmac,4UWX,38.845
refmac,4UYI,12.135
refmac,4V15,31.177
refmac,4W2R,37.385
refmac,4WAL,8.043
refmac,4WIP,8.061
refmac,4WWM,7.555
refmac,4X3E,9.684
refmac,4XLG,27.811
refmac,4ZSF,15.707
refmac,4ZV9,41.222
refmac,5A0T,36.666
refmac,5AA5,118.783
refmac,5AD0,7.854
refmac,5B5I,7.057
refmac,5B5Q,14.827
refmac,5BOV,56.266
refmac,5BV6,6.503
refmac,5C5V,28.405
refmac,5C7F,19.866
refmac,5C8H,6.358
refmac,5CVR,13.059
refmac,5D5H,15.274
refmac,5DAY,11.386
refmac,5DBE,9.672
refmac,5DRM,13.720
refmac,5E15,12.530
refmac,5EBB,27.438
refmac,5EG2,18.876
refmac,5EGE,43.313
refmac,5ETA,16.819
refmac,5G09,55.305
refmac,5G23,27.207
refmac,5G4I,49.077
refmac,5GHR,26.247
refmac,5GJM,15.881
refmac,5GKV,11.535
refmac,5GOX,10.002
refmac,5GZI,22.889
refmac,5H5Y,16.791
refmac,5HRJ,6.546
refmac,5I2H,31.872
refmac,5I47,13.411
refmac,5I9E,37.884
refmac,5IAW,12.901
refmac,5IQM,13.423
refmac,5IY4,18.657
refmac,5IYX,18.969
refmac,5J0A,16.675
refmac,5J4A,13.449
refmac,5J9K,13.746
refmac,5JD9,19.349
refmac,5JHO,14.315
refmac,5JI5,11.161
refmac,5JTA,23.308
refmac,5K2X,20.213
refmac,5K6S,11.885
refmac,5LTD,13.586
refmac,5LU2,14.487
refmac,5LW0,19.879
refmac,5ME9,25.203
refmac,5MLK,30.021
refmac,5MLZ,19.899
refmac,5MXY,6.162
refmac,5N6H,20.327
refmac,5N8R,82.383
refmac,5NTB,11.216
refmac,5O6B,42.371
refmac,5OF1,14.266
refmac,5OF9,40.251
refmac,5OMB,20.097
refmac,5OU8,15.137
refmac,5Q1D,27.358
refmac,5Q1H,30.193
refmac,5SVE,14.869
refmac,5T0K,24.925
refmac,5T0M,18.102
refmac,5T1G,9.155
refmac,5TDY,10.266
refmac,5TJA,11.596
refmac,5TLD,12.354
refmac,5TM9,12.181
refmac,5TTA,15.754
refmac,5TV7,15.218
refmac,5U6K,38.179
refmac,5UQP,11.854
refmac,5UV4,9.374
refmac,5UX5,78.503
refmac,5UXG,21.129
refmac,5UZU,19.962
refmac,5V8W,21.127
refmac,5VIA,14.546
refmac,5VLB,63.507
refmac,5VQG,7.505
refmac,5WB4,37.042
refmac,5WJQ,10.276
refmac,5WRR,34.963
refmac,5WWW,7.391
refmac,5X6S,27.693
refmac,5XG9,25.315
refmac,5XHW,10.292
refmac,5XMZ,6.819
refmac,5XRW,8.748
refmac,5XUK,8.822
refmac,5XUQ,8.692
refmac,5XVW,19.870
refmac,5Y9I,10.284
refmac,5YAY,14.718
refmac,5Z6D,17.682
refmac,5Z6V,7.524
refmac,5Z8L,9.245
refmac,5ZOO,18.382
refmac,6A0E,19.171
refmac,6A93,9.384
refmac,6AF3,17.992
refmac,6AGI,14.540
refmac,6B8Q,18.282
refmac,6CGO,34.675
refmac,6COK,9.939
refmac,6CQL,20.101
refmac,6CW5,13.172
refmac,6D2V,19.199
refmac,6D97,53.627
refmac,6DDT,23.641
refmac,6DF3,18.609
refmac,6E0M,16.786
refmac,6EC7,22.057
refmac,6EUS,54.539
refmac,6EWJ,50.769
refmac,6EYS,43.168
refmac,6F1S,6.069
refmac,6FJU,15.912
refmac,6FOK,91.751
refmac,6FX6,7.633
refmac,6GBS,24.229
refmac,6GP7,6.274
refmac,6GXS,55.086
refmac,6HFG,7.671
refmac,6I1R,16.138
refmac,6I50,13.309
refmac,6IIW,7.461
refmac,6IQJ,9.048
refmac,6IR8,6.589
refmac,6J17,9.275
refmac,6J72,23.449
refmac,6J7Y,15.455
refmac,6JC4,33.598
refmac,6JJW,11.704
refmac,6JZA,5.617
refmac,6K6R,9.257
refmac,6L8E,36.855
refmac,6L9F,20.750
refmac,6LKG,27.335
refmac,6M20,47.800
refmac,6N5U,10.335
refmac,6O6N,10.066
refmac,6OHI,16.500
refmac,6PEU,48.138
refmac,6PJQ,9.032
refmac,6PNP,13.289
refmac,6PUP,7.898
refmac,6R0L,5.461
refmac,6R6T,20.904
refmac,6RFT,50.466
refmac,6RPT,15.593
refmac,6RR0,30.229
refmac,6RSN,6.664
refmac,6S2P,10.769
refmac,6SRB,23.544
refmac,6SXW,4.961
refmac,6T80,18.073
refmac,6TCT,23.928
refmac,6TT5,15.725
refmac,6TWJ,23.534
refmac,6U2D,9.954
refmac,6U75,12.208
refmac,6UB7,11.625
refmac,6V7M,7.550
refmac,6VD8,6.268
refmac,6VHI,5.766
refmac,6VPT,12.005
refmac,6VS7,27.687
refmac,6W9K,21.678
refmac,6WT6,10.571
refmac,6XZ6,14.010
refmac,6YFV,21.050
refmac,6Z1S,17.707
refmac,6Z3U,25.249
refmac,6ZH1,11.664
refmac,6ZUW,11.953
refmac,7AUI,8.337
refmac,7BV5,26.598
refmac,7BW1,17.229
refmac,7C7E,9.010
refmac,7CFD,42.396
refmac,7CWW,13.305
refmac,7D86,8.146
refmac,7DUF,5.910
refmac,7E2E,11.545
refmac,7EWF,17.880
refmac,7F9K,6.200
refmac,7F9M,16.554
refmac,7FHR,26.262
refmac,7JI4,5.972
refmac,7JN9,5.874
refmac,7K3J,18.822
refmac,7KQ0,25.241
refmac,7LF4,24.563
