code,engine,r_work,r_free
1A0F,prediction,0.3743,0.3684
1A0F,refmac,0.2201,0.2485
1A0F,phenix,0.2226,0.2517
1A0F,torchref,0.212,0.2563
1A46,prediction,0.44,0.4284
1A46,refmac,0.3205,0.3519
1A46,phenix,0.3126,0.3446
1A46,torchref,0.309,0.3494
1A4E,prediction,0.3102,0.311
1A4E,refmac,0.1942,0.2274
1A4E,phenix,0.2006,0.2314
1A4E,torchref,0.1954,0.2365
1A4I,prediction,0.5054,0.5275
1A4I,refmac,0.3386,0.3836
1A4I,phenix,0.3176,0.3561
1A4I,torchref,0.2993,0.3542
1A7V,prediction,0.3401,0.3755
1A7V,refmac,0.2358,0.2934
1A7V,phenix,0.231,0.3049
1A7V,torchref,0.2329,0.2996
1AJ6,prediction,0.4359,0.4058
1AJ6,refmac,0.3334,0.3585
1AJ6,phenix,0.2853,0.3298
1AJ6,torchref,0.2987,0.3441
1AK5,prediction,0.3714,0.3782
1AK5,refmac,0.2086,0.2278
1AK5,phenix,0.218,0.2362
1AK5,torchref,0.2033,0.2321
1ANU,prediction,0.3756,0.3769
1ANU,refmac,0.1949,0.2381
1ANU,phenix,0.2007,0.2661
1ANU,torchref,0.1916,0.2683
1APX,prediction,0.3446,0.3579
1APX,refmac,0.2514,0.3021
1APX,phenix,0.2463,0.2952
1APX,torchref,0.2406,0.3015
1AQZ,prediction,0.3708,0.3642
1AQZ,refmac,0.2321,0.2715
1AQZ,phenix,0.2347,0.2701
1AQZ,torchref,0.2292,0.2774
1AT0,prediction,0.397,0.421
1AT0,refmac,0.2829,0.3376
1AT0,torchref,0.2692,0.3348
1B37,prediction,0.3635,0.3599
1B37,refmac,0.2566,0.2806
1B37,phenix,0.2608,0.2782
1B37,torchref,0.2533,0.2815
1B9K,prediction,0.4171,0.4388
1B9K,refmac,0.2417,0.2822
1B9K,phenix,0.2373,0.2829
1B9K,torchref,0.2276,0.2764
1BIA,prediction,0.4453,0.4292
1BIA,refmac,0.2863,0.3479
1BIA,phenix,0.2822,0.3475
1BIA,torchref,0.258,0.3515
1BM7,prediction,0.3394,0.3154
1BM7,refmac,0.2098,0.2468
1BM7,phenix,0.2207,0.2527
1BM7,torchref,0.2025,0.247
1BQG,prediction,0.3881,0.3643
1BQG,refmac,0.2111,0.2364
1BQG,torchref,0.202,0.2403
1BX0,prediction,0.3671,0.3831
1BX0,refmac,0.2387,0.289
1BX0,phenix,0.2381,0.2842
1BX0,torchref,0.2238,0.2784
1BXE,prediction,0.4664,0.4294
1BXE,refmac,0.3142,0.3499
1BXE,phenix,0.3324,0.3483
1BXE,torchref,0.3046,0.3526
1BYW,prediction,0.3948,0.3282
1BYW,refmac,0.2229,0.2132
1BYW,phenix,0.2448,0.2534
1BYW,torchref,0.2507,0.3089
1C3F,prediction,0.3556,0.3874
1C3F,refmac,0.2567,0.3156
1C3F,phenix,0.2573,0.324
1C3F,torchref,0.2434,0.317
1CI0,prediction,0.4173,0.4049
1CI0,refmac,0.238,0.2971
1CI0,phenix,0.2488,0.2933
1CI0,torchref,0.2444,0.2887
1CSM,prediction,0.3184,0.303
1CSM,refmac,0.2124,0.2495
1CSM,phenix,0.2198,0.2551
1CSM,torchref,0.2078,0.2554
1D9E,prediction,0.3492,0.3413
1D9E,refmac,0.2296,0.2571
1D9E,phenix,0.238,0.269
1D9E,torchref,0.2286,0.2607
1DAW,prediction,0.4048,0.393
1DAW,refmac,0.2765,0.325
1DAW,phenix,0.2799,0.3174
1DAW,torchref,0.2663,0.324
1DLM,prediction,0.3816,0.3792
1DLM,refmac,0.2248,0.2731
1DLM,phenix,0.223,0.265
1DLM,torchref,0.2115,0.2683
1DQ3,prediction,0.4681,0.4742
1DQ3,refmac,0.325,0.3829
1DQ3,phenix,0.3291,0.3751
1DQ3,torchref,0.3106,0.3854
1DQ8,prediction,0.3313,0.3271
1DQ8,refmac,0.2078,0.2885
1DQ8,phenix,0.2103,0.2838
1DQ8,torchref,0.1978,0.2907
1E79,prediction,0.4699,0.4511
1E79,refmac,0.3335,0.3807
1E79,phenix,0.3188,0.3693
1E79,torchref,0.3481,0.3836
1EJ1,prediction,0.4066,0.3873
1EJ1,refmac,0.2594,0.2901
1EJ1,phenix,0.2588,0.3063
1EJ1,torchref,0.255,0.3183
1EJH,prediction,0.3918,0.3713
1EJH,refmac,0.2636,0.299
1EJH,phenix,0.2677,0.3056
1EJH,torchref,0.2473,0.2946
1ETE,prediction,0.3933,0.4407
1ETE,refmac,0.275,0.3443
1ETE,phenix,0.2828,0.3541
1ETE,torchref,0.2645,0.3453
1EZW,prediction,0.3616,0.3503
1EZW,refmac,0.2334,0.2431
1EZW,phenix,0.2429,0.2484
1EZW,torchref,0.23,0.2461
1F97,prediction,0.3903,0.3413
1F97,refmac,0.2152,0.2371
1F97,phenix,0.2106,0.2619
1F97,torchref,0.2158,0.2716
1FG3,prediction,0.3755,0.4028
1FG3,refmac,0.2569,0.304
1FG3,phenix,0.2502,0.3075
1FG3,torchref,0.2583,0.3091
1FIO,prediction,0.4905,0.4655
1FIO,refmac,0.3893,0.4144
1FIO,phenix,0.3945,0.3959
1FIO,torchref,0.3612,0.404
1FKM,prediction,0.3854,0.392
1FKM,refmac,0.2676,0.3146
1FKM,phenix,0.2737,0.3105
1FKM,torchref,0.2618,0.3162
1FSI,prediction,0.4224,0.4025
1FSI,refmac,0.2698,0.3048
1FSI,phenix,0.285,0.3334
1FSI,torchref,0.2728,0.3129
1GHW,prediction,0.4503,0.472
1GHW,refmac,0.363,0.4105
1GHW,phenix,0.3605,0.4271
1GHW,torchref,0.323,0.3944
1GPQ,prediction,0.4247,0.4562
1GPQ,refmac,0.2593,0.3056
1GPQ,phenix,0.2594,0.3065
1GPQ,torchref,0.2449,0.2969
1GQ8,prediction,0.3702,0.3651
1GQ8,refmac,0.2437,0.2623
1GQ8,phenix,0.2438,0.2563
1GQ8,torchref,0.2285,0.2558
1GQ9,prediction,0.4299,0.4296
1GQ9,refmac,0.2935,0.3229
1GQ9,phenix,0.2662,0.3434
1GQ9,torchref,0.3893,0.3946
1GUI,prediction,0.3944,0.4059
1GUI,refmac,0.2735,0.3255
1GUI,phenix,0.2826,0.3235
1GUI,torchref,0.2673,0.326
1GYJ,prediction,0.3992,0.4103
1GYJ,refmac,0.2758,0.3291
1GYJ,phenix,0.2682,0.3217
1GYJ,torchref,0.2654,0.3258
1H8V,prediction,0.3711,0.3685
1H8V,refmac,0.2501,0.2849
1H8V,phenix,0.2432,0.2846
1H8V,torchref,0.2408,0.2891
1HN0,prediction,0.4239,0.4207
1HN0,refmac,0.2454,0.2805
1HN0,phenix,0.2522,0.286
1HN0,torchref,0.2414,0.2881
1HNO,prediction,0.369,0.3984
1HNO,refmac,0.2237,0.2668
1HNO,phenix,0.2297,0.276
1HNO,torchref,0.223,0.2698
1HTN,prediction,0.3291,0.3524
1HTN,refmac,0.1779,0.2389
1HTN,phenix,0.1774,0.2304
1HTN,torchref,0.1785,0.2145
1I1N,prediction,0.4136,0.4211
1I1N,refmac,0.2758,0.3061
1I1N,phenix,0.2764,0.2982
1I1N,torchref,0.2597,0.2941
1I3A,prediction,0.4237,0.4458
1I3A,refmac,0.2605,0.3289
1I3A,phenix,0.2618,0.3394
1I3A,torchref,0.2559,0.3331
1IDQ,prediction,0.3002,0.2988
1IDQ,refmac,0.2059,0.2342
1IDQ,phenix,0.2126,0.2375
1IDQ,torchref,0.2001,0.237
1IKN,prediction,0.4489,0.4528
1IKN,refmac,0.3323,0.379
1IKN,phenix,0.3452,0.4208
1IKN,torchref,0.3257,0.392
1ITK,prediction,0.373,0.3825
1ITK,refmac,0.2559,0.2905
1ITK,phenix,0.2606,0.2957
1ITK,torchref,0.25,0.3033
1J3P,prediction,0.3866,0.395
1J3P,refmac,0.2493,0.2949
1J3P,phenix,0.254,0.2873
1J3P,torchref,0.241,0.293
1J53,prediction,0.4122,0.3799
1J53,refmac,0.2927,0.3091
1J53,phenix,0.2892,0.3156
1J53,torchref,0.2819,0.3273
1J5W,prediction,0.4091,0.4076
1J5W,refmac,0.2621,0.3208
1J5W,phenix,0.2732,0.3188
1J5W,torchref,0.2561,0.3234
1J8B,prediction,0.4902,0.5203
1J8B,refmac,0.3997,0.4582
1J8B,phenix,0.385,0.416
1J8B,torchref,0.3664,0.4399
1JAC,prediction,0.318,0.3411
1JAC,refmac,0.2401,0.3002
1JAC,phenix,0.245,0.3064
1JAC,torchref,0.2459,0.3165
1JAD,prediction,0.462,0.468
1JAD,refmac,0.367,0.3898
1JAD,phenix,0.3404,0.3644
1JAD,torchref,0.3582,0.4106
1JN9,prediction,0.4888,0.494
1JN9,refmac,0.4404,0.5049
1JN9,phenix,0.4674,0.5164
1JN9,torchref,0.4457,0.5098
1JU3,prediction,0.3383,0.3443
1JU3,refmac,0.2567,0.2845
1JU3,phenix,0.2604,0.2824
1JU3,torchref,0.2532,0.2858
1K6D,prediction,0.3997,0.3831
1K6D,refmac,0.247,0.2853
1K6D,phenix,0.2597,0.2917
1K6D,torchref,0.2336,0.2878
1K7T,prediction,0.3758,0.3625
1K7T,refmac,0.2741,0.3207
1K7T,phenix,0.2858,0.3315
1K7T,torchref,0.2799,0.3326
1L9X,prediction,0.3418,0.3419
1L9X,refmac,0.2277,0.2533
1L9X,phenix,0.2328,0.2543
1L9X,torchref,0.2228,0.2547
1LNZ,prediction,0.4723,0.4877
1LNZ,refmac,0.4107,0.4613
1LNZ,phenix,0.4131,0.4774
1LNZ,torchref,0.429,0.4676
1M6E,prediction,0.3356,0.3218
1M6E,refmac,0.2118,0.2406
1M6E,phenix,0.2257,0.2335
1M6E,torchref,0.2182,0.2262
1N0L,prediction,0.4298,0.4126
1N0L,refmac,0.3073,0.3548
1N0L,phenix,0.3011,0.3609
1N6J,prediction,0.4796,0.4869
1N6J,refmac,0.3859,0.4305
1N6J,phenix,0.4055,0.447
1N6J,torchref,0.371,0.4471
1O4V,prediction,0.316,0.3141
1O4V,refmac,0.2075,0.2449
1O4V,phenix,0.2188,0.2532
1O4V,torchref,0.2025,0.2518
1O5T,prediction,0.4616,0.4758
1O5T,refmac,0.3055,0.3954
1O5T,phenix,0.2864,0.3607
1O5T,torchref,0.2721,0.3663
1O6D,prediction,0.3821,0.3963
1O6D,refmac,0.2687,0.2917
1O6D,phenix,0.2735,0.2914
1O6D,torchref,0.2567,0.306
1OBR,prediction,0.3049,0.2927
1OBR,refmac,0.1909,0.2138
1OBR,phenix,0.1848,0.2119
1OBR,torchref,0.2038,0.2335
1OC0,prediction,0.4395,0.4507
1OC0,refmac,0.2735,0.3639
1OC0,phenix,0.2735,0.3541
1OC0,torchref,0.2578,0.3395
1OE4,prediction,0.3616,0.3519
1OE4,refmac,0.266,0.3
1OE4,phenix,0.268,0.299
1OE4,torchref,0.2573,0.2996
1OMW,prediction,0.4085,0.4389
1OMW,refmac,0.2525,0.3323
1OMW,phenix,0.2901,0.3642
1OMW,torchref,0.26,0.3309
1OQE,prediction,0.3234,0.3188
1OQE,refmac,0.2202,0.2513
1OQE,phenix,0.2402,0.2712
1OQE,torchref,0.2206,0.2584
1OSC,prediction,0.3278,0.3201
1OSC,refmac,0.2079,0.2579
1OSC,phenix,0.224,0.2617
1OSC,torchref,0.206,0.2589
1OY5,prediction,0.4632,0.461
1OY5,refmac,0.314,0.3644
1OY5,phenix,0.3254,0.3793
1OY5,torchref,0.3033,0.3551
1P3C,prediction,0.3306,0.3452
1P3C,refmac,0.1921,0.2296
1P3C,phenix,0.1992,0.2277
1P3C,torchref,0.1866,0.2279
1P4X,prediction,0.5177,0.5073
1P4X,refmac,0.3548,0.3733
1P4X,phenix,0.3313,0.3641
1P4X,torchref,0.3257,0.369
1PG3,prediction,0.3317,0.3264
1PG3,refmac,0.2241,0.2821
1PG3,phenix,0.2233,0.2844
1PG3,torchref,0.2169,0.29
1PJR,prediction,0.502,0.4961
1PJR,refmac,0.3554,0.3896
1PJR,phenix,0.3269,0.3569
1PJR,torchref,0.3115,0.3571
1PXZ,prediction,0.3502,0.3529
1PXZ,refmac,0.2429,0.2703
1PXZ,phenix,0.2471,0.2699
1PXZ,torchref,0.2342,0.2686
1Q15,prediction,0.442,0.4373
1Q15,refmac,0.2559,0.314
1Q15,phenix,0.2446,0.3001
1Q15,torchref,0.2381,0.3045
1QB5,prediction,0.3664,0.3491
1QB5,refmac,0.2081,0.2452
1QB5,phenix,0.2065,0.2431
1QB5,torchref,0.1898,0.2442
1QD9,prediction,0.3912,0.4031
1QD9,refmac,0.2815,0.3306
1QD9,phenix,0.257,0.3066
1QD9,torchref,0.2685,0.3387
1QJV,prediction,0.3168,0.3293
1QJV,refmac,0.2235,0.2721
1QJV,phenix,0.2225,0.2717
1QJV,torchref,0.217,0.2779
1QZN,prediction,0.3807,0.4053
1QZN,refmac,0.2386,0.2953
1QZN,phenix,0.2487,0.2967
1QZN,torchref,0.2362,0.3124
1R1K,prediction,0.4092,0.3991
1R1K,refmac,0.237,0.3137
1R1K,phenix,0.2625,0.3302
1R1K,torchref,0.2675,0.3306
1R3U,prediction,0.341,0.3773
1R3U,refmac,0.2092,0.2741
1R3U,phenix,0.2249,0.2699
1R3U,torchref,0.2083,0.2841
1RFX,prediction,0.4648,0.4636
1RFX,refmac,0.3297,0.379
1RFX,phenix,0.3593,0.4003
1RFX,torchref,0.3177,0.3669
1RHC,prediction,0.4057,0.4098
1RHC,refmac,0.2182,0.2388
1RHC,phenix,0.2292,0.2505
1RHC,torchref,0.2133,0.2436
1RJ1,prediction,0.3984,0.4158
1RJ1,refmac,0.2585,0.2802
1RJ1,phenix,0.2673,0.2905
1RJ1,torchref,0.2469,0.2766
1RJD,prediction,0.3899,0.3899
1RJD,refmac,0.2598,0.2796
1RJD,phenix,0.2559,0.2779
1RJD,torchref,0.2432,0.2764
1RKG,prediction,0.3877,0.4139
1RKG,refmac,0.2632,0.3183
1RKG,phenix,0.2827,0.3374
1RKG,torchref,0.2606,0.3212
1RZN,prediction,0.3873,0.3838
1RZN,refmac,0.2419,0.2782
1RZN,phenix,0.2433,0.2704
1RZN,torchref,0.2316,0.2819
1S1C,prediction,0.3987,0.4424
1S1C,refmac,0.2981,0.3847
1S1C,phenix,0.3015,0.3911
1S1C,torchref,0.2968,0.3992
1SO2,prediction,0.3464,0.3232
1SO2,refmac,0.2428,0.2818
1SO2,phenix,0.2535,0.2861
1SO2,torchref,0.2396,0.2968
1SOT,prediction,0.4705,0.4835
1SOT,refmac,0.3174,0.3641
1SOT,phenix,0.33,0.3722
1SOT,torchref,0.3088,0.3564
1T3I,prediction,0.3703,0.3687
1T3I,refmac,0.2347,0.2693
1T3I,phenix,0.24,0.27
1T3I,torchref,0.2325,0.2754
1TE5,prediction,0.438,0.419
1TE5,refmac,0.3078,0.3452
1TE5,phenix,0.3179,0.3565
1TE5,torchref,0.2938,0.3465
1TGS,prediction,0.3615,0.3849
1TGS,refmac,0.2403,0.292
1TGS,phenix,0.2374,0.2879
1TGS,torchref,0.2165,0.2732
1TML,prediction,0.3056,0.2868
1TML,refmac,0.1642,0.2244
1TML,phenix,0.1505,0.2226
1TML,torchref,0.177,0.2473
1TVL,prediction,0.3944,0.3857
1TVL,refmac,0.2393,0.2756
1TVL,phenix,0.258,0.2931
1TVL,torchref,0.2363,0.2782
1U1I,prediction,0.3818,0.3787
1U1I,refmac,0.278,0.3373
1U1I,phenix,0.2782,0.337
1U7B,prediction,0.4509,0.4494
1U7B,refmac,0.2869,0.3373
1U7B,torchref,0.2719,0.3434
1UEF,prediction,0.4306,0.4786
1UEF,refmac,0.3539,0.4413
1UEF,phenix,0.3966,0.4574
1UEF,torchref,0.3383,0.4077
1UJK,prediction,0.4118,0.4246
1UJK,refmac,0.3049,0.3372
1UJK,phenix,0.3074,0.3256
1UJK,torchref,0.2875,0.3274
1UKV,prediction,0.4879,0.5053
1UKV,refmac,0.334,0.3667
1UKV,phenix,0.3232,0.3578
1UKV,torchref,0.3103,0.3529
1UTB,prediction,0.3326,0.3326
1UTB,refmac,0.2237,0.2592
1UTB,phenix,0.2404,0.2784
1UTB,torchref,0.2279,0.2633
1UVQ,prediction,0.4768,0.4802
1UVQ,refmac,0.3103,0.3405
1UVQ,phenix,0.3231,0.3511
1UVQ,torchref,0.301,0.332
1V8Q,prediction,0.3624,0.3714
1V8Q,refmac,0.2211,0.2747
1V8Q,phenix,0.2258,0.3025
1V8Q,torchref,0.2456,0.3307
1VB3,prediction,0.3897,0.3692
1VB3,refmac,0.2457,0.2737
1VB3,phenix,0.2432,0.2689
1VB3,torchref,0.2347,0.2829
1VCE,prediction,0.37,0.3682
1VCE,refmac,0.2565,0.2926
1VCE,phenix,0.2647,0.2993
1VCE,torchref,0.2557,0.3022
1VDD,prediction,0.4421,0.4399
1VDD,refmac,0.245,0.29
1VDD,phenix,0.2754,0.3148
1VDD,torchref,0.2669,0.3162
1VER,prediction,0.3624,0.3392
1VER,refmac,0.2083,0.2548
1VER,phenix,0.2298,0.252
1VER,torchref,0.2321,0.2742
1VK0,prediction,0.4133,0.4184
1VK0,refmac,0.2638,0.3052
1VK0,phenix,0.2604,0.2983
1VK0,torchref,0.2545,0.3035
1VLM,prediction,0.3783,0.3977
1VLM,refmac,0.2699,0.3347
1VLM,phenix,0.2766,0.3333
1VLM,torchref,0.2648,0.3375
1VR4,prediction,0.4116,0.3872
1VR4,refmac,0.2827,0.333
1VR4,phenix,0.2862,0.3463
1VR4,torchref,0.272,0.3446
1VRQ,prediction,0.4251,0.4349
1VRQ,refmac,0.2387,0.2781
1VRQ,phenix,0.25,0.2874
1VRQ,torchref,0.2393,0.2889
1W2Y,prediction,0.4395,0.4269
1W2Y,refmac,0.2658,0.2865
1W2Y,phenix,0.2748,0.2914
1W2Y,torchref,0.2572,0.2891
1W8A,prediction,0.3903,0.3479
1W8A,refmac,0.2057,0.2756
1W8A,phenix,0.2117,0.2776
1W8A,torchref,0.233,0.2822
1WD8,prediction,0.3963,0.4277
1WD8,refmac,0.2126,0.2801
1WD8,phenix,0.2383,0.2985
1WD8,torchref,0.2276,0.2999
1WDV,prediction,0.4162,0.3845
1WDV,refmac,0.2786,0.3044
1WDV,phenix,0.2799,0.3095
1WDV,torchref,0.2676,0.3096
1WLZ,prediction,0.4395,0.4399
1WLZ,refmac,0.2864,0.3041
1WLZ,phenix,0.2852,0.3068
1WLZ,torchref,0.2712,0.3042
1WTJ,prediction,0.4473,0.4493
1WTJ,refmac,0.256,0.278
1WTJ,phenix,0.2739,0.2946
1WTJ,torchref,0.2477,0.2767
1WTY,prediction,0.3936,0.3904
1WTY,refmac,0.2732,0.324
1WTY,phenix,0.2754,0.3166
1WTY,torchref,0.2643,0.3282
1WU2,prediction,0.4596,0.4537
1WU2,refmac,0.3329,0.3785
1WU2,phenix,0.3191,0.3635
1WU2,torchref,0.3051,0.3683
1WV8,prediction,0.4989,0.4754
1WV8,refmac,0.4039,0.4657
1WV8,phenix,0.3235,0.4486
1WV8,torchref,0.4887,0.5017
1WW9,prediction,0.4294,0.4353
1WW9,refmac,0.2699,0.3003
1WW9,phenix,0.2814,0.3051
1WW9,torchref,0.2627,0.3045
1X1Q,prediction,0.4705,0.4771
1X1Q,refmac,0.3153,0.3889
1X1Q,phenix,0.3112,0.3851
1X1Q,torchref,0.3545,0.3969
1X6O,prediction,0.4515,0.4455
1X6O,refmac,0.3014,0.315
1X6O,phenix,0.3003,0.3153
1X6O,torchref,0.2774,0.3069
1XHD,prediction,0.4043,0.4283
1XHD,refmac,0.258,0.3004
1XHD,phenix,0.2701,0.3122
1XHD,torchref,0.2541,0.3088
1XQZ,prediction,0.3693,0.3618
1XQZ,refmac,0.2919,0.3078
1XQZ,torchref,0.2923,0.314
1XVS,prediction,0.3953,0.3916
1XVS,refmac,0.2951,0.3229
1XVS,phenix,0.2947,0.3302
1XVS,torchref,0.2815,0.3129
1XVW,prediction,0.399,0.4181
1XVW,refmac,0.2467,0.2896
1XVW,torchref,0.2353,0.298
1XX1,prediction,0.3605,0.3628
1XX1,refmac,0.25,0.2767
1XX1,phenix,0.2544,0.2785
1XX1,torchref,0.2437,0.2797
1Y08,prediction,0.3427,0.3613
1Y08,refmac,0.2473,0.3006
1Y08,torchref,0.2458,0.3006
1Y7O,prediction,0.3923,0.3727
1Y7O,refmac,0.305,0.3428
1Y7O,phenix,0.302,0.3538
1Y7O,torchref,0.2993,0.3462
1Y8Q,prediction,0.3808,0.3686
1Y8Q,refmac,0.2276,0.2618
1Y8Q,phenix,0.2355,0.2672
1Y8Q,torchref,0.2265,0.2675
1Y98,prediction,0.3668,0.3957
1Y98,refmac,0.2704,0.3111
1Y98,torchref,0.2541,0.3248
1YEM,prediction,0.3865,0.3873
1YEM,refmac,0.2365,0.278
1YEM,phenix,0.2551,0.2851
1YEM,torchref,0.2355,0.2859
1YK3,prediction,0.399,0.4048
1YK3,refmac,0.2513,0.3061
1YK3,phenix,0.2631,0.3077
1YK3,torchref,0.2504,0.3088
1YMQ,prediction,0.4045,0.426
1YMQ,refmac,0.2368,0.273
1YMQ,phenix,0.2418,0.2685
1YMQ,torchref,0.2262,0.2634
1YRX,prediction,0.532,0.5503
1YRX,refmac,0.4692,0.526
1YRX,torchref,0.4294,0.4977
1Z05,prediction,0.5155,0.5158
1Z05,refmac,0.3492,0.3815
1Z05,phenix,0.3494,0.3803
1Z05,torchref,0.2955,0.3427
1Z3X,prediction,0.3711,0.3802
1Z3X,refmac,0.2625,0.2805
1Z3X,phenix,0.2696,0.2858
1Z3X,torchref,0.2521,0.286
1ZEJ,prediction,0.4808,0.4516
1ZEJ,refmac,0.288,0.3209
1ZEJ,phenix,0.2972,0.3281
1ZEJ,torchref,0.3206,0.3467
1ZJ8,prediction,0.3543,0.3453
1ZJ8,refmac,0.2619,0.3388
1ZJ8,phenix,0.258,0.3048
1ZJ8,torchref,0.2586,0.307
1ZKL,prediction,0.3875,0.3858
1ZKL,refmac,0.2515,0.2706
1ZKL,phenix,0.2592,0.2704
1ZKL,torchref,0.2455,0.271
1ZZ0,prediction,0.3614,0.3574
1ZZ0,refmac,0.2327,0.2507
1ZZ0,phenix,0.2394,0.2567
1ZZ0,torchref,0.2263,0.2546
2A25,prediction,0.4046,0.4024
2A25,refmac,0.2895,0.33
2A25,phenix,0.3134,0.3646
2A25,torchref,0.2735,0.3537
2A3V,prediction,0.4942,0.4863
2A3V,refmac,0.4093,0.4594
2A3V,phenix,0.4059,0.4553
2A3V,torchref,0.4111,0.4528
2A65,prediction,0.4435,0.4457
2A65,refmac,0.2473,0.2681
2A65,torchref,0.2286,0.2594
2A9S,prediction,0.3629,0.3499
2A9S,refmac,0.2346,0.2541
2A9S,phenix,0.2349,0.2503
2A9S,torchref,0.2182,0.2456
2ACJ,prediction,0.4965,0.4991
2ACJ,refmac,0.4553,0.5212
2ACJ,phenix,0.4381,0.5164
2ACJ,torchref,0.4625,0.4902
2AE0,prediction,0.5254,0.5262
2AE0,refmac,0.431,0.4669
2AE0,phenix,0.4652,0.502
2AE0,torchref,0.4373,0.4957
2AG0,prediction,0.3856,0.3862
2AG0,refmac,0.2201,0.2725
2AG0,phenix,0.2219,0.2781
2AG0,torchref,0.2205,0.2884
2AHR,prediction,0.4745,0.4673
2AHR,refmac,0.301,0.3558
2AHR,phenix,0.2923,0.3392
2AHR,torchref,0.276,0.3398
2AP2,prediction,0.5304,0.5341
2AP2,refmac,0.4997,0.551
2AP2,phenix,0.4939,0.554
2AP2,torchref,0.5093,0.5525
2AQ4,prediction,0.4265,0.4115
2AQ4,refmac,0.3302,0.3517
2AQ4,phenix,0.3286,0.3556
2AQ4,torchref,0.3214,0.3521
2B2N,prediction,0.4859,0.4795
2B2N,refmac,0.2967,0.325
2B2N,phenix,0.3103,0.3251
2B2N,torchref,0.2772,0.3116
2B3X,prediction,0.4947,0.4846
2B3X,refmac,0.3631,0.4233
2B3X,phenix,0.3348,0.4044
2B3X,torchref,0.3845,0.43
2B5E,prediction,0.5174,0.5082
2B5E,refmac,0.3776,0.435
2B5E,phenix,0.3939,0.4537
2B5E,torchref,0.3549,0.4102
2B7O,prediction,0.3951,0.4005
2B7O,refmac,0.2631,0.3044
2B7O,phenix,0.2759,0.3112
2B7O,torchref,0.2594,0.304
2BON,prediction,0.4116,0.4122
2BON,refmac,0.2814,0.3047
2BON,phenix,0.3076,0.3412
2BON,torchref,0.3986,0.4433
2BTY,prediction,0.4242,0.4102
2BTY,refmac,0.2539,0.3218
2BTY,phenix,0.2748,0.3332
2BTY,torchref,0.2662,0.3333
2C8X,prediction,0.4879,0.4816
2C8X,refmac,0.3916,0.4299
2C8X,phenix,0.3687,0.4059
2C8X,torchref,0.3557,0.4013
2C90,prediction,0.4769,0.4703
2C90,refmac,0.3825,0.45
2C90,phenix,0.3744,0.4379
2C90,torchref,0.3663,0.4597
2CB4,prediction,0.3342,0.3362
2CB4,refmac,0.2449,0.2988
2CB4,phenix,0.2519,0.301
2CB4,torchref,0.2453,0.3077
2CCH,prediction,0.4451,0.4455
2CCH,refmac,0.3386,0.3645
2CCH,phenix,0.3535,0.3742
2CCH,torchref,0.3085,0.3452
2CCM,prediction,0.3845,0.3906
2CCM,refmac,0.2476,0.2838
2CCM,phenix,0.2533,0.2849
2CCM,torchref,0.2386,0.2834
2CKL,prediction,0.4329,0.3944
2CKL,refmac,0.3119,0.3264
2CKL,phenix,0.315,0.3317
2CKL,torchref,0.2828,0.319
2CZV,prediction,0.3929,0.3754
2CZV,refmac,0.2544,0.2896
2CZV,phenix,0.2605,0.2948
2CZV,torchref,0.246,0.2927
2D0T,prediction,0.3653,0.3734
2D0T,refmac,0.2262,0.2727
2D0T,phenix,0.2396,0.2806
2D0T,torchref,0.223,0.2722
2D68,prediction,0.4391,0.4269
2D68,refmac,0.3039,0.2888
2D68,phenix,0.295,0.2824
2D68,torchref,0.2845,0.2837
2DOB,prediction,0.5624,0.5551
2DOB,refmac,0.4766,0.5678
2DOB,phenix,0.4778,0.5175
2DOB,torchref,0.5271,0.5404
2DQ6,prediction,0.4486,0.4497
2DQ6,refmac,0.2596,0.2795
2DQ6,phenix,0.265,0.2823
2DQ6,torchref,0.2568,0.28
2DRY,prediction,0.4521,0.476
2DRY,refmac,0.3262,0.4159
2DRY,phenix,0.3315,0.4237
2DRY,torchref,0.3032,0.4083
2DX6,prediction,0.429,0.4199
2DX6,refmac,0.2914,0.3645
2DX6,phenix,0.2893,0.3592
2DX6,torchref,0.2809,0.3737
2E1M,prediction,0.5119,0.5434
2E1M,refmac,0.4504,0.552
2E1M,phenix,0.4544,0.531
2E1M,torchref,0.453,0.5553
2EO4,prediction,0.4103,0.4349
2EO4,refmac,0.2731,0.3101
2EO4,phenix,0.2901,0.3271
2EO4,torchref,0.259,0.3106
2EU9,prediction,0.4284,0.4365
2EU9,refmac,0.2714,0.3019
2EU9,phenix,0.2864,0.3127
2EU9,torchref,0.2657,0.3073
2EXU,prediction,0.5343,0.5121
2EXU,refmac,0.4915,0.5183
2EXU,phenix,0.4911,0.5406
2EXU,torchref,0.4873,0.5373
2F1F,prediction,0.464,0.4717
2F1F,refmac,0.2717,0.2966
2F1F,phenix,0.2886,0.3099
2F1F,torchref,0.2516,0.293
2F2E,prediction,0.4226,0.3805
2F2E,refmac,0.279,0.304
2F2E,phenix,0.29,0.3188
2F2E,torchref,0.2694,0.3241
2F8L,prediction,0.36,0.3541
2F8L,refmac,0.2436,0.2705
2F8L,phenix,0.2543,0.2705
2F8L,torchref,0.2416,0.2774
2F9I,prediction,0.4018,0.3848
2F9I,refmac,0.2375,0.274
2F9I,phenix,0.2497,0.2757
2F9I,torchref,0.2305,0.2766
2F9Z,prediction,0.3536,0.3606
2F9Z,refmac,0.2573,0.324
2F9Z,phenix,0.2589,0.3378
2F9Z,torchref,0.2398,0.3302
2FEX,prediction,0.409,0.4174
2FEX,refmac,0.2967,0.3327
2FEX,phenix,0.3034,0.3393
2FEX,torchref,0.2939,0.3401
2FFF,prediction,0.3358,0.3455
2FFF,refmac,0.2313,0.296
2FFF,phenix,0.2414,0.3024
2FFF,torchref,0.2289,0.3049
2FH9,prediction,0.4922,0.4785
2FH9,refmac,0.351,0.3961
2FH9,phenix,0.3553,0.3951
2FH9,torchref,0.3395,0.3827
2FTX,prediction,0.4204,0.4482
2FTX,refmac,0.2946,0.3918
2FTX,phenix,0.3059,0.3816
2FTX,torchref,0.2712,0.3635
2G9W,prediction,0.5003,0.4708
2G9W,refmac,0.3961,0.4137
2G9W,phenix,0.4115,0.4397
2G9W,torchref,0.3848,0.428
2GA1,prediction,0.5198,0.4827
2GA1,refmac,0.4664,0.4911
2GA1,phenix,0.4689,0.5076
2GA1,torchref,0.4558,0.507
2GA9,prediction,0.4001,0.4299
2GA9,refmac,0.2506,0.3261
2GA9,phenix,0.2486,0.3203
2GA9,torchref,0.243,0.3257
2GD9,prediction,0.4798,0.4819
2GD9,refmac,0.3493,0.3728
2GD9,phenix,0.3217,0.3559
2GD9,torchref,0.3161,0.3622
2GT1,prediction,0.4688,0.4819
2GT1,refmac,0.2834,0.3357
2GT1,phenix,0.3029,0.3443
2GT1,torchref,0.2703,0.322
2GUH,prediction,0.4252,0.4212
2GUH,refmac,0.3463,0.3652
2GUH,phenix,0.3484,0.3635
2GUH,torchref,0.3396,0.3661
2HXW,prediction,0.4101,0.4017
2HXW,refmac,0.2808,0.3005
2HXW,phenix,0.289,0.3046
2HXW,torchref,0.2694,0.2944
2I53,prediction,0.3805,0.3689
2I53,refmac,0.2348,0.2547
2I53,phenix,0.2428,0.2572
2I53,torchref,0.2213,0.2508
2I7H,prediction,0.3982,0.4046
2I7H,refmac,0.2577,0.2938
2I7H,phenix,0.269,0.3047
2I7H,torchref,0.2536,0.2972
2I88,prediction,0.3039,0.285
2I88,refmac,0.1549,0.196
2I88,torchref,0.157,0.201
2IJE,prediction,0.4054,0.4007
2IJE,refmac,0.2607,0.2963
2IJE,phenix,0.2704,0.3113
2IJE,torchref,0.2575,0.3069
2IO7,prediction,0.3073,0.3141
2IO7,refmac,0.2139,0.2882
2IO7,phenix,0.2177,0.2906
2IO7,torchref,0.2185,0.2855
2IUC,prediction,0.3621,0.3591
2IUC,refmac,0.2413,0.2787
2IUC,phenix,0.2393,0.2747
2IUC,torchref,0.2286,0.2872
2IVF,prediction,0.4559,0.4557
2IVF,refmac,0.3101,0.3412
2IVF,phenix,0.2975,0.327
2IVF,torchref,0.2779,0.3194
2IVM,prediction,0.4466,0.3997
2IVM,refmac,0.3371,0.3399
2IVM,phenix,0.3031,0.3059
2IVM,torchref,0.2938,0.2986
2JAC,prediction,0.3808,0.3971
2JAC,refmac,0.2479,0.3047
2JAC,phenix,0.2523,0.3052
2JAC,torchref,0.2363,0.3176
2JBV,prediction,0.3924,0.3878
2JBV,refmac,0.2475,0.2815
2JBV,torchref,0.2408,0.291
2JFN,prediction,0.4031,0.3866
2JFN,refmac,0.2556,0.2686
2JFN,phenix,0.264,0.2688
2JFN,torchref,0.2492,0.2764
2JH3,prediction,0.3825,0.3844
2JH3,refmac,0.2601,0.2955
2JH3,phenix,0.2625,0.3001
2JH3,torchref,0.2557,0.3023
2NLY,prediction,0.3202,0.3157
2NLY,refmac,0.2157,0.2529
2NLY,phenix,0.2232,0.2527
2NLY,torchref,0.2196,0.2597
2NN4,prediction,0.4161,0.3887
2NN4,refmac,0.258,0.305
2NN4,phenix,0.2647,0.3195
2NN4,torchref,0.2418,0.3057
2NTX,prediction,0.4901,0.4777
2NTX,refmac,0.3426,0.3828
2NTX,phenix,0.3524,0.3929
2NTX,torchref,0.3372,0.3812
2NVN,prediction,0.4226,0.4345
2NVN,refmac,0.2749,0.3062
2NVN,phenix,0.3065,0.338
2NVN,torchref,0.2783,0.3332
2OD8,prediction,0.4024,0.4154
2OD8,refmac,0.2751,0.3672
2OD8,phenix,0.3163,0.3767
2OD8,torchref,0.2528,0.355
2OO2,prediction,0.3642,0.3492
2OO2,refmac,0.2334,0.3075
2OO2,phenix,0.2499,0.2765
2OO2,torchref,0.226,0.3146
2OO3,prediction,0.3228,0.3287
2OO3,refmac,0.2154,0.2543
2OO3,phenix,0.2109,0.2466
2OO3,torchref,0.2017,0.2504
2P0U,prediction,0.3126,0.3247
2P0U,refmac,0.2268,0.2678
2P0U,phenix,0.2297,0.2718
2P0U,torchref,0.22,0.2752
2P1L,prediction,0.3834,0.3935
2P1L,refmac,0.2734,0.3177
2P1L,phenix,0.2922,0.3455
2P1L,torchref,0.2748,0.3365
2P38,prediction,0.4647,0.448
2P38,refmac,0.3084,0.3446
2P38,phenix,0.3202,0.3473
2P38,torchref,0.2881,0.3416
2P62,prediction,0.44,0.4535
2P62,refmac,0.2538,0.2804
2P62,phenix,0.2663,0.2952
2P62,torchref,0.2418,0.2833
2P8J,prediction,0.4041,0.3984
2P8J,refmac,0.2803,0.3123
2P8J,phenix,0.2872,0.3211
2P8J,torchref,0.2744,0.3153
2P8Q,prediction,0.4926,0.4842
2P8Q,refmac,0.3317,0.3865
2P8Q,phenix,0.3126,0.3622
2P8Q,torchref,0.2937,0.3481
2PAV,prediction,0.4698,0.4622
2PAV,refmac,0.282,0.3181
2PAV,phenix,0.28,0.3092
2PAV,torchref,0.2623,0.3049
2PJS,prediction,0.4198,0.3972
2PJS,refmac,0.2628,0.3073
2PJS,phenix,0.2714,0.319
2PJS,torchref,0.2577,0.3186
2PK9,prediction,0.4039,0.403
2PK9,refmac,0.2968,0.362
2PK9,phenix,0.31,0.3736
2PK9,torchref,0.3042,0.3676
2PN0,prediction,0.4889,0.4886
2PN0,refmac,0.3655,0.4049
2PN0,phenix,0.3737,0.4154
2PN0,torchref,0.3501,0.4025
2PQN,prediction,0.4667,0.417
2PQN,refmac,0.3362,0.362
2PQN,phenix,0.3939,0.4323
2PQN,torchref,0.3211,0.3436
2PQV,prediction,0.4398,0.4293
2PQV,refmac,0.2796,0.3002
2PQV,phenix,0.2831,0.3104
2PQV,torchref,0.2611,0.303
2PY2,prediction,0.4185,0.4255
2PY2,refmac,0.2692,0.3033
2PY2,phenix,0.2677,0.3013
2PY2,torchref,0.2589,0.3002
2Q1Z,prediction,0.4699,0.4427
2Q1Z,refmac,0.3887,0.4333
2Q1Z,phenix,0.4276,0.4811
2Q1Z,torchref,0.4178,0.487
2QCO,prediction,0.4741,0.4007
2QCO,refmac,0.3046,0.3462
2QCO,phenix,0.2876,0.3316
2QCO,torchref,0.27,0.3211
2QE9,prediction,0.4405,0.4363
2QE9,refmac,0.3185,0.3593
2QE9,phenix,0.3308,0.3682
2QE9,torchref,0.3108,0.3677
2QH9,prediction,0.4218,0.4091
2QH9,refmac,0.2821,0.3346
2QH9,phenix,0.2909,0.3314
2QH9,torchref,0.2689,0.3411
2QHL,prediction,0.4499,0.4415
2QHL,refmac,0.283,0.3028
2QHL,phenix,0.2754,0.2828
2QHL,torchref,0.2614,0.2855
2QKL,prediction,0.4486,0.525
2QKL,refmac,0.3512,0.4527
2QKL,phenix,0.3276,0.4346
2QKL,torchref,0.3018,0.4298
2QL3,prediction,0.4124,0.3996
2QL3,refmac,0.2702,0.3056
2QL3,phenix,0.273,0.3052
2QL3,torchref,0.2612,0.3092
2QM7,prediction,0.4363,0.4154
2QM7,refmac,0.2969,0.3306
2QM7,phenix,0.299,0.3361
2QM7,torchref,0.2751,0.3173
2QML,prediction,0.4248,0.428
2QML,refmac,0.3191,0.355
2QML,phenix,0.3262,0.3656
2QML,torchref,0.3128,0.3755
2QOS,prediction,0.4449,0.4519
2QOS,refmac,0.3099,0.3789
2QOS,phenix,0.3085,0.3688
2QOS,torchref,0.2821,0.3411
2QSV,prediction,0.3849,0.3954
2QSV,refmac,0.2823,0.337
2QSV,phenix,0.2952,0.3447
2QSV,torchref,0.2791,0.3507
2QYA,prediction,0.4079,0.4315
2QYA,refmac,0.2986,0.3646
2QYA,phenix,0.3053,0.3711
2QYA,torchref,0.2907,0.3693
2R5F,prediction,0.4061,0.3829
2R5F,refmac,0.2818,0.314
2R5F,phenix,0.2904,0.306
2R5F,torchref,0.2672,0.3066
2R6R,prediction,0.3967,0.3932
2R6R,refmac,0.2663,0.2934
2R6R,phenix,0.2663,0.2988
2R6R,torchref,0.2505,0.2965
2RCC,prediction,0.4349,0.4496
2RCC,refmac,0.3016,0.3383
2RCC,phenix,0.2988,0.3346
2RCC,torchref,0.285,0.332
2RH3,prediction,0.3527,0.3361
2RH3,refmac,0.2397,0.2596
2RH3,phenix,0.2389,0.2505
2RH3,torchref,0.2263,0.2596
2UZ8,prediction,0.4133,0.3999
2UZ8,refmac,0.2794,0.3287
2UZ8,torchref,0.2639,0.3232
2V62,prediction,0.3879,0.3952
2V62,refmac,0.256,0.2825
2V62,phenix,0.2633,0.284
2V62,torchref,0.248,0.2843
2VEF,prediction,0.444,0.4524
2VEF,refmac,0.2821,0.3254
2VEF,phenix,0.2863,0.3248
2VEF,torchref,0.2714,0.3272
2VUN,prediction,0.3586,0.3443
2VUN,refmac,0.2332,0.2564
2VUN,phenix,0.2377,0.2569
2VUN,torchref,0.2267,0.2581
2VZB,prediction,0.371,0.3635
2VZB,refmac,0.2228,0.2866
2VZB,phenix,0.2285,0.2817
2VZB,torchref,0.2195,0.2934
2W3X,prediction,0.4257,0.4436
2W3X,refmac,0.2426,0.2798
2W3X,phenix,0.2556,0.2851
2W3X,torchref,0.2332,0.2762
2W9Y,prediction,0.4472,0.4278
2W9Y,refmac,0.2863,0.3038
2W9Y,phenix,0.2841,0.3096
2W9Y,torchref,0.2662,0.3025
2WDZ,prediction,0.3904,0.3975
2WDZ,refmac,0.2555,0.2964
2WDZ,phenix,0.2537,0.2952
2WDZ,torchref,0.2409,0.294
2WNH,prediction,0.3488,0.3466
2WNH,refmac,0.2453,0.2648
2WNH,phenix,0.2493,0.2665
2WNH,torchref,0.2382,0.2666
2WP1,prediction,0.5098,0.5107
2WP1,refmac,0.461,0.4762
2WP1,phenix,0.4686,0.5084
2WP1,torchref,0.45,0.4791
2X1C,prediction,0.3286,0.3272
2X1C,refmac,0.2206,0.2464
2X1C,phenix,0.2286,0.2497
2X1C,torchref,0.218,0.2525
2X26,prediction,0.5179,0.5355
2X26,refmac,0.4361,0.5018
2X26,phenix,0.4276,0.4776
2X26,torchref,0.4248,0.4894
2XD0,prediction,0.4697,0.469
2XD0,refmac,0.3871,0.4538
2XD0,phenix,0.3847,0.4742
2XD0,torchref,0.404,0.4671
2XDO,prediction,0.3507,0.341
2XDO,refmac,0.2626,0.3174
2XDO,phenix,0.2632,0.3001
2XDO,torchref,0.2505,0.3058
2XN4,prediction,0.4374,0.4229
2XN4,refmac,0.308,0.3501
2XN4,phenix,0.2947,0.334
2XN4,torchref,0.3193,0.3628
2XPI,prediction,0.4082,0.4192
2XPI,refmac,0.2522,0.3375
2XPI,phenix,0.2433,0.2961
2XPI,torchref,0.2388,0.301
2XPL,prediction,0.3931,0.417
2XPL,refmac,0.2546,0.3236
2XPL,phenix,0.2538,0.3249
2XPL,torchref,0.2475,0.3504
2XVS,prediction,0.4838,0.5009
2XVS,refmac,0.3654,0.4405
2XVS,phenix,0.3528,0.4497
2XVS,torchref,0.3455,0.4474
2Y9W,prediction,0.3854,0.3934
2Y9W,refmac,0.2744,0.3322
2Y9W,phenix,0.2761,0.3306
2Y9W,torchref,0.266,0.3362
2YEU,prediction,0.4446,0.4459
2YEU,refmac,0.3516,0.3883
2YEU,phenix,0.3562,0.3923
2YEU,torchref,0.3443,0.3853
2YFA,prediction,0.4797,0.477
2YFA,refmac,0.3747,0.4129
2YFA,phenix,0.3464,0.3726
2YFA,torchref,0.3332,0.3739
2YGB,prediction,0.4455,0.4404
2YGB,refmac,0.3664,0.3942
2YGB,phenix,0.2997,0.3286
2YGB,torchref,0.3035,0.3232
2YGK,prediction,0.4363,0.4362
2YGK,refmac,0.3042,0.3725
2YGK,phenix,0.3312,0.3969
2YGK,torchref,0.3119,0.3824
2YJT,prediction,0.3514,0.3703
2YJT,refmac,0.2205,0.2944
2YJT,phenix,0.2226,0.2722
2YJT,torchref,0.2341,0.3034
2YN0,prediction,0.3724,0.3635
2YN0,refmac,0.268,0.286
2YN0,phenix,0.2697,0.2876
2YN0,torchref,0.258,0.2888
2Z1D,prediction,0.3315,0.3304
2Z1D,refmac,0.2429,0.2818
2Z1D,phenix,0.2469,0.283
2Z1D,torchref,0.2367,0.2892
2Z1Z,prediction,0.3199,0.3324
2Z1Z,refmac,0.2058,0.2507
2Z1Z,phenix,0.2134,0.2571
2Z1Z,torchref,0.2044,0.2622
2Z7E,prediction,0.4483,0.4676
2Z7E,refmac,0.305,0.3611
2Z7E,phenix,0.3337,0.3855
2Z7E,torchref,0.2954,0.351
2ZIU,prediction,0.4997,0.5096
2ZIU,refmac,0.4668,0.5132
2ZIU,phenix,0.4661,0.519
2ZIU,torchref,0.4725,0.4943
2ZME,prediction,0.4313,0.442
2ZME,refmac,0.2754,0.3719
2ZME,phenix,0.3059,0.3803
2ZME,torchref,0.2925,0.3599
2ZON,prediction,0.3424,0.3516
2ZON,refmac,0.2417,0.2641
2ZON,phenix,0.245,0.2684
2ZON,torchref,0.2359,0.2716
2ZUL,prediction,0.4396,0.4019
2ZUL,refmac,0.2589,0.2889
2ZUL,phenix,0.2604,0.2864
2ZUL,torchref,0.2442,0.2825
3A58,prediction,0.4282,0.3968
3A58,refmac,0.3112,0.3642
3A58,phenix,0.3266,0.365
3A58,torchref,0.3171,0.3607
3ADO,prediction,0.4528,0.4367
3ADO,refmac,0.2346,0.2565
3ADO,phenix,0.2379,0.26
3ADO,torchref,0.2309,0.2692
3AJW,prediction,0.5088,0.5144
3AJW,refmac,0.3584,0.3905
3AJW,torchref,0.3309,0.369
3AMH,prediction,0.3169,0.3149
3AMH,refmac,0.2019,0.2521
3AMH,phenix,0.2092,0.2469
3AMH,torchref,0.1953,0.2557
3AQG,prediction,0.357,0.354
3AQG,refmac,0.2418,0.2931
3AQG,phenix,0.2376,0.2946
3AQG,torchref,0.2423,0.3076
3ATQ,prediction,0.3445,0.3495
3ATQ,refmac,0.2408,0.2827
3ATQ,phenix,0.2504,0.2921
3ATQ,torchref,0.2335,0.2825
3AV4,prediction,0.4637,0.4654
3AV4,refmac,0.2981,0.3521
3AV4,phenix,0.3011,0.3557
3AV4,torchref,0.3021,0.3557
3B23,prediction,0.5254,0.5094
3B23,refmac,0.4546,0.4943
3B23,torchref,0.4633,0.4792
3B2D,prediction,0.4436,0.4672
3B2D,refmac,0.2713,0.3533
3B2D,phenix,0.2392,0.3285
3B2D,torchref,0.2647,0.3344
3B8I,prediction,0.4023,0.4159
3B8I,refmac,0.2654,0.3052
3B8I,phenix,0.2737,0.3109
3B8I,torchref,0.2624,0.3143
3BCI,prediction,0.3463,0.3459
3BCI,refmac,0.2492,0.2989
3BCI,phenix,0.2561,0.2968
3BCI,torchref,0.2427,0.3157
3BGU,prediction,0.4529,0.4463
3BGU,refmac,0.3315,0.3659
3BGU,phenix,0.3357,0.3767
3BGU,torchref,0.3134,0.3659
3BJ6,prediction,0.5162,0.5084
3BJ6,refmac,0.337,0.3755
3BJ6,phenix,0.3267,0.3558
3BJ6,torchref,0.3226,0.3543
3BNK,prediction,0.3968,0.4088
3BNK,refmac,0.2493,0.2839
3BNK,phenix,0.254,0.2919
3BNK,torchref,0.2441,0.2911
3BSD,prediction,0.4169,0.4085
3BSD,refmac,0.3274,0.3953
3BSD,phenix,0.3401,0.3998
3BSD,torchref,0.3206,0.398
3BVQ,prediction,0.4466,0.4113
3BVQ,refmac,0.3126,0.3585
3BVQ,phenix,0.3048,0.3695
3BVQ,torchref,0.3064,0.3879
3C7J,prediction,0.5426,0.5468
3C7J,refmac,0.4944,0.5552
3C7J,phenix,0.5071,0.5673
3C7J,torchref,0.4843,0.5757
3CAX,prediction,0.3589,0.326
3CAX,refmac,0.2229,0.2483
3CAX,phenix,0.2376,0.2442
3CAX,torchref,0.2239,0.2425
3CB0,prediction,0.4254,0.4282
3CB0,refmac,0.2677,0.2944
3CB0,phenix,0.2696,0.2912
3CB0,torchref,0.2612,0.2927
3CB5,prediction,0.3744,0.3593
3CB5,refmac,0.2787,0.3247
3CB5,phenix,0.2835,0.318
3CB5,torchref,0.2747,0.3205
3CBM,prediction,0.3764,0.3989
3CBM,refmac,0.2754,0.3012
3CBM,phenix,0.286,0.3143
3CBM,torchref,0.2554,0.2895
3CGG,prediction,0.3648,0.395
3CGG,refmac,0.2818,0.3417
3CGG,phenix,0.287,0.3351
3CGG,torchref,0.2717,0.3468
3CMQ,prediction,0.3553,0.3372
3CMQ,refmac,0.2161,0.2508
3CMQ,phenix,0.2277,0.2586
3CMQ,torchref,0.214,0.2618
3CQO,prediction,0.3708,0.3955
3CQO,refmac,0.2313,0.2821
3CQO,phenix,0.232,0.2842
3CQO,torchref,0.2253,0.287
3CU3,prediction,0.4848,0.4596
3CU3,refmac,0.3527,0.3944
3CU3,phenix,0.3515,0.4022
3CU3,torchref,0.3343,0.3954
3CXM,prediction,0.3793,0.3785
3CXM,refmac,0.2557,0.2732
3CXM,phenix,0.2666,0.2706
3CXM,torchref,0.2489,0.2694
3D1M,prediction,0.3988,0.3971
3D1M,refmac,0.2792,0.3099
3D1M,phenix,0.2823,0.31
3D1M,torchref,0.2671,0.3024
3D49,prediction,0.4955,0.5005
3D49,refmac,0.3876,0.406
3D49,phenix,0.3858,0.3976
3D49,torchref,0.3494,0.3565
3DEE,prediction,0.4508,0.4811
3DEE,refmac,0.3481,0.4392
3DEE,phenix,0.3456,0.4471
3DEE,torchref,0.3362,0.4277
3DIW,prediction,0.4557,0.4425
3DIW,refmac,0.3545,0.3877
3DIW,phenix,0.4451,0.4824
3DIW,torchref,0.3252,0.3718
3DJD,prediction,0.3775,0.3777
3DJD,refmac,0.2652,0.2992
3DJD,phenix,0.2695,0.299
3DJD,torchref,0.2576,0.2987
3DJN,prediction,0.3883,0.3235
3DJN,refmac,0.2353,0.2333
3DJN,phenix,0.2478,0.2345
3DJN,torchref,0.235,0.2338
3DLA,prediction,0.334,0.34
3DLA,refmac,0.2212,0.2641
3DLA,phenix,0.2311,0.2673
3DLA,torchref,0.2223,0.2784
3DOH,prediction,0.3565,0.3597
3DOH,refmac,0.2205,0.2706
3DOH,torchref,0.223,0.2818
3DXI,prediction,0.3708,0.3569
3DXI,refmac,0.2983,0.3405
3DXI,phenix,0.2924,0.3455
3DXI,torchref,0.2921,0.3534
3E7P,prediction,0.4155,0.4416
3E7P,refmac,0.247,0.2903
3E7P,phenix,0.2612,0.2942
3E7P,torchref,0.2315,0.2886
3E8S,prediction,0.3832,0.3835
3E8S,refmac,0.2723,0.2922
3E8S,phenix,0.286,0.2982
3E8S,torchref,0.2724,0.3008
3E8V,prediction,0.4152,0.4046
3E8V,refmac,0.3039,0.3387
3E8V,phenix,0.2498,0.2499
3E8V,torchref,0.2557,0.2763
3E98,prediction,0.4797,0.4796
3E98,refmac,0.3527,0.3965
3E98,phenix,0.3485,0.3977
3E98,torchref,0.3308,0.3967
3E99,prediction,0.4294,0.3935
3E99,refmac,0.3086,0.323
3E99,phenix,0.3156,0.3366
3E99,torchref,0.3032,0.3266
3EC1,prediction,0.5113,0.5172
3EC1,refmac,0.386,0.4461
3EC1,phenix,0.3451,0.3776
3EC1,torchref,0.3184,0.3785
3ED4,prediction,0.4169,0.4128
3ED4,refmac,0.2975,0.3383
3ED4,phenix,0.3008,0.3344
3ED4,torchref,0.285,0.3353
3EFY,prediction,0.4701,0.4597
3EFY,refmac,0.286,0.3149
3EFY,phenix,0.2897,0.3138
3EFY,torchref,0.2758,0.3083
3ER7,prediction,0.4256,0.4403
3ER7,refmac,0.304,0.3288
3ER7,torchref,0.2888,0.3261
3EUS,prediction,0.3771,0.3636
3EUS,refmac,0.256,0.3011
3EUS,phenix,0.2713,0.3227
3EUS,torchref,0.2559,0.3106
3FBI,prediction,0.4398,0.4549
3FBI,refmac,0.2972,0.3393
3FBI,phenix,0.3334,0.3667
3FBI,torchref,0.2868,0.3303
3FJU,prediction,0.4072,0.393
3FJU,refmac,0.3045,0.3205
3FJU,phenix,0.3009,0.3127
3FJU,torchref,0.2935,0.3165
3FKK,prediction,0.3265,0.3056
3FKK,refmac,0.2397,0.2587
3FKK,phenix,0.2389,0.2558
3FKK,torchref,0.2299,0.2658
3FPR,prediction,0.4276,0.4256
3FPR,refmac,0.2695,0.2938
3FPR,phenix,0.3028,0.3156
3FPR,torchref,0.2613,0.2997
3FVE,prediction,0.485,0.5017
3FVE,refmac,0.244,0.2884
3FVE,phenix,0.26,0.3015
3FVE,torchref,0.2471,0.2861
3FVV,prediction,0.401,0.4046
3FVV,refmac,0.2435,0.289
3FVV,torchref,0.2343,0.2935
3G39,prediction,0.3795,0.3551
3G39,refmac,0.2332,0.2585
3G39,phenix,0.2389,0.2539
3G39,torchref,0.2243,0.2564
3G3O,prediction,0.3873,0.391
3G3O,refmac,0.2577,0.2849
3G3O,phenix,0.2662,0.2978
3G3O,torchref,0.2586,0.3083
3G6L,prediction,0.4033,0.3908
3G6L,refmac,0.2811,0.3146
3G6L,phenix,0.2776,0.3115
3G6L,torchref,0.2777,0.3378
3G85,prediction,0.454,0.4733
3G85,refmac,0.2898,0.3517
3G85,phenix,0.2946,0.3467
3G85,torchref,0.2812,0.3517
3GEB,prediction,0.3723,0.3741
3GEB,refmac,0.2713,0.3091
3GEB,torchref,0.2693,0.3126
3GF6,prediction,0.3795,0.3839
3GF6,refmac,0.2986,0.3432
3GF6,phenix,0.2986,0.339
3GF6,torchref,0.2899,0.3476
3GLR,prediction,0.4475,0.4564
3GLR,refmac,0.2939,0.3266
3GLR,phenix,0.3265,0.3417
3GLR,torchref,0.2877,0.3267
3GM5,prediction,0.4776,0.5211
3GM5,refmac,0.3044,0.3766
3GM5,phenix,0.3057,0.3635
3GM5,torchref,0.2949,0.3731
3GMV,prediction,0.3873,0.4102
3GMV,refmac,0.3081,0.3516
3GMV,phenix,0.2718,0.3162
3GMV,torchref,0.3096,0.3597
3GQU,prediction,0.4463,0.4314
3GQU,refmac,0.3438,0.3722
3GQU,phenix,0.355,0.3563
3GQU,torchref,0.345,0.384
3GR5,prediction,0.4711,0.462
3GR5,refmac,0.2938,0.336
3GR5,phenix,0.3004,0.3333
3GR5,torchref,0.2854,0.3311
3GXQ,prediction,0.4475,0.4551
3GXQ,refmac,0.3687,0.4057
3GXQ,phenix,0.3763,0.3982
3GXQ,torchref,0.3666,0.4207
3H1T,prediction,0.4149,0.4104
3H1T,refmac,0.2642,0.3124
3H1T,phenix,0.2682,0.3196
3H1T,torchref,0.261,0.323
3H6E,prediction,0.3797,0.3932
3H6E,refmac,0.2469,0.3106
3H6E,phenix,0.2525,0.3084
3H6E,torchref,0.2559,0.3222
3H6R,prediction,0.3706,0.3498
3H6R,refmac,0.2468,0.2804
3H6R,phenix,0.2495,0.2895
3H6R,torchref,0.2326,0.2934
3H7O,prediction,0.347,0.3238
3H7O,refmac,0.2481,0.2727
3H7O,phenix,0.2506,0.2726
3H7O,torchref,0.2362,0.2695
3HBC,prediction,0.381,0.3889
3HBC,refmac,0.2794,0.3174
3HBC,phenix,0.2964,0.3441
3HBC,torchref,0.2755,0.3483
3HHC,prediction,0.4472,0.4638
3HHC,refmac,0.3707,0.4408
3HHC,phenix,0.3433,0.4482
3HHC,torchref,0.3436,0.4368
3HL0,prediction,0.4649,0.4667
3HL0,refmac,0.3298,0.3632
3HL0,phenix,0.3366,0.3675
3HL0,torchref,0.314,0.3578
3HST,prediction,0.3544,0.3472
3HST,refmac,0.2617,0.3134
3HST,phenix,0.2546,0.3031
3HST,torchref,0.2488,0.3052
3HTK,prediction,0.5082,0.5077
3HTK,refmac,0.3954,0.453
3HTK,phenix,0.3925,0.4311
3HTK,torchref,0.366,0.3925
3HTV,prediction,0.4539,0.4885
3HTV,refmac,0.2917,0.3347
3HTV,phenix,0.3121,0.3561
3HTV,torchref,0.2931,0.3731
3I38,prediction,0.4455,0.4485
3I38,refmac,0.3235,0.3737
3I38,phenix,0.3357,0.378
3I38,torchref,0.3073,0.3609
3IC8,prediction,0.4686,0.4628
3IC8,refmac,0.2936,0.3666
3IC8,phenix,0.275,0.3429
3IC8,torchref,0.2705,0.3415
3IHU,prediction,0.4722,0.4652
3IHU,refmac,0.3554,0.4203
3IHU,phenix,0.3519,0.3994
3IHU,torchref,0.3208,0.4178
3IUG,prediction,0.4288,0.4229
3IUG,refmac,0.2674,0.3166
3IUG,phenix,0.2798,0.3196
3IUG,torchref,0.2578,0.3126
3IVB,prediction,0.5163,0.5299
3IVB,refmac,0.412,0.4739
3IVB,phenix,0.4422,0.5183
3IVB,torchref,0.3712,0.4748
3JST,prediction,0.4162,0.4209
3JST,refmac,0.2648,0.2891
3JST,phenix,0.2572,0.2976
3JST,torchref,0.2502,0.2875
3JWH,prediction,0.4223,0.4414
3JWH,refmac,0.2774,0.3367
3JWH,phenix,0.2959,0.3507
3JWH,torchref,0.2791,0.3491
3K7M,prediction,0.4686,0.4728
3K7M,refmac,0.284,0.3146
3K7M,phenix,0.2911,0.3211
3K7M,torchref,0.2786,0.3205
3KFW,prediction,0.439,0.4241
3KFW,refmac,0.3121,0.3824
3KFW,phenix,0.3295,0.4045
3KFW,torchref,0.3205,0.3889
3KGR,prediction,0.3984,0.404
3KGR,refmac,0.2732,0.3169
3KGR,phenix,0.27,0.3093
3KGR,torchref,0.253,0.3243
3KKD,prediction,0.4921,0.4826
3KKD,refmac,0.3467,0.4175
3KKD,phenix,0.3435,0.4147
3KKD,torchref,0.3188,0.4121
3KKE,prediction,0.3849,0.3665
3KKE,refmac,0.2397,0.2946
3KKE,phenix,0.249,0.3018
3KKE,torchref,0.2313,0.3042
3KOL,prediction,0.4596,0.4668
3KOL,refmac,0.3111,0.3326
3KOL,phenix,0.3223,0.366
3KOL,torchref,0.2954,0.3367
3KXR,prediction,0.4982,0.5343
3KXR,refmac,0.3678,0.4642
3KXR,phenix,0.3769,0.4865
3KXR,torchref,0.3516,0.459
3KZP,prediction,0.4933,0.4955
3KZP,refmac,0.3636,0.4257
3KZP,phenix,0.35,0.4086
3KZP,torchref,0.3311,0.3995
3L1W,prediction,0.3403,0.344
3L1W,refmac,0.257,0.2789
3L1W,phenix,0.2587,0.2794
3L2H,prediction,0.4198,0.4122
3L2H,refmac,0.3001,0.3233
3L2H,phenix,0.3003,0.3301
3L2H,torchref,0.2916,0.3278
3L6F,prediction,0.4772,0.4956
3L6F,refmac,0.3203,0.3489
3L6F,phenix,0.3189,0.336
3L6F,torchref,0.2949,0.3337
3LLI,prediction,0.4056,0.3391
3LLI,refmac,0.3047,0.3238
3LLI,phenix,0.3183,0.3283
3LLI,torchref,0.2973,0.3274
3LOC,prediction,0.4236,0.3983
3LOC,refmac,0.2775,0.321
3LOC,phenix,0.2938,0.3419
3LOC,torchref,0.2786,0.329
3LS0,prediction,0.3978,0.3661
3LS0,refmac,0.2343,0.2448
3LS0,phenix,0.2381,0.2333
3LS0,torchref,0.2295,0.2375
3LW3,prediction,0.3742,0.3656
3LW3,refmac,0.2655,0.2738
3LW3,phenix,0.2669,0.2709
3LW3,torchref,0.2525,0.2752
3M1G,prediction,0.4034,0.3949
3M1G,refmac,0.2592,0.2874
3M1G,phenix,0.2666,0.289
3M1G,torchref,0.2569,0.2901
3M1T,prediction,0.494,0.46
3M1T,refmac,0.3676,0.384
3M1T,phenix,0.3714,0.3774
3M1T,torchref,0.3433,0.3743
3M91,prediction,0.5825,0.5694
3M91,refmac,0.4979,0.5144
3M91,phenix,0.5333,0.5603
3M91,torchref,0.4897,0.5078
3MB2,prediction,0.4751,0.4832
3MB2,refmac,0.3934,0.427
3MB2,phenix,0.4195,0.454
3MB2,torchref,0.4091,0.4344
3MKR,prediction,0.401,0.3931
3MKR,refmac,0.2279,0.2668
3MKR,phenix,0.2427,0.2797
3MKR,torchref,0.2338,0.2799
3ML3,prediction,0.4273,0.4417
3ML3,refmac,0.2835,0.3181
3ML3,phenix,0.2991,0.3187
3ML3,torchref,0.2669,0.2998
3MML,prediction,0.4326,0.4317
3MML,refmac,0.2679,0.3131
3MML,phenix,0.2776,0.316
3MML,torchref,0.2659,0.3173
3MQ2,prediction,0.4498,0.4327
3MQ2,refmac,0.2959,0.3247
3MQ2,phenix,0.3062,0.3367
3MQ2,torchref,0.2844,0.3311
3MV2,prediction,0.4166,0.4165
3MV2,refmac,0.2944,0.3631
3MV2,phenix,0.2783,0.3437
3MV2,torchref,0.2767,0.3361
3MYU,prediction,0.3642,0.3774
3MYU,refmac,0.2551,0.2997
3MYU,phenix,0.2626,0.3039
3MYU,torchref,0.2465,0.3079
3N39,prediction,0.3779,0.4014
3N39,refmac,0.2177,0.2923
3N39,phenix,0.2348,0.2935
3N39,torchref,0.2221,0.2867
3N55,prediction,0.4038,0.4037
3N55,refmac,0.2984,0.3082
3N55,phenix,0.3057,0.3097
3N55,torchref,0.2887,0.3139
3N5L,prediction,0.3812,0.3885
3N5L,refmac,0.2809,0.3035
3N5L,phenix,0.2844,0.3113
3N5L,torchref,0.2745,0.3154
3N74,prediction,0.3385,0.3413
3N74,refmac,0.2308,0.2726
3N74,phenix,0.229,0.2775
3N74,torchref,0.2257,0.2807
3N9U,prediction,0.3982,0.399
3N9U,refmac,0.2897,0.3205
3N9U,phenix,0.2884,0.3079
3N9U,torchref,0.2747,0.3102
3NJB,prediction,0.4359,0.4474
3NJB,refmac,0.2606,0.3038
3NJB,phenix,0.2673,0.307
3NJB,torchref,0.2698,0.3104
3NJE,prediction,0.4342,0.4421
3NJE,refmac,0.2858,0.3112
3NJE,phenix,0.2985,0.3269
3NJE,torchref,0.2586,0.3
3NO8,prediction,0.3899,0.3981
3NO8,refmac,0.2639,0.3215
3NO8,phenix,0.2713,0.3248
3NO8,torchref,0.2547,0.3228
3NYY,prediction,0.3862,0.3983
3NYY,refmac,0.2924,0.3204
3NYY,torchref,0.2841,0.3348
3OAP,prediction,0.389,0.3996
3OAP,refmac,0.25,0.2646
3OAP,phenix,0.265,0.2654
3OAP,torchref,0.2387,0.2741
3OC7,prediction,0.4213,0.3919
3OC7,refmac,0.232,0.2561
3OC7,phenix,0.2394,0.26
3OC7,torchref,0.22,0.2588
3OEC,prediction,0.3987,0.3909
3OEC,refmac,0.2654,0.2979
3OEC,phenix,0.2597,0.2943
3OEC,torchref,0.2451,0.2883
3OFJ,prediction,0.4064,0.4325
3OFJ,refmac,0.2818,0.3648
3OFJ,phenix,0.2395,0.3305
3OFJ,torchref,0.2338,0.3172
3OOQ,prediction,0.3302,0.3292
3OOQ,refmac,0.2535,0.303
3OOQ,phenix,0.2574,0.3012
3OOQ,torchref,0.2495,0.3081
3P86,prediction,0.4332,0.4395
3P86,refmac,0.2333,0.287
3P86,phenix,0.2544,0.2919
3P86,torchref,0.2405,0.2992
3PFY,prediction,0.4841,0.4697
3PFY,refmac,0.356,0.3852
3PFY,phenix,0.3705,0.3927
3PFY,torchref,0.3411,0.375
3PPU,prediction,0.3136,0.3163
3PPU,refmac,0.2246,0.2674
3PPU,phenix,0.2343,0.2708
3PPU,torchref,0.2251,0.2749
3PZ8,prediction,0.3983,0.3941
3PZ8,refmac,0.2562,0.311
3PZ8,phenix,0.2809,0.3207
3PZ8,torchref,0.2664,0.3236
3QC1,prediction,0.4954,0.4466
3QC1,refmac,0.3065,0.3601
3QC1,phenix,0.3687,0.3907
3QC1,torchref,0.3376,0.3871
3QDO,prediction,0.4584,0.4511
3QDO,refmac,0.35,0.3809
3QDO,torchref,0.3187,0.3604
3QKL,prediction,0.4424,0.4261
3QKL,refmac,0.3173,0.3363
3QKL,phenix,0.3012,0.3163
3QKL,torchref,0.2676,0.318
3QLA,prediction,0.5078,0.5159
3QLA,refmac,0.4101,0.4243
3QLA,phenix,0.3701,0.3879
3QLA,torchref,0.3998,0.4187
3QNM,prediction,0.3628,0.356
3QNM,refmac,0.292,0.3224
3QNM,phenix,0.2964,0.314
3QNM,torchref,0.2836,0.3235
3QTA,prediction,0.4719,0.4469
3QTA,refmac,0.3408,0.3673
3QTA,phenix,0.343,0.366
3QTA,torchref,0.3281,0.3627
3QVJ,prediction,0.3559,0.3466
3QVJ,refmac,0.2719,0.3167
3QVJ,phenix,0.2749,0.3096
3QVJ,torchref,0.2651,0.33
3R0Q,prediction,0.3491,0.3586
3R0Q,refmac,0.26,0.3444
3R0Q,phenix,0.2547,0.3278
3R0Q,torchref,0.2562,0.3351
3R6B,prediction,0.5646,0.5379
3R6B,refmac,0.5422,0.5469
3R6B,phenix,0.4898,0.5243
3R6B,torchref,0.501,0.5235
3RAZ,prediction,0.362,0.3605
3RAZ,refmac,0.3048,0.3473
3RAZ,phenix,0.2836,0.3394
3RAZ,torchref,0.2661,0.3532
3RLE,prediction,0.5168,0.5443
3RLE,refmac,0.4579,0.4999
3RLE,phenix,0.4567,0.4986
3RLE,torchref,0.4638,0.5084
3RQ4,prediction,0.4256,0.4391
3RQ4,refmac,0.2918,0.3351
3RQ4,phenix,0.3012,0.337
3RQ4,torchref,0.2762,0.3209
3RST,prediction,0.3704,0.3544
3RST,refmac,0.2133,0.2527
3RST,phenix,0.223,0.2554
3RST,torchref,0.2126,0.2546
3SF5,prediction,0.3834,0.3605
3SF5,refmac,0.2122,0.2874
3SF5,phenix,0.2152,0.287
3SF5,torchref,0.2121,0.2917
3SHW,prediction,0.404,0.4057
3SHW,refmac,0.2386,0.3022
3SHW,phenix,0.2416,0.3079
3SHW,torchref,0.2466,0.3022
3SOL,prediction,0.4733,0.4838
3SOL,refmac,0.2955,0.3262
3SOL,phenix,0.3011,0.3472
3SOL,torchref,0.2774,0.3313
3SUZ,prediction,0.5178,0.4936
3SUZ,refmac,0.3994,0.468
3SUZ,phenix,0.4093,0.4691
3SUZ,torchref,0.4019,0.4443
3T0Q,prediction,0.4696,0.4777
3T0Q,refmac,0.3181,0.3744
3T0Q,phenix,0.3014,0.3702
3T0Q,torchref,0.2858,0.3582
3T9O,prediction,0.3932,0.337
3T9O,refmac,0.2447,0.2712
3T9O,phenix,0.2507,0.2879
3T9O,torchref,0.239,0.2915
3TCO,prediction,0.3871,0.3982
3TCO,refmac,0.2471,0.2862
3TCO,phenix,0.2485,0.2737
3TCO,torchref,0.2301,0.2805
3THF,prediction,0.4678,0.4443
3THF,refmac,0.2556,0.2812
3THF,phenix,0.2858,0.3108
3THF,torchref,0.2789,0.3064
3TIX,prediction,0.4195,0.4259
3TIX,refmac,0.3133,0.3852
3TIX,phenix,0.3274,0.3831
3TIX,torchref,0.3222,0.3817
3TSZ,prediction,0.3973,0.4136
3TSZ,refmac,0.2593,0.3112
3TSZ,phenix,0.2753,0.3472
3TSZ,torchref,0.2593,0.32
3TU7,prediction,0.4814,0.5361
3TU7,refmac,0.3696,0.4707
3TU7,phenix,0.3486,0.4432
3TU7,torchref,0.3774,0.454
3TVA,prediction,0.4084,0.3996
3TVA,refmac,0.2563,0.2803
3TVA,phenix,0.2698,0.2875
3TVA,torchref,0.2524,0.2876
3U1D,prediction,0.4501,0.4442
3U1D,refmac,0.3117,0.3635
3U1D,phenix,0.3216,0.3616
3U1D,torchref,0.303,0.3668
3U2A,prediction,0.4495,0.4234
3U2A,refmac,0.3415,0.3502
3U2A,phenix,0.3489,0.3518
3U2A,torchref,0.3262,0.3515
3U66,prediction,0.4074,0.4745
3U66,refmac,0.3114,0.4206
3U66,phenix,0.3163,0.4289
3U66,torchref,0.3086,0.4459
3U9L,prediction,0.4121,0.4079
3U9L,refmac,0.2702,0.3034
3U9L,phenix,0.2768,0.3126
3U9L,torchref,0.2655,0.316
3UJ6,prediction,0.3324,0.3458
3UJ6,refmac,0.2482,0.3068
3UJ6,torchref,0.2357,0.3016
3UN9,prediction,0.4508,0.4521
3UN9,refmac,0.3157,0.4014
3UN9,phenix,0.3364,0.4116
3UN9,torchref,0.3137,0.4011
3UNG,prediction,0.4699,0.4798
3UNG,refmac,0.2667,0.3149
3UNG,phenix,0.3084,0.3488
3UNG,torchref,0.2799,0.33
3UTN,prediction,0.5005,0.5054
3UTN,refmac,0.2607,0.2885
3UTN,phenix,0.2494,0.2747
3UTN,torchref,0.2474,0.2861
3UVO,prediction,0.3581,0.393
3UVO,refmac,0.247,0.3174
3UVO,phenix,0.2597,0.3242
3UVO,torchref,0.2412,0.3366
3V70,prediction,0.3442,0.3709
3V70,refmac,0.2327,0.3111
3V70,phenix,0.2445,0.3193
3V70,torchref,0.2287,0.3153
3VD8,prediction,0.5564,0.5825
3VD8,refmac,0.5217,0.6178
3VD8,phenix,0.5214,0.6241
3VD8,torchref,0.5553,0.5856
3VEP,prediction,0.5464,0.5314
3VEP,refmac,0.5226,0.5631
3VEP,phenix,0.5318,0.5445
3VEP,torchref,0.5113,0.5394
3VFO,prediction,0.5237,0.5273
3VFO,refmac,0.5149,0.5415
3VFO,phenix,0.4334,0.4531
3VFO,torchref,0.4439,0.4792
3VFP,prediction,0.6145,0.6101
3VFP,refmac,0.5987,0.6037
3VFP,phenix,0.5433,0.5585
3VFP,torchref,0.5648,0.5804
3VHL,prediction,0.4847,0.4889
3VHL,refmac,0.329,0.4
3VHL,phenix,0.3079,0.3939
3VHL,torchref,0.2813,0.3768
3VPB,prediction,0.4383,0.4328
3VPB,refmac,0.2848,0.3112
3VPB,phenix,0.2817,0.3058
3VPB,torchref,0.2668,0.2968
3VRJ,prediction,0.4743,0.4736
3VRJ,refmac,0.3552,0.4022
3VRJ,phenix,0.3555,0.4066
3VRJ,torchref,0.3408,0.4061
3VSM,prediction,0.4309,0.4166
3VSM,refmac,0.2403,0.2859
3VSM,phenix,0.2432,0.2886
3VSM,torchref,0.2314,0.2863
3VST,prediction,0.3925,0.389
3VST,refmac,0.2347,0.2563
3VST,phenix,0.2395,0.2582
3VST,torchref,0.2257,0.2576
3VUQ,prediction,0.479,0.4824
3VUQ,refmac,0.326,0.3625
3VUQ,phenix,0.2942,0.3265
3VUQ,torchref,0.2753,0.3217
3VYN,prediction,0.3072,0.3143
3VYN,refmac,0.2014,0.2494
3VYN,phenix,0.2042,0.2485
3VYN,torchref,0.2009,0.2539
3W0L,prediction,0.4277,0.4326
3W0L,refmac,0.2925,0.3734
3W0L,phenix,0.304,0.3686
3W0L,torchref,0.3222,0.3926
3W3T,prediction,0.4442,0.4308
3W3T,refmac,0.2787,0.3677
3W3T,phenix,0.2786,0.3475
3W3T,torchref,0.2582,0.3315
3W3W,prediction,0.4331,0.4303
3W3W,refmac,0.3013,0.3362
3W3W,phenix,0.2876,0.3104
3W3W,torchref,0.2756,0.3102
3W56,prediction,0.4133,0.4222
3W56,refmac,0.3083,0.3561
3W56,phenix,0.3082,0.3362
3W56,torchref,0.2933,0.3354
3W8W,prediction,0.4421,0.4494
3W8W,refmac,0.2744,0.3157
3W8W,phenix,0.2793,0.3243
3W8W,torchref,0.2622,0.3264
3WNV,prediction,0.4107,0.4142
3WNV,refmac,0.2737,0.3169
3WNV,phenix,0.2747,0.3115
3WNV,torchref,0.2599,0.3102
3WTQ,prediction,0.3987,0.4121
3WTQ,refmac,0.2842,0.3086
3WTQ,phenix,0.3006,0.3243
3WTQ,torchref,0.2746,0.3074
3WW1,prediction,0.3508,0.3628
3WW1,refmac,0.2272,0.2665
3WW1,phenix,0.2299,0.2697
3WW1,torchref,0.2182,0.2801
3X0X,prediction,0.3363,0.3319
3X0X,refmac,0.2181,0.271
3X0X,phenix,0.2268,0.2756
3X0X,torchref,0.2148,0.2782
3ZH9,prediction,0.4707,0.4688
3ZH9,refmac,0.2751,0.3052
3ZH9,phenix,0.2795,0.2967
3ZH9,torchref,0.2611,0.2996
3ZIE,prediction,0.3895,0.4117
3ZIE,refmac,0.2619,0.313
3ZIE,phenix,0.2585,0.3014
3ZIE,torchref,0.2467,0.3089
4AK1,prediction,0.4934,0.4914
4AK1,refmac,0.4597,0.4802
4AK1,phenix,0.4395,0.4609
4AK1,torchref,0.4359,0.4626
4ALY,prediction,0.352,0.331
4ALY,refmac,0.2351,0.262
4ALY,phenix,0.2369,0.2656
4ALY,torchref,0.2302,0.2793
4AOM,prediction,0.4075,0.4314
4AOM,refmac,0.2809,0.337
4AOM,phenix,0.2688,0.3317
4AOM,torchref,0.2579,0.3269
4AUP,prediction,0.3605,0.3786
4AUP,refmac,0.2743,0.3319
4AUP,phenix,0.2814,0.3443
4AUP,torchref,0.2676,0.3458
4B18,prediction,0.4097,0.4137
4B18,refmac,0.2679,0.3203
4B18,phenix,0.2444,0.2921
4B18,torchref,0.2291,0.298
4BU1,prediction,0.523,0.5328
4BU1,refmac,0.4395,0.5032
4BU1,phenix,0.4287,0.4985
4BU1,torchref,0.3993,0.4833
4BVE,prediction,0.4467,0.4487
4BVE,refmac,0.2839,0.3117
4BVE,phenix,0.2883,0.3165
4BVE,torchref,0.2835,0.329
4BX9,prediction,0.4303,0.4406
4BX9,refmac,0.245,0.2962
4BX9,phenix,0.2666,0.3127
4BX9,torchref,0.2574,0.3144
4C1S,prediction,0.3514,0.3419
4C1S,refmac,0.2537,0.2995
4C1S,phenix,0.2525,0.2948
4C1S,torchref,0.2431,0.3003
4C6R,prediction,0.4345,0.4237
4C6R,refmac,0.2917,0.3397
4C6R,phenix,0.289,0.3275
4C6R,torchref,0.2763,0.3264
4CE5,prediction,0.3483,0.3418
4CE5,refmac,0.249,0.2605
4CE5,phenix,0.2519,0.2593
4CE5,torchref,0.2444,0.2626
4CGB,prediction,0.5461,0.5659
4CGB,refmac,0.5372,0.5487
4CGB,phenix,0.5413,0.5415
4CGB,torchref,0.5418,0.5526
4CH9,prediction,0.3778,0.3688
4CH9,refmac,0.2679,0.2801
4CH9,phenix,0.2641,0.275
4CH9,torchref,0.243,0.2633
4CKT,prediction,0.4569,0.416
4CKT,refmac,0.3864,0.3978
4CKT,phenix,0.3518,0.4186
4CKT,torchref,0.4107,0.4186
4CLF,prediction,0.4926,0.5011
4CLF,refmac,0.3266,0.3815
4CLF,phenix,0.3239,0.3696
4CLF,torchref,0.3016,0.3493
4CSO,prediction,0.3633,0.3729
4CSO,refmac,0.213,0.3046
4CSO,phenix,0.2188,0.3105
4CSO,torchref,0.2113,0.306
4D51,prediction,0.4136,0.3897
4D51,refmac,0.2964,0.3216
4D51,phenix,0.2963,0.3167
4D51,torchref,0.2723,0.3217
4DA2,prediction,0.3431,0.3465
4DA2,refmac,0.2612,0.2925
4DA2,phenix,0.2623,0.2904
4DA2,torchref,0.2482,0.3033
4DOV,prediction,0.4716,0.4651
4DOV,refmac,0.3334,0.3486
4DOV,phenix,0.347,0.3476
4DOV,torchref,0.3188,0.346
4EOY,prediction,0.4621,0.4657
4EOY,refmac,0.3939,0.4467
4EOY,phenix,0.3838,0.4387
4EOY,torchref,0.3528,0.4367
4EWI,prediction,0.4544,0.466
4EWI,refmac,0.3526,0.4042
4EWI,phenix,0.3778,0.4534
4EWI,torchref,0.3584,0.4337
4EX5,prediction,0.4683,0.4626
4EX5,refmac,0.2594,0.2875
4EX5,phenix,0.2621,0.293
4EX5,torchref,0.2489,0.2858
4F0F,prediction,0.4639,0.4889
4F0F,refmac,0.3041,0.3463
4F0F,phenix,0.3152,0.3491
4F0F,torchref,0.2969,0.351
4F27,prediction,0.4165,0.4232
4F27,refmac,0.3023,0.3447
4F27,phenix,0.3219,0.3459
4F27,torchref,0.2805,0.3459
4FC4,prediction,0.2828,0.2761
4FC4,refmac,0.2113,0.2464
4FC4,phenix,0.2186,0.2472
4FC4,torchref,0.2078,0.2566
4FE9,prediction,0.3637,0.3666
4FE9,refmac,0.2575,0.2792
4FE9,phenix,0.2583,0.2803
4FE9,torchref,0.2472,0.2849
4FIX,prediction,0.4263,0.4185
4FIX,refmac,0.2521,0.3112
4FIX,phenix,0.2599,0.2963
4FIX,torchref,0.2506,0.2991
4FYU,prediction,0.3989,0.3924
4FYU,refmac,0.2748,0.314
4FYU,phenix,0.271,0.3056
4FYU,torchref,0.2684,0.315
4G3H,prediction,0.4589,0.4682
4G3H,refmac,0.3255,0.3894
4G3H,phenix,0.3375,0.3995
4G3H,torchref,0.3089,0.3733
4GMV,prediction,0.39,0.3968
4GMV,refmac,0.2561,0.3242
4GMV,phenix,0.2608,0.3341
4GMV,torchref,0.25,0.3261
4H9D,prediction,0.4663,0.4536
4H9D,refmac,0.3205,0.3972
4H9D,phenix,0.3362,0.3926
4H9D,torchref,0.3081,0.3742
4HIA,prediction,0.4264,0.403
4HIA,refmac,0.2848,0.3434
4HIA,phenix,0.2903,0.3393
4HIA,torchref,0.2782,0.3441
4HJW,prediction,0.3844,0.3833
4HJW,refmac,0.2362,0.2944
4HJW,phenix,0.2569,0.3023
4HJW,torchref,0.2428,0.3055
4HKA,prediction,0.4286,0.4011
4HKA,refmac,0.2446,0.2925
4HKA,phenix,0.2772,0.305
4HKA,torchref,0.2579,0.2825
4HUJ,prediction,0.4273,0.4397
4HUJ,refmac,0.2784,0.3125
4HUJ,phenix,0.281,0.3132
4HUJ,torchref,0.268,0.324
4ICH,prediction,0.4065,0.3909
4ICH,refmac,0.2682,0.3277
4ICH,phenix,0.2764,0.3423
4ICH,torchref,0.2562,0.3268
4IDI,prediction,0.3665,0.3734
4IDI,refmac,0.293,0.3251
4IDI,phenix,0.2937,0.3154
4IDI,torchref,0.2802,0.3235
4JGX,prediction,0.4099,0.4122
4JGX,refmac,0.2441,0.292
4JGX,phenix,0.2593,0.2902
4JGX,torchref,0.2375,0.2905
4JHN,prediction,0.391,0.403
4JHN,refmac,0.2211,0.2513
4JHN,phenix,0.2275,0.2553
4JHN,torchref,0.2188,0.2563
4JLX,prediction,0.4416,0.4405
4JLX,refmac,0.2647,0.2986
4JLX,torchref,0.2548,0.2916
4JX2,prediction,0.4837,0.4916
4JX2,refmac,0.3671,0.4179
4JX2,phenix,0.3131,0.3671
4JX2,torchref,0.3355,0.3943
4K36,prediction,0.4405,0.4257
4K36,refmac,0.3093,0.3451
4K36,phenix,0.3163,0.3491
4K36,torchref,0.3025,0.3522
4KH9,prediction,0.3964,0.4227
4KH9,refmac,0.267,0.3141
4KH9,phenix,0.2765,0.3234
4KH9,torchref,0.26,0.3277
4KYQ,prediction,0.4089,0.4298
4KYQ,refmac,0.2606,0.3037
4KYQ,phenix,0.2775,0.3274
4KYQ,torchref,0.2467,0.3256
4L7Z,prediction,0.4303,0.425
4L7Z,refmac,0.2812,0.3306
4L7Z,phenix,0.3003,0.3436
4L7Z,torchref,0.2837,0.3442
4L9U,prediction,0.5548,0.5643
4L9U,refmac,0.4779,0.5175
4L9U,phenix,0.4937,0.5423
4L9U,torchref,0.555,0.5478
4LD7,prediction,0.3694,0.3644
4LD7,refmac,0.2473,0.3233
4LD7,phenix,0.2458,0.3168
4LD7,torchref,0.2506,0.3256
4LZ2,prediction,0.4218,0.4257
4LZ2,refmac,0.2925,0.3194
4LZ2,phenix,0.2994,0.3338
4LZ2,torchref,0.2754,0.3112
4MAA,prediction,0.3917,0.3687
4MAA,refmac,0.2445,0.2938
4MAA,phenix,0.2522,0.2975
4MAA,torchref,0.238,0.3026
4ME9,prediction,0.4407,0.4065
4ME9,refmac,0.2531,0.2944
4ME9,phenix,0.2653,0.309
4ME9,torchref,0.2452,0.3065
4MG5,prediction,0.3902,0.3928
4MG5,refmac,0.2632,0.306
4MG5,phenix,0.2871,0.3288
4MG5,torchref,0.2382,0.3049
4MG6,prediction,0.4058,0.4177
4MG6,refmac,0.2745,0.3407
4MG6,phenix,0.278,0.3369
4MG6,torchref,0.2349,0.3213
4MJG,prediction,0.3539,0.3422
4MJG,refmac,0.2454,0.33
4MJG,phenix,0.2552,0.3277
4MJG,torchref,0.2519,0.3248
4N39,prediction,0.4328,0.4198
4N39,refmac,0.3359,0.3665
4N39,phenix,0.3487,0.3766
4N39,torchref,0.3003,0.3572
4N5X,prediction,0.4586,0.4604
4N5X,refmac,0.3373,0.4219
4N5X,phenix,0.3369,0.409
4N5X,torchref,0.3392,0.4349
4NPJ,prediction,0.4814,0.4665
4NPJ,refmac,0.3365,0.363
4NPJ,phenix,0.3289,0.3438
4NPJ,torchref,0.3115,0.3494
4NUF,prediction,0.4406,0.4403
4NUF,refmac,0.3791,0.4296
4NUF,phenix,0.378,0.4329
4NUF,torchref,0.3761,0.4408
4NWZ,prediction,0.3865,0.3882
4NWZ,refmac,0.2734,0.3459
4NWZ,phenix,0.2848,0.3312
4NWZ,torchref,0.2805,0.3413
4O62,prediction,0.4664,0.4735
4O62,refmac,0.4083,0.4249
4O62,phenix,0.4153,0.4378
4O62,torchref,0.3937,0.4483
4O92,prediction,0.5489,0.5605
4O92,refmac,0.4129,0.4745
4O92,phenix,0.4261,0.458
4O92,torchref,0.532,0.54
4OC8,prediction,0.4926,0.5039
4OC8,refmac,0.3974,0.4533
4OC8,phenix,0.3991,0.446
4OC8,torchref,0.4019,0.4497
4OF8,prediction,0.4331,0.4127
4OF8,refmac,0.2717,0.3124
4OF8,phenix,0.2782,0.3084
4OF8,torchref,0.2626,0.3074
4OFF,prediction,0.5256,0.5084
4OFF,refmac,0.4433,0.5006
4OFF,phenix,0.4475,0.5368
4OFF,torchref,0.4396,0.5384
4OX3,prediction,0.3723,0.375
4OX3,refmac,0.2871,0.3259
4OX3,phenix,0.287,0.3211
4OX3,torchref,0.2725,0.317
4PDE,prediction,0.377,0.3652
4PDE,refmac,0.2173,0.2877
4PDE,phenix,0.2241,0.3004
4PDE,torchref,0.2422,0.3173
4PFS,prediction,0.3926,0.4047
4PFS,refmac,0.2397,0.313
4PFS,phenix,0.2462,0.3175
4PFS,torchref,0.2304,0.3129
4PQZ,prediction,0.3759,0.3612
4PQZ,refmac,0.2754,0.3009
4PQZ,phenix,0.2773,0.2836
4PQZ,torchref,0.2605,0.3296
4PRA,prediction,0.4829,0.4742
4PRA,refmac,0.4436,0.4614
4PRA,phenix,0.393,0.4266
4PRA,torchref,0.3619,0.4019
4PSI,prediction,0.4577,0.5438
4PSI,refmac,0.3675,0.4306
4PSI,phenix,0.4026,0.4963
4PSI,torchref,0.3739,0.4378
4PV4,prediction,0.418,0.4216
4PV4,refmac,0.2932,0.3321
4PV4,phenix,0.2951,0.3209
4PV4,torchref,0.291,0.3214
4Q13,prediction,0.3792,0.3953
4Q13,refmac,0.2487,0.2942
4Q13,phenix,0.2561,0.3009
4Q13,torchref,0.2504,0.3091
4Q63,prediction,0.4326,0.415
4Q63,refmac,0.3548,0.4211
4Q63,phenix,0.3469,0.4162
4Q63,torchref,0.2845,0.3628
4QH8,prediction,0.3955,0.3849
4QH8,refmac,0.2553,0.2946
4QH8,phenix,0.2462,0.2769
4QKO,prediction,0.4316,0.4447
4QKO,refmac,0.3027,0.3536
4QKO,phenix,0.3016,0.3486
4QKO,torchref,0.2897,0.3496
4QN8,prediction,0.3897,0.3919
4QN8,refmac,0.291,0.3191
4QN8,phenix,0.297,0.326
4QN8,torchref,0.2834,0.3354
4QQR,prediction,0.3869,0.4055
4QQR,refmac,0.2336,0.2954
4QQR,phenix,0.255,0.317
4QQR,torchref,0.24,0.3157
4QTP,prediction,0.3748,0.3935
4QTP,refmac,0.2569,0.288
4QTP,phenix,0.2585,0.2961
4QTP,torchref,0.2495,0.3
4QXA,prediction,0.4127,0.4356
4QXA,refmac,0.277,0.3483
4QXA,phenix,0.2911,0.3606
4QXA,torchref,0.2761,0.3564
4R10,prediction,0.3635,0.3512
4R10,refmac,0.2415,0.2649
4R10,phenix,0.2554,0.2712
4R10,torchref,0.2291,0.2606
4REV,prediction,0.4913,0.4762
4REV,refmac,0.355,0.3949
4REV,torchref,0.3383,0.4081
4RHO,prediction,0.4145,0.3804
4RHO,refmac,0.3226,0.3843
4RHO,phenix,0.334,0.3848
4RHO,torchref,0.3183,0.3888
4RK2,prediction,0.5137,0.5314
4RK2,refmac,0.431,0.4974
4RK2,phenix,0.4416,0.4935
4RK2,torchref,0.4254,0.5001
4RO5,prediction,0.4888,0.4907
4RO5,refmac,0.3973,0.4334
4RO5,phenix,0.3856,0.4212
4RO5,torchref,0.3737,0.4162
4RQM,prediction,0.4401,0.4419
4RQM,refmac,0.3217,0.3334
4RQM,phenix,0.3347,0.3404
4RQM,torchref,0.3041,0.3498
4TWL,prediction,0.3852,0.3962
4TWL,refmac,0.2452,0.3116
4TWL,phenix,0.2517,0.313
4TWL,torchref,0.2386,0.3025
4U7A,prediction,0.3649,0.3704
4U7A,refmac,0.2419,0.2687
4U7A,phenix,0.2538,0.2788
4U7A,torchref,0.2393,0.2719
4UCI,prediction,0.5283,0.5136
4UCI,refmac,0.4629,0.4828
4UCI,phenix,0.4629,0.493
4UCI,torchref,0.4628,0.4941
4UDA,prediction,0.4163,0.4075
4UDA,refmac,0.2919,0.306
4UDA,phenix,0.2878,0.316
4UDA,torchref,0.2626,0.293
4UDP,prediction,0.3293,0.3335
4UDP,refmac,0.2324,0.2694
4UDP,phenix,0.2304,0.2696
4UDP,torchref,0.2212,0.2788
4UWX,prediction,0.4373,0.4315
4UWX,refmac,0.3095,0.346
4UWX,phenix,0.3361,0.3786
4UWX,torchref,0.2834,0.3294
4UYI,prediction,0.4436,0.4701
4UYI,refmac,0.3113,0.3139
4UYI,phenix,0.3076,0.3123
4UYI,torchref,0.2915,0.3111
4V15,prediction,0.4079,0.4009
4V15,refmac,0.2444,0.2608
4V15,phenix,0.2504,0.2662
4V15,torchref,0.2362,0.2652
4W2R,prediction,0.3817,0.3822
4W2R,refmac,0.233,0.3082
4W2R,phenix,0.2502,0.3128
4W2R,torchref,0.2489,0.3161
4WAL,prediction,0.4462,0.4591
4WAL,refmac,0.3543,0.3825
4WAL,phenix,0.3577,0.3882
4WAL,torchref,0.3399,0.4008
4WIP,prediction,0.445,0.4731
4WIP,refmac,0.3552,0.4205
4WIP,phenix,0.3364,0.3783
4WIP,torchref,0.3451,0.3852
4WWM,prediction,0.4482,0.4394
4WWM,refmac,0.284,0.3361
4WWM,phenix,0.2859,0.3212
4WWM,torchref,0.2758,0.3257
4X3E,prediction,0.4059,0.3712
4X3E,refmac,0.2487,0.2906
4X3E,phenix,0.2463,0.2972
4X3E,torchref,0.2499,0.3031
4XLG,prediction,0.404,0.3987
4XLG,refmac,0.2673,0.2998
4XLG,phenix,0.2783,0.3056
4XLG,torchref,0.2558,0.2865
4ZSF,prediction,0.4826,0.4746
4ZSF,refmac,0.4161,0.4404
4ZSF,phenix,0.4256,0.4522
4ZSF,torchref,0.4129,0.4462
4ZV9,prediction,0.3649,0.3631
4ZV9,refmac,0.2908,0.3156
4ZV9,phenix,0.2816,0.3029
4ZV9,torchref,0.2735,0.3082
5A0T,prediction,0.4466,0.4309
5A0T,refmac,0.2361,0.2586
5A0T,phenix,0.2769,0.2953
5A0T,torchref,0.2371,0.2567
5AA5,prediction,0.3874,0.3941
5AA5,refmac,0.2729,0.3373
5AA5,phenix,0.2669,0.3392
5AA5,torchref,0.268,0.3398
5AD0,prediction,0.4407,0.4431
5AD0,refmac,0.3069,0.4377
5AD0,phenix,0.2658,0.3838
5AD0,torchref,0.3404,0.4424
5B5I,prediction,0.5671,0.5643
5B5I,refmac,0.4574,0.4949
5B5I,phenix,0.4709,0.5162
5B5I,torchref,0.4837,0.5481
5B5Q,prediction,0.3719,0.3854
5B5Q,refmac,0.2612,0.2986
5B5Q,phenix,0.2601,0.2976
5B5Q,torchref,0.2493,0.3035
5BOV,prediction,0.3347,0.3282
5BOV,refmac,0.2506,0.2688
5BOV,phenix,0.2516,0.2686
5BV6,prediction,0.492,0.4751
5BV6,refmac,0.4446,0.4905
5BV6,phenix,0.399,0.4513
5BV6,torchref,0.3791,0.4308
5C5V,prediction,0.467,0.4528
5C5V,refmac,0.363,0.3867
5C5V,phenix,0.381,0.3985
5C5V,torchref,0.3628,0.3982
5C7F,prediction,0.4067,0.4057
5C7F,refmac,0.2931,0.3476
5C7F,phenix,0.3104,0.3699
5C7F,torchref,0.3061,0.3625
5C8H,prediction,0.4619,0.4572
5C8H,refmac,0.3112,0.3599
5C8H,phenix,0.3226,0.3621
5C8H,torchref,0.2867,0.3427
5CVR,prediction,0.4377,0.3991
5CVR,refmac,0.258,0.321
5CVR,phenix,0.2621,0.328
5CVR,torchref,0.2551,0.3106
5CX2,prediction,0.5311,0.5547
5CX2,refmac,0.4918,0.5317
5CX2,torchref,0.4763,0.5678
5D5H,prediction,0.3903,0.3861
5D5H,refmac,0.2229,0.2801
5D5H,phenix,0.2266,0.274
5D5H,torchref,0.222,0.2816
5DAY,prediction,0.4781,0.4812
5DAY,refmac,0.3252,0.3964
5DAY,phenix,0.3421,0.421
5DAY,torchref,0.312,0.4
5DBE,prediction,0.3618,0.3341
5DBE,refmac,0.2292,0.2889
5DBE,phenix,0.2411,0.2605
5DBE,torchref,0.2633,0.3165
5DRM,prediction,0.3895,0.3706
5DRM,refmac,0.2511,0.2814
5DRM,phenix,0.2609,0.2907
5DRM,torchref,0.2366,0.278
5E15,prediction,0.4211,0.4123
5E15,refmac,0.2714,0.3325
5E15,phenix,0.2888,0.3336
5E15,torchref,0.253,0.3251
5EBB,prediction,0.3956,0.4096
5EBB,refmac,0.3018,0.3603
5EBB,phenix,0.3049,0.3634
5EBB,torchref,0.2942,0.3628
5EG2,prediction,0.3786,0.3777
5EG2,refmac,0.2553,0.262
5EG2,phenix,0.2643,0.2685
5EG2,torchref,0.2474,0.2629
5EGE,prediction,0.3254,0.3239
5EGE,refmac,0.2505,0.2838
5EGE,phenix,0.2486,0.286
5EGE,torchref,0.2411,0.2916
5ETA,prediction,0.4419,0.4228
5ETA,refmac,0.2963,0.3575
5ETA,phenix,0.288,0.3311
5ETA,torchref,0.2594,0.3176
5G09,prediction,0.402,0.3891
5G09,refmac,0.2435,0.278
5G09,phenix,0.2501,0.2847
5G09,torchref,0.234,0.2825
5G23,prediction,0.4439,0.4422
5G23,refmac,0.2589,0.2812
5G23,phenix,0.2706,0.2945
5G23,torchref,0.2509,0.2928
5G4I,prediction,0.4425,0.4333
5G4I,refmac,0.253,0.2669
5G4I,phenix,0.2644,0.2727
5G4I,torchref,0.2444,0.2635
5GHR,prediction,0.4489,0.4265
5GHR,refmac,0.2879,0.3516
5GHR,phenix,0.3028,0.3546
5GHR,torchref,0.2913,0.3513
5GJM,prediction,0.3727,0.4033
5GJM,refmac,0.211,0.2786
5GJM,phenix,0.2054,0.2871
5GJM,torchref,0.286,0.3458
5GKV,prediction,0.3851,0.3989
5GKV,refmac,0.2362,0.2746
5GKV,phenix,0.2383,0.2676
5GKV,torchref,0.2216,0.2816
5GOX,prediction,0.552,0.5469
5GOX,refmac,0.5699,0.6178
5GOX,phenix,0.486,0.5531
5GOX,torchref,0.4886,0.581
5GZI,prediction,0.3995,0.4239
5GZI,refmac,0.2566,0.3035
5GZI,phenix,0.2566,0.3024
5GZI,torchref,0.2504,0.3105
5H5Y,prediction,0.4668,0.4808
5H5Y,refmac,0.325,0.3708
5H5Y,phenix,0.3152,0.3543
5H5Y,torchref,0.2905,0.3483
5HRJ,prediction,0.4484,0.4619
5HRJ,refmac,0.3093,0.342
5HRJ,phenix,0.3048,0.3525
5HRJ,torchref,0.289,0.3377
5I2H,prediction,0.439,0.4282
5I2H,refmac,0.294,0.314
5I2H,phenix,0.2908,0.2981
5I2H,torchref,0.281,0.3005
5I47,prediction,0.427,0.4402
5I47,refmac,0.3237,0.3816
5I47,phenix,0.3022,0.3641
5I47,torchref,0.3068,0.3755
5I9E,prediction,0.4449,0.4543
5I9E,refmac,0.3264,0.4126
5I9E,phenix,0.3315,0.3966
5I9E,torchref,0.3547,0.408
5IAW,prediction,0.4514,0.4318
5IAW,refmac,0.3205,0.3804
5IAW,phenix,0.285,0.3647
5IAW,torchref,0.2805,0.3625
5IQM,prediction,0.4534,0.4768
5IQM,refmac,0.3093,0.3347
5IQM,phenix,0.3127,0.3419
5IQM,torchref,0.2986,0.3301
5IY4,prediction,0.405,0.4029
5IY4,refmac,0.2688,0.3305
5IY4,phenix,0.3336,0.4048
5IY4,torchref,0.3351,0.373
5IYX,prediction,0.4047,0.4269
5IYX,refmac,0.2377,0.2909
5IYX,phenix,0.2611,0.318
5IYX,torchref,0.2423,0.3085
5J0A,prediction,0.4425,0.4116
5J0A,refmac,0.3617,0.3956
5J0A,phenix,0.3877,0.4303
5J0A,torchref,0.373,0.4052
5J4A,prediction,0.4238,0.4458
5J4A,refmac,0.2547,0.3194
5J4A,phenix,0.2615,0.3107
5J4A,torchref,0.2488,0.318
5J9K,prediction,0.4397,0.3921
5J9K,refmac,0.3119,0.3757
5J9K,phenix,0.3293,0.3847
5J9K,torchref,0.321,0.3738
5JD9,prediction,0.4549,0.458
5JD9,refmac,0.2709,0.3073
5JD9,phenix,0.2754,0.3072
5JD9,torchref,0.2547,0.3008
5JHO,prediction,0.386,0.4047
5JHO,refmac,0.2378,0.3053
5JHO,phenix,0.2762,0.3306
5JHO,torchref,0.2468,0.309
5JI5,prediction,0.3642,0.3711
5JI5,refmac,0.2465,0.3124
5JI5,phenix,0.2442,0.3118
5JI5,torchref,0.2395,0.3169
5JTA,prediction,0.3563,0.3657
5JTA,refmac,0.2083,0.2476
5JTA,phenix,0.2204,0.2489
5JTA,torchref,0.2164,0.2739
5K2X,prediction,0.4801,0.471
5K2X,refmac,0.3813,0.3948
5K2X,phenix,0.383,0.3916
5K2X,torchref,0.3586,0.3929
5K6S,prediction,0.4549,0.4313
5K6S,refmac,0.2892,0.3322
5K6S,phenix,0.3208,0.3455
5K6S,torchref,0.2565,0.2975
5KSU,prediction,0.4198,0.4251
5KSU,refmac,0.2651,0.3466
5KSU,torchref,0.2644,0.3551
5LTD,prediction,0.4072,0.3837
5LTD,refmac,0.2639,0.3093
5LTD,phenix,0.2683,0.3237
5LTD,torchref,0.2541,0.3204
5LU2,prediction,0.3735,0.3863
5LU2,refmac,0.2538,0.3326
5LU2,phenix,0.2887,0.344
5LU2,torchref,0.2605,0.3347
5LW0,prediction,0.3639,0.3699
5LW0,refmac,0.2502,0.275
5LW0,phenix,0.2586,0.2749
5LW0,torchref,0.2403,0.2803
5ME9,prediction,0.4195,0.4241
5ME9,refmac,0.2664,0.3477
5ME9,phenix,0.2759,0.3568
5ME9,torchref,0.2636,0.346
5MLK,prediction,0.4201,0.4097
5MLK,refmac,0.2503,0.2757
5MLK,phenix,0.2707,0.2962
5MLK,torchref,0.2422,0.2827
5MLZ,prediction,0.4604,0.469
5MLZ,refmac,0.3145,0.3479
5MLZ,phenix,0.3203,0.3447
5MLZ,torchref,0.2811,0.3191
5MXY,prediction,0.4112,0.416
5MXY,refmac,0.357,0.3793
5MXY,phenix,0.347,0.3747
5MXY,torchref,0.327,0.3697
5N6H,prediction,0.3355,0.318
5N6H,refmac,0.2252,0.2618
5N6H,phenix,0.2458,0.2709
5N6H,torchref,0.2303,0.2733
5N8R,prediction,0.5003,0.4816
5N8R,refmac,0.3614,0.4102
5N8R,phenix,0.3318,0.381
5N8R,torchref,0.3,0.3505
5NTB,prediction,0.3581,0.3543
5NTB,refmac,0.2309,0.2398
5NTB,phenix,0.2358,0.2451
5NTB,torchref,0.2213,0.2454
5O51,prediction,0.4625,0.4766
5O51,refmac,0.296,0.3676
5O51,torchref,0.2691,0.3359
5O6B,prediction,0.5233,0.518
5O6B,refmac,0.4455,0.4752
5O6B,phenix,0.4233,0.4666
5O6B,torchref,0.4646,0.5133
5OF1,prediction,0.3978,0.3887
5OF1,refmac,0.303,0.3296
5OF1,phenix,0.339,0.3675
5OF1,torchref,0.2935,0.3459
5OF9,prediction,0.427,0.4253
5OF9,refmac,0.2851,0.3172
5OF9,phenix,0.2948,0.3213
5OF9,torchref,0.2772,0.3169
5OMB,prediction,0.4889,0.4844
5OMB,refmac,0.3975,0.4472
5OMB,phenix,0.4011,0.4332
5OMB,torchref,0.3917,0.4455
5OU8,prediction,0.5011,0.5363
5OU8,refmac,0.3727,0.4359
5OU8,phenix,0.3914,0.448
5OU8,torchref,0.3324,0.3907
5Q1D,prediction,0.478,0.4947
5Q1D,refmac,0.3772,0.4326
5Q1D,phenix,0.3977,0.4459
5Q1D,torchref,0.3768,0.4278
5Q1H,prediction,0.463,0.4966
5Q1H,refmac,0.3637,0.4353
5Q1H,phenix,0.3509,0.4167
5Q1H,torchref,0.3176,0.3908
5SVE,prediction,0.3995,0.4072
5SVE,refmac,0.2799,0.3372
5SVE,phenix,0.3003,0.3582
5SVE,torchref,0.2765,0.3647
5T0K,prediction,0.4316,0.4441
5T0K,refmac,0.3206,0.3699
5T0K,phenix,0.3361,0.3845
5T0K,torchref,0.3165,0.3703
5T0M,prediction,0.3979,0.418
5T0M,refmac,0.2977,0.363
5T0M,phenix,0.314,0.377
5T0M,torchref,0.2928,0.3578
5T1G,prediction,0.4249,0.4492
5T1G,refmac,0.3128,0.38
5T1G,phenix,0.3219,0.3522
5T1G,torchref,0.2895,0.3309
5T6J,prediction,0.4304,0.4707
5T6J,refmac,0.3093,0.3864
5T6J,torchref,0.302,0.3897
5TDY,prediction,0.5026,0.5318
5TDY,refmac,0.4453,0.4908
5TDY,phenix,0.4498,0.533
5TDY,torchref,0.4145,0.5088
5TJA,prediction,0.3817,0.4293
5TJA,refmac,0.2938,0.3772
5TJA,phenix,0.286,0.3732
5TJA,torchref,0.278,0.3792
5TLD,prediction,0.3845,0.3928
5TLD,refmac,0.2665,0.3382
5TLD,phenix,0.2534,0.32
5TLD,torchref,0.2291,0.3164
5TM9,prediction,0.3825,0.3843
5TM9,refmac,0.2477,0.3086
5TM9,phenix,0.2704,0.3536
5TM9,torchref,0.2477,0.339
5TTA,prediction,0.3834,0.3792
5TTA,refmac,0.2893,0.3287
5TTA,phenix,0.2988,0.3342
5TTA,torchref,0.2739,0.3296
5TV7,prediction,0.3475,0.3528
5TV7,refmac,0.2461,0.2915
5TV7,phenix,0.2637,0.301
5TV7,torchref,0.2443,0.3044
5U6K,prediction,0.4338,0.4415
5U6K,refmac,0.3297,0.3807
5U6K,phenix,0.3087,0.3558
5U6K,torchref,0.2795,0.3343
5UQP,prediction,0.528,0.5188
5UQP,refmac,0.4576,0.4745
5UQP,phenix,0.4575,0.4959
5UQP,torchref,0.4532,0.4804
5UV4,prediction,0.3826,0.4048
5UV4,refmac,0.2284,0.2822
5UV4,phenix,0.2559,0.324
5UV4,torchref,0.2371,0.3132
5UX5,prediction,0.4081,0.4024
5UX5,refmac,0.2439,0.2993
5UX5,phenix,0.2454,0.2964
5UXG,prediction,0.3949,0.4204
5UXG,refmac,0.2534,0.2972
5UXG,phenix,0.2536,0.2981
5UXG,torchref,0.2391,0.2884
5UZU,prediction,0.3947,0.414
5UZU,refmac,0.2599,0.3284
5UZU,phenix,0.262,0.3318
5UZU,torchref,0.2522,0.3318
5V8W,prediction,0.4747,0.4895
5V8W,refmac,0.3325,0.3984
5V8W,phenix,0.3223,0.3718
5V8W,torchref,0.3019,0.3609
5VIA,prediction,0.3953,0.3753
5VIA,refmac,0.3219,0.3328
5VIA,phenix,0.3258,0.3249
5VIA,torchref,0.3111,0.3294
5VLB,prediction,0.4137,0.4167
5VLB,refmac,0.2356,0.2919
5VLB,phenix,0.2452,0.2977
5VLB,torchref,0.2305,0.2984
5VQG,prediction,0.446,0.4434
5VQG,refmac,0.3886,0.4494
5VQG,phenix,0.3257,0.3837
5VQG,torchref,0.4179,0.4229
5WB4,prediction,0.3791,0.3854
5WB4,refmac,0.2939,0.3404
5WB4,phenix,0.295,0.349
5WB4,torchref,0.2864,0.3499
5WJQ,prediction,0.5924,0.6099
5WJQ,refmac,0.5807,0.6375
5WJQ,phenix,0.5262,0.6447
5WJQ,torchref,0.5614,0.6496
5WRR,prediction,0.4336,0.4295
5WRR,refmac,0.2924,0.3333
5WRR,phenix,0.3338,0.3747
5WRR,torchref,0.2987,0.3472
5WWW,prediction,0.4517,0.3596
5WWW,refmac,0.3732,0.3011
5WWW,phenix,0.3732,0.3034
5WWW,torchref,0.3479,0.3132
5X6S,prediction,0.3597,0.3652
5X6S,refmac,0.2232,0.258
5X6S,phenix,0.2244,0.2542
5X6S,torchref,0.2173,0.2612
5XB7,prediction,0.3978,0.3971
5XB7,refmac,0.2343,0.2653
5XB7,phenix,0.2398,0.269
5XB7,torchref,0.228,0.2701
5XG9,prediction,0.3923,0.3919
5XG9,refmac,0.2896,0.3191
5XG9,phenix,0.2905,0.3096
5XG9,torchref,0.2772,0.3174
5XHW,prediction,0.3834,0.3602
5XHW,refmac,0.2846,0.306
5XHW,phenix,0.2901,0.3126
5XHW,torchref,0.2752,0.3131
5XMZ,prediction,0.4135,0.4133
5XMZ,refmac,0.2984,0.3456
5XMZ,phenix,0.2897,0.341
5XMZ,torchref,0.2707,0.3291
5XRW,prediction,0.4856,0.4896
5XRW,refmac,0.3734,0.4406
5XRW,phenix,0.3065,0.3783
5XRW,torchref,0.306,0.4073
5XUK,prediction,0.4767,0.48
5XUK,refmac,0.3799,0.4917
5XUK,phenix,0.3734,0.4396
5XUK,torchref,0.3644,0.444
5XUQ,prediction,0.3752,0.3903
5XUQ,refmac,0.2891,0.3553
5XUQ,phenix,0.2488,0.3487
5XUQ,torchref,0.2293,0.3321
5XVW,prediction,0.3935,0.3834
5XVW,refmac,0.2651,0.3032
5XVW,phenix,0.266,0.2966
5XVW,torchref,0.2495,0.2946
5Y9I,prediction,0.4317,0.4158
5Y9I,refmac,0.2978,0.3323
5Y9I,phenix,0.2937,0.3262
5Y9I,torchref,0.2796,0.3325
5YAY,prediction,0.4191,0.4058
5YAY,refmac,0.298,0.3264
5YAY,phenix,0.3039,0.3211
5YAY,torchref,0.2858,0.3315
5Z6D,prediction,0.3699,0.3837
5Z6D,refmac,0.2581,0.3008
5Z6D,phenix,0.2605,0.2974
5Z6D,torchref,0.2417,0.2937
5Z6V,prediction,0.4556,0.4477
5Z6V,refmac,0.2707,0.3209
5Z6V,phenix,0.2599,0.3187
5Z6V,torchref,0.2545,0.3211
5Z8L,prediction,0.3994,0.4225
5Z8L,refmac,0.2917,0.3567
5Z8L,phenix,0.389,0.4581
5Z8L,torchref,0.2652,0.3483
5ZOO,prediction,0.3676,0.3528
5ZOO,refmac,0.2482,0.267
5ZOO,phenix,0.2444,0.2552
5ZOO,torchref,0.2368,0.2631
6A0E,prediction,0.3811,0.4043
6A0E,refmac,0.2397,0.3057
6A0E,phenix,0.2515,0.3142
6A0E,torchref,0.2338,0.3135
6A93,prediction,0.5094,0.5051
6A93,refmac,0.4889,0.4734
6A93,phenix,0.4568,0.4907
6A93,torchref,0.5019,0.5039
6AF3,prediction,0.5096,0.4756
6AF3,refmac,0.4038,0.4803
6AF3,phenix,0.4366,0.5086
6AF3,torchref,0.4112,0.5009
6AGI,prediction,0.3956,0.4118
6AGI,refmac,0.2511,0.3102
6AGI,phenix,0.2468,0.3225
6AGI,torchref,0.2676,0.3174
6AL9,prediction,0.3903,0.401
6AL9,refmac,0.2398,0.2754
6AL9,torchref,0.237,0.3075
6B8Q,prediction,0.5116,0.5091
6B8Q,refmac,0.406,0.4715
6B8Q,phenix,0.4194,0.4759
6B8Q,torchref,0.4015,0.4492
6CGO,prediction,0.506,0.5128
6CGO,refmac,0.3905,0.4287
6CGO,phenix,0.3718,0.4113
6CGO,torchref,0.3697,0.4155
6COK,prediction,0.3478,0.3554
6COK,refmac,0.2396,0.2866
6COK,phenix,0.2443,0.2875
6COK,torchref,0.2294,0.2903
6CQL,prediction,0.456,0.4379
6CQL,refmac,0.3705,0.4133
6CQL,phenix,0.3686,0.4081
6CQL,torchref,0.3632,0.4061
6CW5,prediction,0.4622,0.492
6CW5,refmac,0.3191,0.3544
6CW5,phenix,0.3293,0.3664
6CW5,torchref,0.2959,0.3469
6D2V,prediction,0.4125,0.4041
6D2V,refmac,0.2611,0.2793
6D2V,phenix,0.2705,0.2948
6D2V,torchref,0.256,0.2928
6D97,prediction,0.3039,0.3032
6D97,refmac,0.1977,0.2508
6D97,phenix,0.2081,0.2525
6D97,torchref,0.1995,0.2617
6DDT,prediction,0.4098,0.4072
6DDT,refmac,0.2502,0.3101
6DDT,phenix,0.2492,0.315
6DDT,torchref,0.2371,0.3128
6DF3,prediction,0.4057,0.4453
6DF3,refmac,0.2504,0.306
6DF3,phenix,0.2644,0.3162
6DF3,torchref,0.2351,0.3083
6E0M,prediction,0.5032,0.4884
6E0M,refmac,0.3012,0.3322
6E0M,phenix,0.3048,0.3236
6E0M,torchref,0.2805,0.3104
6EC7,prediction,0.4984,0.4917
6EC7,refmac,0.3547,0.3953
6EC7,phenix,0.317,0.3571
6EC7,torchref,0.2817,0.3397
6EUS,prediction,0.3533,0.3512
6EUS,refmac,0.2687,0.3148
6EUS,phenix,0.2753,0.3112
6EUS,torchref,0.2672,0.316
6EWJ,prediction,0.3303,0.337
6EWJ,refmac,0.2661,0.3157
6EWJ,phenix,0.2687,0.3148
6EWJ,torchref,0.2588,0.323
6EYS,prediction,0.3365,0.345
6EYS,refmac,0.2574,0.3161
6EYS,phenix,0.2651,0.31
6EYS,torchref,0.2542,0.3166
6F1S,prediction,0.3528,0.293
6F1S,refmac,0.2617,0.2813
6F1S,phenix,0.2571,0.3043
6F1S,torchref,0.2511,0.2964
6FJU,prediction,0.4605,0.4612
6FJU,refmac,0.3599,0.3758
6FJU,phenix,0.3599,0.3771
6FJU,torchref,0.341,0.366
6FOK,prediction,0.412,0.4032
6FOK,refmac,0.2621,0.2895
6FOK,phenix,0.2838,0.2987
6FOK,torchref,0.262,0.2869
6FX6,prediction,0.4531,0.4641
6FX6,refmac,0.3014,0.3765
6FX6,phenix,0.3043,0.4005
6FX6,torchref,0.2843,0.3647
6G9X,prediction,0.4827,0.5265
6G9X,refmac,0.3437,0.4522
6G9X,torchref,0.3121,0.4201
6GBS,prediction,0.4571,0.4509
6GBS,refmac,0.3712,0.4246
6GBS,phenix,0.3813,0.4218
6GP7,prediction,0.4532,0.4057
6GP7,refmac,0.3229,0.3604
6GP7,phenix,0.3225,0.3291
6GP7,torchref,0.305,0.3283
6GXS,prediction,0.4375,0.438
6GXS,refmac,0.2685,0.2991
6GXS,phenix,0.262,0.2892
6GXS,torchref,0.2517,0.2906
6HFG,prediction,0.4121,0.3416
6HFG,refmac,0.2608,0.2745
6HFG,phenix,0.2852,0.3064
6HFG,torchref,0.2775,0.2989
6HR7,prediction,0.3773,0.3683
6HR7,refmac,0.2121,0.2719
6HR7,torchref,0.2248,0.2956
6I1R,prediction,0.3726,0.3572
6I1R,refmac,0.2228,0.2767
6I1R,phenix,0.2518,0.2754
6I1R,torchref,0.2235,0.2803
6I50,prediction,0.3374,0.3167
6I50,refmac,0.2286,0.2432
6I50,phenix,0.2358,0.2507
6I50,torchref,0.2215,0.2445
6IIW,prediction,0.5186,0.4776
6IIW,refmac,0.428,0.4222
6IIW,phenix,0.4329,0.4077
6IIW,torchref,0.3955,0.4597
6ILR,prediction,0.3899,0.3964
6ILR,refmac,0.2519,0.2935
6ILR,torchref,0.2515,0.2993
6IQJ,prediction,0.4106,0.4016
6IQJ,refmac,0.2735,0.3562
6IQJ,phenix,0.2656,0.3485
6IQJ,torchref,0.2605,0.3501
6IR8,prediction,0.5105,0.5161
6IR8,refmac,0.4485,0.471
6IR8,phenix,0.4323,0.4696
6IR8,torchref,0.4495,0.4587
6J17,prediction,0.4472,0.417
6J17,refmac,0.2892,0.2932
6J17,phenix,0.3033,0.3124
6J17,torchref,0.286,0.3232
6J72,prediction,0.449,0.4545
6J72,refmac,0.3377,0.3858
6J72,phenix,0.3364,0.3796
6J72,torchref,0.3281,0.3855
6J7Y,prediction,0.4026,0.3888
6J7Y,refmac,0.2419,0.2784
6J7Y,phenix,0.2577,0.2929
6J7Y,torchref,0.2354,0.2771
6JC4,prediction,0.4207,0.4428
6JC4,refmac,0.2526,0.2984
6JC4,phenix,0.2501,0.2965
6JC4,torchref,0.2411,0.3093
6JJW,prediction,0.557,0.5398
6JJW,refmac,0.5293,0.5176
6JJW,phenix,0.5102,0.5239
6JJW,torchref,0.5345,0.5052
6JZA,prediction,0.4234,0.431
6JZA,refmac,0.2739,0.3368
6JZA,phenix,0.2912,0.3531
6JZA,torchref,0.3892,0.4517
6K6R,prediction,0.4261,0.4
6K6R,refmac,0.2681,0.2979
6K6R,phenix,0.268,0.2991
6K6R,torchref,0.2542,0.2843
6L8E,prediction,0.5016,0.502
6L8E,refmac,0.4492,0.4802
6L8E,phenix,0.4602,0.5053
6L8E,torchref,0.4551,0.4925
6L9F,prediction,0.4543,0.4627
6L9F,refmac,0.3192,0.3782
6L9F,phenix,0.3156,0.384
6L9F,torchref,0.3096,0.3768
6LKG,prediction,0.3663,0.3606
6LKG,refmac,0.2516,0.3
6LKG,phenix,0.2604,0.305
6LKG,torchref,0.2469,0.3053
6M20,prediction,0.5103,0.5136
6M20,refmac,0.41,0.4602
6M20,phenix,0.4184,0.4743
6M20,torchref,0.411,0.4892
6N5U,prediction,0.3291,0.3301
6N5U,refmac,0.2377,0.3191
6N5U,phenix,0.23,0.3146
6N5U,torchref,0.2272,0.3119
6O6N,prediction,0.4351,0.4053
6O6N,refmac,0.269,0.294
6O6N,phenix,0.2762,0.3075
6O6N,torchref,0.256,0.2952
6OAE,prediction,0.4873,0.4674
6OAE,refmac,0.2824,0.3241
6OAE,torchref,0.2685,0.3319
6OHI,prediction,0.4966,0.5536
6OHI,refmac,0.4324,0.5286
6OHI,phenix,0.4478,0.5306
6OHI,torchref,0.441,0.5189
6PEU,prediction,0.4357,0.4287
6PEU,refmac,0.2957,0.3386
6PEU,phenix,0.2973,0.3351
6PEU,torchref,0.3005,0.3469
6PJQ,prediction,0.4164,0.4398
6PJQ,refmac,0.2923,0.3849
6PJQ,phenix,0.2974,0.3941
6PJQ,torchref,0.2852,0.3939
6PNP,prediction,0.4186,0.4124
6PNP,refmac,0.2803,0.3095
6PNP,phenix,0.3054,0.3347
6PNP,torchref,0.257,0.3042
6PUP,prediction,0.4217,0.4706
6PUP,refmac,0.3135,0.3676
6PUP,phenix,0.3161,0.4035
6PUP,torchref,0.2962,0.3567
6R0L,prediction,0.4089,0.4205
6R0L,refmac,0.2797,0.4257
6R0L,phenix,0.2361,0.4008
6R0L,torchref,0.3799,0.4332
6R6T,prediction,0.3754,0.3698
6R6T,refmac,0.227,0.2959
6R6T,phenix,0.2375,0.2964
6R6T,torchref,0.2283,0.3013
6RFT,prediction,0.3495,0.3505
6RFT,refmac,0.273,0.3227
6RFT,phenix,0.2749,0.3316
6RFT,torchref,0.2721,0.3362
6RPT,prediction,0.4525,0.4465
6RPT,refmac,0.3496,0.3981
6RPT,phenix,0.365,0.4128
6RPT,torchref,0.3509,0.4155
6RR0,prediction,0.673,0.6798
6RR0,refmac,0.652,0.6712
6RR0,phenix,0.619,0.6526
6RR0,torchref,0.6195,0.6563
6RSN,prediction,0.4183,0.4322
6RSN,refmac,0.2807,0.2864
6RSN,phenix,0.2815,0.3055
6RSN,torchref,0.2484,0.3011
6S2P,prediction,0.435,0.4292
6S2P,refmac,0.3511,0.4106
6S2P,phenix,0.337,0.4082
6S2P,torchref,0.3118,0.3896
6SRB,prediction,0.4681,0.4689
6SRB,refmac,0.3926,0.4219
6SRB,phenix,0.3886,0.4116
6SRB,torchref,0.3679,0.4098
6SXW,prediction,0.4366,0.4355
6SXW,refmac,0.2684,0.3763
6SXW,phenix,0.3022,0.428
6SXW,torchref,0.4103,0.412
6T80,prediction,0.3722,0.3782
6T80,refmac,0.2588,0.3414
6T80,phenix,0.2783,0.3718
6T80,torchref,0.276,0.3627
6TCT,prediction,0.4603,0.4642
6TCT,refmac,0.3252,0.3723
6TCT,phenix,0.3336,0.3741
6TCT,torchref,0.3086,0.3676
6TT5,prediction,0.4043,0.406
6TT5,refmac,0.2717,0.2981
6TT5,phenix,0.2813,0.304
6TT5,torchref,0.255,0.2968
6TWJ,prediction,0.403,0.3986
6TWJ,refmac,0.2555,0.2905
6TWJ,phenix,0.2621,0.2946
6TWJ,torchref,0.2487,0.297
6U2D,prediction,0.4511,0.428
6U2D,refmac,0.3244,0.3448
6U2D,phenix,0.3194,0.3181
6U2D,torchref,0.2962,0.3232
6U75,prediction,0.3908,0.3862
6U75,refmac,0.2447,0.2939
6U75,phenix,0.2532,0.2958
6U75,torchref,0.2514,0.3016
6UB7,prediction,0.4083,0.3845
6UB7,refmac,0.2483,0.2525
6UB7,phenix,0.2621,0.2606
6UB7,torchref,0.2386,0.2614
6V7M,prediction,0.5011,0.4822
6V7M,refmac,0.4051,0.4543
6V7M,phenix,0.4009,0.4539
6V7M,torchref,0.3996,0.4538
6VD8,prediction,0.4384,0.3972
6VD8,refmac,0.4042,0.4183
6VD8,phenix,0.2913,0.3375
6VD8,torchref,0.2841,0.3602
6VHI,prediction,0.3307,0.3441
6VHI,refmac,0.2019,0.2563
6VHI,phenix,0.227,0.275
6VHI,torchref,0.2084,0.2443
6VPT,prediction,0.3925,0.3763
6VPT,refmac,0.2511,0.3307
6VPT,phenix,0.2485,0.3199
6VPT,torchref,0.2518,0.3099
6VS7,prediction,0.5385,0.5485
6VS7,refmac,0.5009,0.5418
6VS7,phenix,0.4527,0.5031
6VS7,torchref,0.4759,0.5271
6W9K,prediction,0.4299,0.4068
6W9K,refmac,0.2615,0.2781
6W9K,phenix,0.2765,0.2791
6W9K,torchref,0.2397,0.2539
6WT6,prediction,0.4754,0.489
6WT6,refmac,0.3074,0.3611
6WT6,phenix,0.3001,0.3333
6WT6,torchref,0.3433,0.37
6XZ6,prediction,0.381,0.367
6XZ6,refmac,0.248,0.3056
6XZ6,phenix,0.2507,0.3029
6XZ6,torchref,0.2492,0.2944
6YFV,prediction,0.5397,0.554
6YFV,refmac,0.4079,0.4531
6YFV,phenix,0.4182,0.4536
6YFV,torchref,0.3963,0.4472
6Z1S,prediction,0.4264,0.434
6Z1S,refmac,0.2927,0.3361
6Z1S,phenix,0.2819,0.3271
6Z1S,torchref,0.2593,0.321
6Z3U,prediction,0.5243,0.5396
6Z3U,refmac,0.5053,0.5276
6Z3U,phenix,0.4518,0.4919
6Z3U,torchref,0.5011,0.5239
6ZH1,prediction,0.4983,0.5226
6ZH1,refmac,0.3379,0.4131
6ZH1,phenix,0.3395,0.4111
6ZH1,torchref,0.3189,0.3917
6ZUW,prediction,0.4641,0.4679
6ZUW,refmac,0.3762,0.3914
6ZUW,phenix,0.3777,0.4094
6ZUW,torchref,0.3501,0.3898
7AUI,prediction,0.4082,0.4212
7AUI,refmac,0.2723,0.312
7AUI,phenix,0.2964,0.3141
7AUI,torchref,0.2725,0.3319
7BV5,prediction,0.4418,0.4572
7BV5,refmac,0.2986,0.356
7BV5,phenix,0.306,0.3776
7BV5,torchref,0.3024,0.365
7BW1,prediction,0.3552,0.3435
7BW1,refmac,0.2838,0.3121
7BW1,phenix,0.2902,0.3381
7BW1,torchref,0.2821,0.3128
7C7E,prediction,0.5132,0.5442
7C7E,refmac,0.4055,0.4831
7C7E,phenix,0.4111,0.4787
7C7E,torchref,0.3981,0.4779
7CFD,prediction,0.4903,0.4865
7CFD,refmac,0.3746,0.4417
7CFD,phenix,0.4358,0.519
7CFD,torchref,0.3326,0.4282
7CWW,prediction,0.495,0.4826
7CWW,refmac,0.3091,0.3673
7CWW,phenix,0.3148,0.3605
7CWW,torchref,0.2692,0.3283
7D86,prediction,0.4556,0.3977
7D86,refmac,0.3145,0.342
7D86,phenix,0.3345,0.3657
7D86,torchref,0.297,0.3377
7DUF,prediction,0.5054,0.5106
7DUF,refmac,0.5176,0.524
7DUF,phenix,0.4417,0.5048
7DUF,torchref,0.4294,0.4935
7DVN,prediction,0.5798,0.555
7DVN,refmac,0.5509,0.565
7DVN,torchref,0.5702,0.5454
7E2E,prediction,0.4812,0.4791
7E2E,refmac,0.3929,0.4836
7E2E,phenix,0.37,0.4948
7E2E,torchref,0.354,0.4448
7EWF,prediction,0.4844,0.4352
7EWF,refmac,0.3241,0.3797
7EWF,phenix,0.3369,0.3849
7EWF,torchref,0.3283,0.3462
7F9K,prediction,0.4967,0.4876
7F9K,refmac,0.4295,0.4697
7F9K,phenix,0.3575,0.4199
7F9K,torchref,0.4163,0.4631
7F9M,prediction,0.433,0.4134
7F9M,refmac,0.2721,0.3059
7F9M,phenix,0.3206,0.3616
7F9M,torchref,0.2901,0.3502
7FHR,prediction,0.427,0.4281
7FHR,refmac,0.265,0.3043
7FHR,phenix,0.2778,0.3197
7FHR,torchref,0.2557,0.3194
7JI4,prediction,0.4435,0.4448
7JI4,refmac,0.3408,0.3635
7JI4,phenix,0.3632,0.353
7JI4,torchref,0.3344,0.4072
7JN9,prediction,0.5789,0.5246
7JN9,refmac,0.5583,0.5486
7JN9,phenix,0.5643,0.5816
7JN9,torchref,0.5539,0.5398
7K3J,prediction,0.4002,0.3604
7K3J,refmac,0.2921,0.336
7K3J,phenix,0.4129,0.4878
7K3J,torchref,0.2867,0.34
7KQ0,prediction,0.3866,0.4
7KQ0,refmac,0.2747,0.3461
7KQ0,phenix,0.2797,0.3426
7KQ0,torchref,0.266,0.3571
7LF4,prediction,0.4034,0.4386
7LF4,refmac,0.2617,0.3259
7LF4,phenix,0.2778,0.323
7LF4,torchref,0.2933,0.3297
