structure,device,n_threads,torchref_mean,torchref_min,torchref_max,torchref_speedup,torchref_efficiency,torchref_fwd_graph_mean,torchref_fwd_graph_min,torchref_fwd_graph_max,torchref_fwd_graph_speedup,torchref_bwd_only_mean,torchref_bwd_only_min,torchref_bwd_only_max,torchref_bwd_only_speedup,torchref_fwd_bwd_mean,torchref_fwd_bwd_min,torchref_fwd_bwd_max,torchref_fwd_bwd_speedup,cctbx_mean,cctbx_min,cctbx_max,cctbx_speedup,cctbx_efficiency,n_iterations,n_atoms,n_reflections,d_min
1DAW,cpu,1,0.065044,0.061334,0.069712,1.000,1.000,0.064609,0.062205,0.070679,1.000,0.080602,0.077359,0.082764,1.000,0.145362,0.141478,0.150245,1.000,0.046975,0.046248,0.047760,1.000,1.000,10,3051,23356,2.050076961517334
1DAW,cpu,2,0.059198,0.058144,0.062600,1.099,0.549,0.058733,0.057607,0.060069,1.100,0.040484,0.039530,0.041998,1.991,0.097945,0.096265,0.100774,1.484,0.044940,0.044705,0.045430,1.045,0.523,10,3051,23356,2.050076961517334
1DAW,cpu,4,0.049798,0.048143,0.053011,1.306,0.327,0.049480,0.047991,0.050994,1.306,0.024179,0.022526,0.025081,3.334,0.074155,0.072670,0.078107,1.960,0.045093,0.044852,0.045763,1.042,0.260,10,3051,23356,2.050076961517334
1DAW,cpu,8,0.028251,0.027553,0.029279,2.302,0.288,0.027895,0.027353,0.028700,2.316,0.014190,0.013523,0.015346,5.680,0.042554,0.041820,0.044122,3.416,0.044958,0.044735,0.045971,1.045,0.131,10,3051,23356,2.050076961517334
1DAW,cpu,16,0.019310,0.017650,0.020584,3.368,0.211,0.019188,0.017898,0.020186,3.367,0.009901,0.009051,0.010968,8.141,0.028588,0.027210,0.030929,5.085,0.045372,0.044769,0.046027,1.035,0.065,10,3051,23356,2.050076961517334
1DAW,cpu,32,0.011285,0.011059,0.011732,5.764,0.180,0.011544,0.011077,0.012535,5.597,0.007523,0.006820,0.008645,10.714,0.020643,0.018210,0.022947,7.042,0.044874,0.044580,0.045877,1.047,0.033,10,3051,23356,2.050076961517334
2DQ6,cpu,1,0.500567,0.498813,0.505083,1.000,1.000,0.500323,0.497259,0.507114,1.000,0.559741,0.554590,0.567586,1.000,1.064410,1.057971,1.073913,1.000,0.487878,0.482835,0.491345,1.000,1.000,10,8066,228276,1.5000840425491333
2DQ6,cpu,2,0.300203,0.291754,0.311064,1.667,0.834,0.292110,0.290540,0.294564,1.713,0.291847,0.288685,0.297105,1.918,0.583002,0.581094,0.585700,1.826,0.465199,0.463412,0.468403,1.049,0.524,10,8066,228276,1.5000840425491333
2DQ6,cpu,4,0.175996,0.175266,0.176669,2.844,0.711,0.178609,0.177284,0.179577,2.801,0.164186,0.162483,0.167919,3.409,0.342814,0.339791,0.348018,3.105,0.491489,0.487987,0.498483,0.993,0.248,10,8066,228276,1.5000840425491333
2DQ6,cpu,8,0.097615,0.096125,0.098804,5.128,0.641,0.096412,0.095319,0.098706,5.189,0.098477,0.093556,0.107729,5.684,0.192580,0.188548,0.196201,5.527,0.467262,0.464575,0.471699,1.044,0.131,10,8066,228276,1.5000840425491333
2DQ6,cpu,16,0.060422,0.059016,0.062216,8.284,0.518,0.057633,0.056319,0.058671,8.681,0.063941,0.061369,0.069195,8.754,0.123152,0.116369,0.135700,8.643,0.486635,0.481398,0.493376,1.003,0.063,10,8066,228276,1.5000840425491333
2DQ6,cpu,32,0.042725,0.041870,0.043441,11.716,0.366,0.041763,0.041405,0.042413,11.980,0.048584,0.045699,0.053758,11.521,0.087383,0.083990,0.099675,12.181,0.471394,0.466894,0.476511,1.035,0.032,10,8066,228276,1.5000840425491333
3A5V,cpu,1,0.167671,0.166172,0.171122,1.000,1.000,0.167673,0.166922,0.168293,1.000,0.169544,0.168093,0.171144,1.000,0.338278,0.336217,0.339722,1.000,0.175007,0.173349,0.176313,1.000,1.000,10,3896,45408,2.0000617504119873
3A5V,cpu,2,0.111458,0.110558,0.113393,1.504,0.752,0.110834,0.110065,0.111739,1.513,0.094116,0.092527,0.096021,1.801,0.203565,0.202354,0.204778,1.662,0.176255,0.172087,0.179492,0.993,0.496,10,3896,45408,2.0000617504119873
3A5V,cpu,4,0.073864,0.073329,0.075659,2.270,0.568,0.076709,0.073312,0.084993,2.186,0.058808,0.055687,0.062070,2.883,0.133538,0.130044,0.141063,2.533,0.178207,0.174256,0.182296,0.982,0.246,10,3896,45408,2.0000617504119873
3A5V,cpu,8,0.052196,0.051147,0.053481,3.212,0.402,0.050531,0.050246,0.050917,3.318,0.037401,0.036362,0.039368,4.533,0.085695,0.083545,0.086785,3.947,0.176252,0.174128,0.179188,0.993,0.124,10,3896,45408,2.0000617504119873
3A5V,cpu,16,0.036680,0.035033,0.044418,4.571,0.286,0.034344,0.033954,0.035756,4.882,0.030358,0.029388,0.032764,5.585,0.059134,0.057182,0.060841,5.721,0.175473,0.173930,0.176682,0.997,0.062,10,3896,45408,2.0000617504119873
3A5V,cpu,32,0.023669,0.021930,0.033217,7.084,0.221,0.021624,0.021179,0.022501,7.754,0.022690,0.022019,0.023863,7.472,0.044036,0.042721,0.046132,7.682,0.172021,0.170607,0.173695,1.017,0.032,10,3896,45408,2.0000617504119873
3E98,cpu,1,0.043711,0.043436,0.044149,1.000,1.000,0.043845,0.042252,0.045179,1.000,0.051376,0.050038,0.052034,1.000,0.094765,0.092754,0.096907,1.000,0.030708,0.030484,0.030904,1.000,1.000,10,2791,20486,2.4300224781036377
3E98,cpu,2,0.035187,0.034903,0.035896,1.242,0.621,0.033904,0.033458,0.035467,1.293,0.026360,0.025486,0.027272,1.949,0.061289,0.060200,0.062875,1.546,0.028292,0.028203,0.028444,1.085,0.543,10,2791,20486,2.4300224781036377
3E98,cpu,4,0.019164,0.018033,0.021828,2.281,0.570,0.019158,0.018093,0.019607,2.289,0.014881,0.014646,0.015658,3.452,0.034794,0.033881,0.036303,2.724,0.028392,0.028273,0.028793,1.082,0.270,10,2791,20486,2.4300224781036377
3E98,cpu,8,0.013337,0.013233,0.013420,3.278,0.410,0.012371,0.012242,0.012938,3.544,0.008473,0.008144,0.009340,6.064,0.021238,0.020538,0.022806,4.462,0.028238,0.028166,0.028365,1.087,0.136,10,2791,20486,2.4300224781036377
3E98,cpu,16,0.009675,0.008990,0.010623,4.518,0.282,0.009488,0.008798,0.010938,4.621,0.006646,0.006371,0.007787,7.731,0.016680,0.015210,0.019074,5.682,0.031250,0.030407,0.032595,0.983,0.061,10,2791,20486,2.4300224781036377
3E98,cpu,32,0.007027,0.006508,0.008533,6.220,0.194,0.006522,0.006465,0.006606,6.723,0.004621,0.004065,0.005382,11.118,0.011155,0.010483,0.012789,8.496,0.028329,0.028263,0.028374,1.084,0.034,10,2791,20486,2.4300224781036377
3GR5,cpu,1,0.070271,0.069554,0.072114,1.000,1.000,0.065272,0.064925,0.065574,1.000,0.067664,0.062122,0.077039,1.000,0.136338,0.121390,0.148568,1.000,0.058457,0.056380,0.063027,1.000,1.000,10,1329,20942,2.0505518913269043
3GR5,cpu,2,0.050386,0.049991,0.050963,1.395,0.697,0.048333,0.047850,0.048656,1.350,0.038431,0.035188,0.041257,1.761,0.088161,0.079953,0.096180,1.546,0.060343,0.059690,0.060981,0.969,0.484,10,1329,20942,2.0505518913269043
3GR5,cpu,4,0.029449,0.027514,0.041055,2.386,0.597,0.025830,0.025719,0.025956,2.527,0.020836,0.019612,0.024262,3.247,0.047364,0.042760,0.052293,2.878,0.056950,0.056439,0.057844,1.026,0.257,10,1329,20942,2.0505518913269043
3GR5,cpu,8,0.017878,0.017795,0.017996,3.931,0.491,0.016666,0.016553,0.016762,3.916,0.014890,0.013536,0.016951,4.544,0.030367,0.028063,0.036073,4.490,0.056988,0.055638,0.061052,1.026,0.128,10,1329,20942,2.0505518913269043
3GR5,cpu,16,0.013500,0.013345,0.013753,5.205,0.325,0.011531,0.010648,0.013364,5.661,0.011065,0.009627,0.012919,6.115,0.022178,0.019673,0.025741,6.147,0.059089,0.058066,0.061772,0.989,0.062,10,1329,20942,2.0505518913269043
3GR5,cpu,32,0.009660,0.009526,0.009874,7.275,0.227,0.008886,0.008751,0.009247,7.346,0.010386,0.009259,0.015147,6.515,0.018160,0.014684,0.020537,7.508,0.057218,0.056168,0.059109,1.022,0.032,10,1329,20942,2.0505518913269043
3K7M,cpu,1,0.320759,0.319748,0.322581,1.000,1.000,0.321292,0.319809,0.326269,1.000,0.327875,0.325540,0.330494,1.000,0.650084,0.646692,0.654032,1.000,0.340458,0.337930,0.342771,1.000,1.000,10,4048,55080,1.9523898363113403
3K7M,cpu,2,0.202884,0.201659,0.207870,1.581,0.790,0.202950,0.202084,0.204283,1.583,0.180404,0.178700,0.183492,1.817,0.386415,0.383928,0.388586,1.682,0.339867,0.338465,0.343421,1.002,0.501,10,4048,55080,1.9523898363113403
3K7M,cpu,4,0.122084,0.117952,0.126539,2.627,0.657,0.121381,0.118574,0.122786,2.647,0.111195,0.109716,0.112735,2.949,0.233287,0.230217,0.236397,2.787,0.350384,0.346851,0.352947,0.972,0.243,10,4048,55080,1.9523898363113403
3K7M,cpu,8,0.080449,0.078562,0.082304,3.987,0.498,0.081118,0.079439,0.082768,3.961,0.076023,0.069889,0.082483,4.313,0.159764,0.155150,0.164230,4.069,0.339126,0.335720,0.343573,1.004,0.125,10,4048,55080,1.9523898363113403
3K7M,cpu,16,0.056701,0.053606,0.060747,5.657,0.354,0.055559,0.053485,0.057370,5.783,0.061014,0.056252,0.067072,5.374,0.105811,0.103225,0.109605,6.144,0.340538,0.338746,0.344932,1.000,0.062,10,4048,55080,1.9523898363113403
3K7M,cpu,32,0.043658,0.042622,0.045158,7.347,0.230,0.043030,0.042001,0.045898,7.467,0.053907,0.052327,0.056391,6.082,0.088228,0.087065,0.090487,7.368,0.338621,0.335393,0.341179,1.005,0.031,10,4048,55080,1.9523898363113403
3VRJ,cpu,1,0.067202,0.065695,0.069408,1.000,1.000,0.067696,0.066310,0.069704,1.000,0.081368,0.079706,0.085793,1.000,0.148672,0.146231,0.151097,1.000,0.045788,0.045119,0.046753,1.000,1.000,10,3609,34613,1.900006651878357
3VRJ,cpu,2,0.055353,0.054230,0.056174,1.214,0.607,0.054533,0.053775,0.055315,1.241,0.040652,0.040039,0.041423,2.002,0.096562,0.095545,0.099592,1.540,0.044265,0.043676,0.045926,1.034,0.517,10,3609,34613,1.900006651878357
3VRJ,cpu,4,0.031240,0.030216,0.032428,2.151,0.538,0.031275,0.030319,0.033659,2.165,0.022984,0.022112,0.024437,3.540,0.056329,0.055061,0.060821,2.639,0.044308,0.043978,0.045679,1.033,0.258,10,3609,34613,1.900006651878357
3VRJ,cpu,8,0.020247,0.019265,0.021087,3.319,0.415,0.019768,0.019054,0.020919,3.425,0.012959,0.012610,0.013320,6.279,0.033336,0.031966,0.037396,4.460,0.044194,0.043819,0.045267,1.036,0.130,10,3609,34613,1.900006651878357
3VRJ,cpu,16,0.011277,0.010315,0.012952,5.959,0.372,0.012009,0.010834,0.012947,5.637,0.008624,0.007763,0.009546,9.435,0.019402,0.018439,0.020649,7.663,0.044266,0.043871,0.046090,1.034,0.065,10,3609,34613,1.900006651878357
3VRJ,cpu,32,0.009301,0.007933,0.010553,7.225,0.226,0.008328,0.007902,0.009552,8.129,0.006738,0.005986,0.007447,12.076,0.015428,0.014196,0.017975,9.637,0.043979,0.043841,0.044281,1.041,0.033,10,3609,34613,1.900006651878357
4BX9,cpu,1,0.267705,0.264695,0.272377,1.000,1.000,0.267696,0.262711,0.273523,1.000,0.520550,0.513678,0.525957,1.000,0.788904,0.777703,0.798376,1.000,0.335142,0.331703,0.339170,1.000,1.000,10,10193,68468,2.6000428199768066
4BX9,cpu,2,0.209260,0.206401,0.218310,1.279,0.640,0.209106,0.206670,0.212385,1.280,0.285887,0.283488,0.288356,1.821,0.497142,0.493072,0.500726,1.587,0.325169,0.323279,0.329539,1.031,0.515,10,10193,68468,2.6000428199768066
4BX9,cpu,4,0.126190,0.125041,0.126686,2.121,0.530,0.129281,0.125150,0.134556,2.071,0.154350,0.149747,0.157363,3.373,0.282803,0.277625,0.286734,2.790,0.317239,0.314347,0.327520,1.056,0.264,10,10193,68468,2.6000428199768066
4BX9,cpu,8,0.073536,0.071946,0.077696,3.640,0.455,0.075237,0.072069,0.081278,3.558,0.085437,0.084566,0.087201,6.093,0.158955,0.154241,0.170300,4.963,0.335548,0.333011,0.337768,0.999,0.125,10,10193,68468,2.6000428199768066
4BX9,cpu,16,0.046251,0.045602,0.046893,5.788,0.362,0.044454,0.043878,0.044940,6.022,0.055509,0.053771,0.061114,9.378,0.098560,0.097455,0.099990,8.004,0.320113,0.318270,0.325148,1.047,0.065,10,10193,68468,2.6000428199768066
4BX9,cpu,32,0.030220,0.029361,0.031713,8.858,0.277,0.030369,0.029197,0.037738,8.815,0.040767,0.039687,0.042915,12.769,0.069123,0.066592,0.070908,11.413,0.314939,0.311649,0.324192,1.064,0.033,10,10193,68468,2.6000428199768066
5BOV,cpu,1,0.332193,0.329713,0.335842,1.000,1.000,0.329002,0.324744,0.334275,1.000,0.706631,0.703020,0.712207,1.000,1.039894,1.026608,1.072901,1.000,0.274366,0.271368,0.281490,1.000,1.000,10,11415,150946,1.6000229120254517
5BOV,cpu,2,0.188905,0.185766,0.192537,1.759,0.879,0.190283,0.186739,0.193251,1.729,0.380458,0.377140,0.383837,1.857,0.567774,0.560665,0.575398,1.832,0.273489,0.272213,0.275068,1.003,0.502,10,11415,150946,1.6000229120254517
5BOV,cpu,4,0.107399,0.104896,0.118379,3.093,0.773,0.105462,0.103001,0.107406,3.120,0.221599,0.219780,0.223558,3.189,0.327144,0.321745,0.335941,3.179,0.274875,0.272168,0.282210,0.998,0.250,10,11415,150946,1.6000229120254517
5BOV,cpu,8,0.060213,0.058936,0.061711,5.517,0.690,0.061750,0.058466,0.076878,5.328,0.115677,0.114294,0.117955,6.109,0.175377,0.172506,0.186491,5.929,0.291427,0.287898,0.303357,0.941,0.118,10,11415,150946,1.6000229120254517
5BOV,cpu,16,0.034041,0.032955,0.035349,9.759,0.610,0.033361,0.032050,0.035648,9.862,0.069543,0.067711,0.073646,10.161,0.103206,0.100977,0.106849,10.076,0.270471,0.269102,0.271600,1.014,0.063,10,11415,150946,1.6000229120254517
5BOV,cpu,32,0.023716,0.022851,0.025515,14.007,0.438,0.022536,0.021297,0.024918,14.599,0.042379,0.041482,0.043573,16.674,0.066928,0.064065,0.073040,15.537,0.272455,0.270134,0.276913,1.007,0.031,10,11415,150946,1.6000229120254517
6G9X,cpu,1,0.206902,0.205606,0.210798,1.000,1.000,0.207387,0.205476,0.213626,1.000,0.464130,0.460978,0.467950,1.000,0.677949,0.671130,0.687421,1.000,0.272875,0.272048,0.275374,1.000,1.000,10,5932,62293,2.301983118057251
6G9X,cpu,2,0.115135,0.114641,0.115758,1.797,0.899,0.119886,0.118695,0.121944,1.730,0.245899,0.241108,0.255487,1.887,0.361583,0.355839,0.369513,1.875,0.275347,0.271780,0.284865,0.991,0.496,10,5932,62293,2.301983118057251
6G9X,cpu,4,0.083323,0.082254,0.085528,2.483,0.621,0.085571,0.083556,0.092261,2.424,0.167321,0.165313,0.169278,2.774,0.253374,0.250543,0.255858,2.676,0.295060,0.286848,0.305575,0.925,0.231,10,5932,62293,2.301983118057251
6G9X,cpu,8,0.044955,0.044617,0.045277,4.602,0.575,0.045381,0.044685,0.047322,4.570,0.086823,0.085046,0.088883,5.346,0.133594,0.129502,0.138085,5.075,0.274392,0.273200,0.277783,0.994,0.124,10,5932,62293,2.301983118057251
6G9X,cpu,16,0.031886,0.029873,0.033760,6.489,0.406,0.030209,0.029231,0.031605,6.865,0.055838,0.053880,0.056965,8.312,0.087184,0.084834,0.089514,7.776,0.276835,0.273674,0.282437,0.986,0.062,10,5932,62293,2.301983118057251
6G9X,cpu,32,0.020137,0.019927,0.020554,10.275,0.321,0.020791,0.020001,0.022267,9.975,0.039095,0.037838,0.040419,11.872,0.059274,0.057498,0.061377,11.438,0.276078,0.273421,0.282247,0.988,0.031,10,5932,62293,2.301983118057251
1DAW,gpu,0,0.000716,0.000682,0.000787,90.797,,0.000714,0.000655,0.000806,90.436,0.000813,0.000679,0.001251,99.186,0.001515,0.001350,0.001758,95.980,,,,,,10,3051,23356,2.050076961517334
2DQ6,gpu,0,0.002627,0.002608,0.002683,190.582,,0.002638,0.002614,0.002752,189.671,0.003014,0.002934,0.003060,185.697,0.005500,0.005464,0.005575,193.538,,,,,,10,8066,228276,1.5000840425491333
3A5V,gpu,0,0.001336,0.001222,0.001824,125.548,,0.001365,0.001307,0.001456,122.865,0.001374,0.001284,0.001445,123.355,0.002506,0.002364,0.002598,134.989,,,,,,10,3896,45408,2.0000617504119873
3E98,gpu,0,0.000552,0.000542,0.000568,79.218,,0.000572,0.000564,0.000576,76.622,0.000624,0.000592,0.000768,82.326,0.001217,0.001187,0.001265,77.864,,,,,,10,2791,20486,2.4300224781036377
3GR5,gpu,0,0.000790,0.000781,0.000813,88.978,,0.000819,0.000791,0.000856,79.661,0.000892,0.000818,0.000963,75.844,0.001595,0.001524,0.001762,85.466,,,,,,10,1329,20942,2.0505521297454834
3K7M,gpu,0,0.001917,0.001907,0.001935,167.296,,0.001947,0.001913,0.002044,164.998,0.002079,0.001990,0.002174,157.735,0.003877,0.003851,0.003955,167.658,,,,,,10,4048,55080,1.9523898363113403
3VRJ,gpu,0,0.000628,0.000617,0.000648,107.039,,0.000629,0.000622,0.000638,107.687,0.000943,0.000779,0.001026,86.261,0.001401,0.001297,0.001565,106.124,,,,,,10,3609,34613,1.9000064134597778
4BX9,gpu,0,0.002570,0.002489,0.002818,104.156,,0.002540,0.002508,0.002637,105.375,0.002807,0.002681,0.003133,185.447,0.005153,0.005101,0.005379,153.084,,,,,,10,10193,68468,2.6000428199768066
5BOV,gpu,0,0.002342,0.002316,0.002364,141.848,,0.002398,0.002339,0.002580,137.205,0.003256,0.003218,0.003320,217.039,0.005426,0.005382,0.005547,191.651,,,,,,10,11415,150946,1.6000231504440308
6G9X,gpu,0,0.002107,0.002090,0.002136,98.204,,0.002139,0.002115,0.002240,96.943,0.002268,0.002175,0.002304,204.652,0.004251,0.004205,0.004381,159.479,,,,,,10,5932,62293,2.301983118057251
